scenario_id,timestamp_min,oxidation_state,oxidation_rate,internal_temperature,heat_generation,heat_loss,deep_core_temperature,middle_core_temperature,near_surface_temperature
S01,0,0.001024,2.4e-05,28.5039,0.001913,0.004505,28.5039,28.1914,28.0581
S01,1,0.001049,2.4e-05,28.5205,0.001913,0.004506,28.5205,28.1739,28.0455
S01,2,0.001073,2.4e-05,28.5208,0.001915,0.004511,28.5208,28.1728,28.0459
S01,3,0.001098,2.4e-05,28.5016,0.001915,0.004512,28.5016,28.1836,28.0542
S01,4,0.001122,2.4e-05,28.5007,0.001913,0.004509,28.5007,28.1967,28.0594
S01,5,0.001147,2.4e-05,28.4813,0.001913,0.00451,28.4813,28.2021,28.0504
S01,6,0.001171,2.4e-05,28.4967,0.001912,0.004507,28.4967,28.2034,28.0492
S01,7,0.001196,2.4e-05,28.4808,0.001913,0.004511,28.4808,28.2173,28.0483
S01,8,0.00122,2.4e-05,28.4701,0.001911,0.004509,28.4701,28.2153,28.0543
S01,9,0.001245,2.4e-05,28.4752,0.001911,0.004507,28.4752,28.221,28.0593
S01,10,0.001269,2.4e-05,28.5158,0.001911,0.004509,28.5158,28.2187,28.0548
S01,11,0.001294,2.4e-05,28.4973,0.001914,0.004518,28.4973,28.2265,28.0668
S01,12,0.001318,2.4e-05,28.4928,0.001913,0.004515,28.4928,28.2197,28.0591
S01,13,0.001343,2.4e-05,28.5036,0.001912,0.004515,28.5036,28.2289,28.0652
S01,14,0.001367,2.4e-05,28.4881,0.001913,0.004518,28.4881,28.2327,28.0671
S01,15,0.001391,2.4e-05,28.4902,0.001912,0.004516,28.4902,28.243,28.07
S01,16,0.001416,2.4e-05,28.5016,0.001912,0.004517,28.5016,28.2452,28.0736
S01,17,0.00144,2.4e-05,28.512,0.001913,0.00452,28.512,28.2322,28.071
S01,18,0.001465,2.4e-05,28.5004,0.001913,0.004522,28.5004,28.2275,28.0689
S01,19,0.001489,2.4e-05,28.5281,0.001912,0.004521,28.5281,28.2206,28.0792
S01,20,0.001514,2.4e-05,28.4922,0.001915,0.004527,28.4922,28.2189,28.0814
S01,21,0.001538,2.4e-05,28.5017,0.001912,0.00452,28.5017,28.2277,28.0899
S01,22,0.001563,2.4e-05,28.4925,0.001912,0.004523,28.4925,28.2247,28.099
S01,23,0.001587,2.4e-05,28.4865,0.001912,0.004521,28.4865,28.2135,28.0882
S01,24,0.001612,2.4e-05,28.4659,0.001911,0.00452,28.4659,28.22,28.0901
S01,25,0.001636,2.4e-05,28.4775,0.001909,0.004517,28.4775,28.2172,28.0922
S01,26,0.001661,2.4e-05,28.4877,0.00191,0.00452,28.4877,28.2158,28.0973
S01,27,0.001685,2.4e-05,28.4723,0.001911,0.004522,28.4723,28.2137,28.0939
S01,28,0.001709,2.4e-05,28.4462,0.00191,0.004519,28.4462,28.2199,28.0897
S01,29,0.001734,2.4e-05,28.4442,0.001907,0.004514,28.4442,28.2261,28.0947
S01,30,0.001758,2.4e-05,28.4553,0.001907,0.004514,28.4553,28.2265,28.091
S01,31,0.001783,2.4e-05,28.4515,0.001908,0.004517,28.4515,28.211,28.077
S01,32,0.001807,2.4e-05,28.4228,0.001908,0.004516,28.4228,28.2023,28.0815
S01,33,0.001832,2.4e-05,28.4025,0.001905,0.004511,28.4025,28.1997,28.095
S01,34,0.001856,2.4e-05,28.3931,0.001904,0.004507,28.3931,28.2082,28.0861
S01,35,0.00188,2.4e-05,28.3868,0.001903,0.004505,28.3868,28.1998,28.0832
S01,36,0.001905,2.4e-05,28.4014,0.001902,0.004504,28.4014,28.1837,28.0879
S01,37,0.001929,2.4e-05,28.4039,0.001903,0.004507,28.4039,28.1791,28.0738
S01,38,0.001954,2.4e-05,28.4032,0.001903,0.004507,28.4032,28.1752,28.0766
S01,39,0.001978,2.4e-05,28.4014,0.001903,0.004507,28.4014,28.1925,28.0746
S01,40,0.002002,2.4e-05,28.3787,0.001903,0.004507,28.3787,28.1954,28.0773
S01,41,0.002027,2.4e-05,28.4037,0.001901,0.004502,28.4037,28.205,28.0814
S01,42,0.002051,2.4e-05,28.4307,0.001903,0.004507,28.4307,28.1945,28.0754
S01,43,0.002076,2.4e-05,28.41,0.001904,0.004513,28.41,28.1919,28.0621
S01,44,0.0021,2.4e-05,28.4205,0.001903,0.004508,28.4205,28.191,28.048
S01,45,0.002125,2.4e-05,28.398,0.001903,0.00451,28.398,28.1954,28.0569
S01,46,0.002149,2.4e-05,28.4357,0.001902,0.004506,28.4357,28.226,28.0617
S01,47,0.002173,2.4e-05,28.4137,0.001904,0.004513,28.4137,28.2058,28.065
S01,48,0.002198,2.4e-05,28.3952,0.001902,0.004508,28.3952,28.2028,28.0594
S01,49,0.002222,2.4e-05,28.3902,0.001901,0.004504,28.3902,28.2146,28.0616
S01,50,0.002247,2.4e-05,28.3848,0.0019,0.004503,28.3848,28.2052,28.0454
S01,51,0.002271,2.4e-05,28.3728,0.0019,0.004502,28.3728,28.2057,28.0638
S01,52,0.002295,2.4e-05,28.3732,0.001899,0.004499,28.3732,28.2165,28.0594
S01,53,0.00232,2.4e-05,28.3473,0.001898,0.004499,28.3473,28.2077,28.0527
S01,54,0.002344,2.4e-05,28.3877,0.001896,0.004493,28.3877,28.2005,28.0617
S01,55,0.002369,2.4e-05,28.3674,0.001899,0.004501,28.3674,28.2109,28.0662
S01,56,0.002393,2.4e-05,28.3621,0.001897,0.004496,28.3621,28.2114,28.0602
S01,57,0.002417,2.4e-05,28.3688,0.001897,0.004495,28.3688,28.2078,28.0485
S01,58,0.002442,2.4e-05,28.341,0.001897,0.004496,28.341,28.2103,28.065
S01,59,0.002466,2.4e-05,28.342,0.001895,0.00449,28.342,28.2099,28.0684
S01,60,0.00249,2.4e-05,28.3659,0.001895,0.004489,28.3659,28.213,28.0649
S01,61,0.002515,2.4e-05,28.3858,0.001896,0.004493,28.3858,28.2183,28.0808
S01,62,0.002539,2.4e-05,28.3873,0.001898,0.004497,28.3873,28.2071,28.0677
S01,63,0.002564,2.4e-05,28.4181,0.001897,0.004497,28.4181,28.2256,28.0665
S01,64,0.002588,2.4e-05,28.4082,0.0019,0.004502,28.4082,28.2413,28.0561
S01,65,0.002612,2.4e-05,28.3881,0.001899,0.004499,28.3881,28.2486,28.0529
S01,66,0.002637,2.4e-05,28.3858,0.001897,0.004495,28.3858,28.2478,28.0571
S01,67,0.002661,2.4e-05,28.4118,0.001896,0.004493,28.4118,28.2497,28.0643
S01,68,0.002686,2.4e-05,28.3686,0.001898,0.004498,28.3686,28.2499,28.0566
S01,69,0.00271,2.4e-05,28.342,0.001895,0.004488,28.342,28.2417,28.054
S01,70,0.002734,2.4e-05,28.3581,0.001892,0.004482,28.3581,28.2291,28.055
S01,71,0.002759,2.4e-05,28.3462,0.001893,0.004485,28.3462,28.2266,28.0657
S01,72,0.002783,2.4e-05,28.3548,0.001892,0.004481,28.3548,28.2407,28.0649
S01,73,0.002808,2.4e-05,28.3386,0.001893,0.004482,28.3386,28.2391,28.068
S01,74,0.002832,2.4e-05,28.34,0.001891,0.004478,28.34,28.2288,28.0696
S01,75,0.002856,2.4e-05,28.3423,0.001891,0.004477,28.3423,28.2547,28.0891
S01,76,0.002881,2.4e-05,28.3231,0.001891,0.004477,28.3231,28.2522,28.0751
S01,77,0.002905,2.4e-05,28.3091,0.001889,0.004472,28.3091,28.2557,28.0879
S01,78,0.002929,2.4e-05,28.2923,0.001888,0.004468,28.2923,28.2494,28.067
S01,79,0.002954,2.4e-05,28.2869,0.001886,0.004463,28.2869,28.239,28.0624
S01,80,0.002978,2.4e-05,28.2671,0.001886,0.004461,28.2671,28.2382,28.0456
S01,81,0.003002,2.4e-05,28.2356,0.001884,0.004456,28.2356,28.2595,28.0335
S01,82,0.003027,2.4e-05,28.2115,0.001881,0.004449,28.2115,28.2776,28.0636
S01,83,0.003051,2.4e-05,28.1859,0.001879,0.004443,28.1859,28.2733,28.0678
S01,84,0.003075,2.4e-05,28.2183,0.001877,0.004436,28.2183,28.2631,28.0662
S01,85,0.0031,2.4e-05,28.2316,0.001879,0.004442,28.2316,28.2673,28.0632
S01,86,0.003124,2.4e-05,28.2268,0.00188,0.004443,28.2268,28.2533,28.0616
S01,87,0.003148,2.4e-05,28.2193,0.001879,0.004441,28.2193,28.2554,28.0568
S01,88,0.003173,2.4e-05,28.2265,0.001878,0.004438,28.2265,28.2654,28.0592
S01,89,0.003197,2.4e-05,28.2314,0.001878,0.004438,28.2314,28.2657,28.06
S01,90,0.003221,2.4e-05,28.2148,0.001878,0.004438,28.2148,28.2686,28.0599
S01,91,0.003245,2.4e-05,28.2545,0.001877,0.004433,28.2545,28.2842,28.0646
S01,92,0.00327,2.4e-05,28.237,0.00188,0.004439,28.237,28.2728,28.0774
S01,93,0.003294,2.4e-05,28.2401,0.001878,0.004434,28.2401,28.2774,28.0607
S01,94,0.003318,2.4e-05,28.2565,0.001878,0.004433,28.2565,28.2818,28.0505
S01,95,0.003343,2.4e-05,28.2449,0.001879,0.004435,28.2449,28.2842,28.052
S01,96,0.003367,2.4e-05,28.2369,0.001878,0.004431,28.2369,28.2829,28.0504
S01,97,0.003391,2.4e-05,28.2378,0.001877,0.004428,28.2378,28.2974,28.0257
S01,98,0.003416,2.4e-05,28.2309,0.001876,0.004427,28.2309,28.2987,28.0298
S01,99,0.00344,2.4e-05,28.2213,0.001876,0.004424,28.2213,28.2807,28.034
S01,100,0.003464,2.4e-05,28.2536,0.001874,0.00442,28.2536,28.2652,28.0436
S01,101,0.003489,2.4e-05,28.2449,0.001877,0.004425,28.2449,28.2645,28.034
S01,102,0.003513,2.4e-05,28.236,0.001876,0.004421,28.236,28.2773,28.0408
S01,103,0.003537,2.4e-05,28.2685,0.001875,0.004418,28.2685,28.289,28.0461
S01,104,0.003562,2.4e-05,28.3012,0.001877,0.004423,28.3012,28.2935,28.0554
S01,105,0.003586,2.4e-05,28.2931,0.001879,0.004427,28.2931,28.2941,28.0494
S01,106,0.00361,2.4e-05,28.3108,0.001878,0.004424,28.3108,28.2825,28.0581
S01,107,0.003635,2.4e-05,28.3048,0.001879,0.004426,28.3048,28.2943,28.0666
S01,108,0.003659,2.4e-05,28.339,0.001878,0.004423,28.339,28.3019,28.0518
S01,109,0.003683,2.4e-05,28.3355,0.00188,0.004427,28.3355,28.2904,28.0476
S01,110,0.003708,2.4e-05,28.3636,0.00188,0.004425,28.3636,28.2972,28.0416
S01,111,0.003732,2.4e-05,28.3412,0.001881,0.004429,28.3412,28.2978,28.0305
S01,112,0.003756,2.4e-05,28.3256,0.001879,0.004422,28.3256,28.3011,28.0431
S01,113,0.003781,2.4e-05,28.3356,0.001878,0.004417,28.3356,28.2784,28.0471
S01,114,0.003805,2.4e-05,28.3349,0.001878,0.004417,28.3349,28.2828,28.0642
S01,115,0.00383,2.4e-05,28.2915,0.001878,0.004415,28.2915,28.277,28.0709
S01,116,0.003854,2.4e-05,28.2577,0.001874,0.004404,28.2577,28.2916,28.0755
S01,117,0.003878,2.4e-05,28.2725,0.001871,0.004395,28.2725,28.2858,28.0845
S01,118,0.003903,2.4e-05,28.2917,0.001872,0.004396,28.2917,28.2882,28.0876
S01,119,0.003927,2.4e-05,28.2949,0.001873,0.004397,28.2949,28.2796,28.0869
S01,120,0.003951,2.4e-05,28.2898,0.001873,0.004396,28.2898,28.2835,28.0977
S01,121,0.003976,2.4e-05,28.2664,0.001872,0.004393,28.2664,28.2821,28.1133
S01,122,0.004,2.4e-05,28.2494,0.00187,0.004386,28.2494,28.2737,28.1159
S01,123,0.004024,2.4e-05,28.2642,0.001868,0.00438,28.2642,28.2737,28.1299
S01,124,0.004049,2.4e-05,28.2792,0.001869,0.004381,28.2792,28.2822,28.136
S01,125,0.004073,2.4e-05,28.3236,0.001869,0.004381,28.3236,28.2804,28.1166
S01,126,0.004097,2.4e-05,28.3535,0.001872,0.004388,28.3535,28.2763,28.1183
S01,127,0.004122,2.4e-05,28.3776,0.001874,0.004392,28.3776,28.2608,28.1063
S01,128,0.004146,2.4e-05,28.3434,0.001876,0.004394,28.3434,28.2534,28.1113
S01,129,0.00417,2.4e-05,28.3518,0.001873,0.004385,28.3518,28.2568,28.0978
S01,130,0.004195,2.4e-05,28.3034,0.001873,0.004384,28.3034,28.2576,28.0937
S01,131,0.004219,2.4e-05,28.3105,0.001869,0.004372,28.3105,28.2649,28.0958
S01,132,0.004244,2.4e-05,28.3236,0.001869,0.004371,28.3236,28.2676,28.1017
S01,133,0.004268,2.4e-05,28.3074,0.001869,0.004371,28.3074,28.266,28.1044
S01,134,0.004292,2.4e-05,28.3216,0.001868,0.004365,28.3216,28.2624,28.1102
S01,135,0.004317,2.4e-05,28.3142,0.001868,0.004365,28.3142,28.2615,28.1191
S01,136,0.004341,2.4e-05,28.2722,0.001867,0.004361,28.2722,28.2486,28.1048
S01,137,0.004365,2.4e-05,28.2234,0.001864,0.00435,28.2234,28.2417,28.1128
S01,138,0.00439,2.4e-05,28.2156,0.00186,0.004338,28.2156,28.2435,28.1243
S01,139,0.004414,2.4e-05,28.2401,0.001858,0.004333,28.2401,28.2428,28.1383
S01,140,0.004438,2.4e-05,28.2398,0.00186,0.004336,28.2398,28.2344,28.1327
S01,141,0.004463,2.4e-05,28.2081,0.001859,0.004333,28.2081,28.2254,28.1295
S01,142,0.004487,2.4e-05,28.2221,0.001857,0.004324,28.2221,28.2426,28.1161
S01,143,0.004511,2.4e-05,28.2278,0.001857,0.004324,28.2278,28.2321,28.1213
S01,144,0.004535,2.4e-05,28.2231,0.001857,0.004322,28.2231,28.2137,28.131
S01,145,0.00456,2.4e-05,28.2089,0.001856,0.004318,28.2089,28.2083,28.1206
S01,146,0.004584,2.4e-05,28.1938,0.001855,0.004312,28.1938,28.2125,28.1191
S01,147,0.004608,2.4e-05,28.1983,0.001853,0.004307,28.1983,28.2161,28.1327
S01,148,0.004633,2.4e-05,28.1893,0.001853,0.004305,28.1893,28.2011,28.1436
S01,149,0.004657,2.4e-05,28.1806,0.001852,0.0043,28.1806,28.2122,28.1477
S01,150,0.004681,2.4e-05,28.1759,0.001851,0.004295,28.1759,28.2154,28.1675
S01,151,0.004705,2.4e-05,28.2154,0.00185,0.004291,28.2154,28.2161,28.1693
S01,152,0.00473,2.4e-05,28.2348,0.001852,0.004296,28.2348,28.2078,28.1728
S01,153,0.004754,2.4e-05,28.2322,0.001853,0.004297,28.2322,28.2111,28.1646
S01,154,0.004778,2.4e-05,28.1984,0.001853,0.004293,28.1984,28.1903,28.1535
S01,155,0.004803,2.4e-05,28.1871,0.001849,0.004283,28.1871,28.1873,28.173
S01,156,0.004827,2.4e-05,28.2072,0.001848,0.004278,28.2072,28.1778,28.1765
S01,157,0.004851,2.4e-05,28.197,0.001849,0.004279,28.197,28.1751,28.1784
S01,158,0.004875,2.4e-05,28.2073,0.001848,0.004274,28.2073,28.1719,28.189
S01,159,0.0049,2.4e-05,28.1824,0.001848,0.004273,28.1824,28.172,28.2149
S01,160,0.004924,2.4e-05,28.1848,0.001846,0.004264,28.1848,28.1864,28.2157
S01,161,0.004948,2.4e-05,28.1943,0.001845,0.004262,28.1943,28.1859,28.2139
S01,162,0.004973,2.4e-05,28.1767,0.001846,0.00426,28.1767,28.1901,28.2053
S01,163,0.004997,2.4e-05,28.188,0.001844,0.004253,28.188,28.201,28.2089
S01,164,0.005021,2.4e-05,28.1802,0.001844,0.004252,28.1802,28.2054,28.2058
S01,165,0.005045,2.4e-05,28.1969,0.001843,0.004247,28.1969,28.187,28.2024
S01,166,0.00507,2.4e-05,28.155,0.001844,0.004247,28.155,28.1719,28.2159
S01,167,0.005094,2.4e-05,28.1709,0.00184,0.004236,28.1709,28.1647,28.2007
S01,168,0.005118,2.4e-05,28.1095,0.001841,0.004235,28.1095,28.1589,28.2247
S01,169,0.005143,2.4e-05,28.1162,0.001836,0.00422,28.1162,28.1531,28.2291
S01,170,0.005167,2.4e-05,28.083,0.001836,0.004218,28.083,28.1497,28.2298
S01,171,0.005191,2.4e-05,28.0792,0.001832,0.004208,28.0792,28.1572,28.2329
S01,172,0.005215,2.4e-05,28.0906,0.001832,0.004203,28.0906,28.1499,28.2416
S01,173,0.005239,2.4e-05,28.1211,0.001832,0.004202,28.1211,28.14,28.2323
S01,174,0.005264,2.4e-05,28.1458,0.001834,0.004205,28.1458,28.1381,28.2459
S01,175,0.005288,2.4e-05,28.135,0.001835,0.004206,28.135,28.1527,28.2469
S01,176,0.005312,2.4e-05,28.1381,0.001834,0.0042,28.1381,28.1682,28.243
S01,177,0.005336,2.4e-05,28.1173,0.001833,0.004197,28.1173,28.1634,28.2472
S01,178,0.005361,2.4e-05,28.084,0.001831,0.004189,28.084,28.1693,28.2415
S01,179,0.005385,2.4e-05,28.1049,0.001828,0.004179,28.1049,28.145,28.2332
S01,180,0.005409,2.4e-05,28.0692,0.001829,0.00418,28.0692,28.1363,28.2353
S01,181,0.005433,2.4e-05,28.0636,0.001826,0.004169,28.0636,28.1333,28.2333
S01,182,0.005458,2.4e-05,28.0657,0.001825,0.004164,28.0657,28.1228,28.2399
S01,183,0.005482,2.4e-05,28.077,0.001824,0.00416,28.077,28.1264,28.245
S01,184,0.005506,2.4e-05,28.0809,0.001825,0.004159,28.0809,28.1465,28.2438
S01,185,0.00553,2.4e-05,28.0728,0.001824,0.004156,28.0728,28.1385,28.233
S01,186,0.005554,2.4e-05,28.0459,0.001823,0.00415,28.0459,28.129,28.2319
S01,187,0.005579,2.4e-05,28.0507,0.001821,0.004141,28.0507,28.1291,28.2238
S01,188,0.005603,2.4e-05,28.0667,0.00182,0.004138,28.0667,28.1361,28.2219
S01,189,0.005627,2.4e-05,28.0517,0.001821,0.004138,28.0517,28.1411,28.2234
S01,190,0.005651,2.4e-05,28.0207,0.001819,0.004131,28.0207,28.1397,28.2257
S01,191,0.005675,2.4e-05,28.0008,0.001816,0.004121,28.0008,28.1407,28.2108
S01,192,0.0057,2.4e-05,28.0255,0.001814,0.004113,28.0255,28.1525,28.2081
S01,193,0.005724,2.4e-05,28.0309,0.001816,0.004114,28.0309,28.1277,28.1962
S01,194,0.005748,2.4e-05,28.023,0.001815,0.004111,28.023,28.1164,28.203
S01,195,0.005772,2.4e-05,28.061,0.001814,0.004105,28.061,28.1043,28.1943
S01,196,0.005796,2.4e-05,28.0638,0.001816,0.004109,28.0638,28.1201,28.1817
S01,197,0.005821,2.4e-05,28.0668,0.001816,0.004105,28.0668,28.138,28.165
S01,198,0.005845,2.4e-05,28.0393,0.001816,0.004102,28.0393,28.1332,28.1597
S01,199,0.005869,2.4e-05,28.0536,0.001813,0.004092,28.0536,28.1351,28.1419
S01,200,0.005893,2.4e-05,28.062,0.001814,0.004091,28.062,28.1289,28.1546
S01,201,0.005917,2.4e-05,28.0475,0.001814,0.004088,28.0475,28.1221,28.1598
S01,202,0.005942,2.4e-05,28.0608,0.001812,0.004081,28.0608,28.1262,28.1428
S01,203,0.005966,2.4e-05,28.0696,0.001812,0.00408,28.0696,28.1155,28.1451
S01,204,0.00599,2.4e-05,28.0392,0.001812,0.004077,28.0392,28.1195,28.1369
S01,205,0.006014,2.4e-05,28.0117,0.001809,0.004067,28.0117,28.126,28.1393
S01,206,0.006038,2.4e-05,27.9975,0.001807,0.004057,27.9975,28.1397,28.1349
S01,207,0.006063,2.4e-05,27.9962,0.001805,0.00405,27.9962,28.1416,28.1287
S01,208,0.006087,2.4e-05,28.0037,0.001804,0.004045,28.0037,28.1354,28.1246
S01,209,0.006111,2.4e-05,28.0291,0.001804,0.004043,28.0291,28.1244,28.1005
S01,210,0.006135,2.4e-05,28.0594,0.001805,0.004043,28.0594,28.1495,28.0966
S01,211,0.006159,2.4e-05,28.0187,0.001807,0.004045,28.0187,28.1456,28.094
S01,212,0.006183,2.4e-05,28.0131,0.001803,0.004032,28.0131,28.1336,28.0999
S01,213,0.006208,2.4e-05,28.0217,0.001802,0.004027,28.0217,28.118,28.107
S01,214,0.006232,2.4e-05,28.0608,0.001802,0.004024,28.0608,28.1194,28.1037
S01,215,0.006256,2.4e-05,28.0561,0.001805,0.004028,28.0561,28.1252,28.0864
S01,216,0.00628,2.4e-05,28.0575,0.001804,0.004022,28.0575,28.1209,28.1051
S01,217,0.006304,2.4e-05,28.0521,0.001803,0.004018,28.0521,28.1371,28.0942
S01,218,0.006329,2.4e-05,28.062,0.001802,0.004012,28.062,28.1399,28.0856
S01,219,0.006353,2.4e-05,28.0637,0.001802,0.00401,28.0637,28.1515,28.0827
S01,220,0.006377,2.4e-05,28.028,0.001802,0.004006,28.028,28.1506,28.0739
S01,221,0.006401,2.4e-05,28.0192,0.001798,0.003994,28.0192,28.149,28.0572
S01,222,0.006425,2.4e-05,27.9851,0.001797,0.003988,27.9851,28.1529,28.0523
S01,223,0.00645,2.4e-05,27.9319,0.001794,0.003976,27.9319,28.1594,28.0555
S01,224,0.006474,2.4e-05,27.9158,0.001789,0.003961,27.9158,28.1447,28.0642
S01,225,0.006498,2.4e-05,27.9209,0.001787,0.003953,27.9209,28.1672,28.0688
S01,226,0.006522,2.4e-05,27.9269,0.001787,0.003949,27.9269,28.1641,28.0773
S01,227,0.006546,2.4e-05,27.9375,0.001787,0.003946,27.9375,28.1753,28.0725
S01,228,0.00657,2.4e-05,27.927,0.001787,0.003943,27.927,28.169,28.0808
S01,229,0.006594,2.4e-05,27.9551,0.001786,0.003936,27.9551,28.1631,28.0769
S01,230,0.006619,2.4e-05,27.9596,0.001787,0.003937,27.9596,28.1594,28.0868
S01,231,0.006643,2.4e-05,27.9127,0.001787,0.003933,27.9127,28.1497,28.0792
S01,232,0.006667,2.4e-05,27.8645,0.001782,0.003919,27.8645,28.1384,28.0703
S01,233,0.006691,2.4e-05,27.8587,0.001778,0.003905,27.8587,28.1478,28.0681
S01,234,0.006715,2.4e-05,27.8362,0.001777,0.003899,27.8362,28.1454,28.0789
S01,235,0.006739,2.4e-05,27.8149,0.001775,0.003889,27.8149,28.1343,28.0847
S01,236,0.006763,2.4e-05,27.8087,0.001773,0.00388,27.8087,28.1388,28.0848
S01,237,0.006787,2.4e-05,27.8209,0.001772,0.003874,27.8209,28.1265,28.0849
S01,238,0.006811,2.4e-05,27.8149,0.001772,0.003872,27.8149,28.1125,28.0693
S01,239,0.006835,2.4e-05,27.8269,0.001771,0.003866,27.8269,28.1073,28.0593
S01,240,0.006859,2.4e-05,27.8232,0.001771,0.003863,27.8232,28.1169,28.0367
S01,241,0.006883,2.4e-05,27.7915,0.00177,0.003857,27.7915,28.1057,28.0516
S01,242,0.006908,2.4e-05,27.7954,0.001767,0.003846,27.7954,28.1115,28.0404
S01,243,0.006932,2.4e-05,27.7712,0.001766,0.003842,27.7712,28.1139,28.0413
S01,244,0.006956,2.4e-05,27.7804,0.001764,0.003832,27.7804,28.1101,28.0443
S01,245,0.00698,2.4e-05,27.7818,0.001764,0.003829,27.7818,28.1159,28.0527
S01,246,0.007004,2.4e-05,27.7477,0.001763,0.003824,27.7477,28.0912,28.0629
S01,247,0.007028,2.4e-05,27.7697,0.00176,0.003812,27.7697,28.079,28.0443
S01,248,0.007052,2.4e-05,27.7699,0.001761,0.003812,27.7699,28.0865,28.0625
S01,249,0.007076,2.4e-05,27.7785,0.00176,0.003807,27.7785,28.0809,28.0536
S01,250,0.0071,2.4e-05,27.777,0.00176,0.003803,27.777,28.0761,28.0436
S01,251,0.007124,2.4e-05,27.8162,0.001759,0.003798,27.8162,28.0924,28.0551
S01,252,0.007148,2.4e-05,27.7961,0.001762,0.0038,27.7961,28.0992,28.0617
S01,253,0.007172,2.4e-05,27.8032,0.001759,0.003791,27.8032,28.1099,28.0682
S01,254,0.007196,2.4e-05,27.8163,0.001759,0.003787,27.8163,28.1145,28.0718
S01,255,0.00722,2.4e-05,27.7789,0.001759,0.003785,27.7789,28.1133,28.0664
S01,256,0.007244,2.4e-05,27.7516,0.001756,0.003772,27.7516,28.128,28.084
S01,257,0.007268,2.4e-05,27.7771,0.001753,0.003762,27.7771,28.1284,28.0977
S01,258,0.007292,2.4e-05,27.7756,0.001754,0.003761,27.7756,28.1283,28.0868
S01,259,0.007316,2.4e-05,27.7818,0.001754,0.003756,27.7818,28.1269,28.074
S01,260,0.00734,2.4e-05,27.7791,0.001753,0.003752,27.7791,28.124,28.0922
S01,261,0.007364,2.4e-05,27.7953,0.001752,0.003746,27.7953,28.1221,28.0948
S01,262,0.007388,2.4e-05,27.7945,0.001753,0.003744,27.7945,28.1181,28.084
S01,263,0.007413,2.4e-05,27.7898,0.001752,0.003738,27.7898,28.1087,28.0716
S01,264,0.007437,2.4e-05,27.7983,0.001751,0.003732,27.7983,28.1107,28.0539
S01,265,0.007461,2.4e-05,27.7942,0.001751,0.003728,27.7942,28.1188,28.0648
S01,266,0.007485,2.4e-05,27.813,0.00175,0.003722,27.813,28.1174,28.0565
S01,267,0.007509,2.4e-05,27.7897,0.001751,0.003721,27.7897,28.1188,28.0606
S01,268,0.007533,2.4e-05,27.8138,0.001748,0.003711,27.8138,28.128,28.0595
S01,269,0.007557,2.4e-05,27.7872,0.001749,0.00371,27.7872,28.1228,28.0619
S01,270,0.007581,2.4e-05,27.7815,0.001747,0.003699,27.7815,28.1149,28.0647
S01,271,0.007605,2.4e-05,27.7698,0.001745,0.003693,27.7698,28.1066,28.068
S01,272,0.007629,2.4e-05,27.7601,0.001744,0.003685,27.7601,28.107,28.0709
S01,273,0.007653,2.4e-05,27.7357,0.001742,0.003677,27.7357,28.0999,28.0853
S01,274,0.007677,2.4e-05,27.7108,0.00174,0.003667,27.7108,28.0764,28.0667
S01,275,0.007701,2.4e-05,27.7097,0.001737,0.003657,27.7097,28.0745,28.0656
S01,276,0.007725,2.4e-05,27.7324,0.001737,0.003651,27.7324,28.0457,28.0694
S01,277,0.007749,2.4e-05,27.762,0.001737,0.00365,27.762,28.0328,28.0655
S01,278,0.007773,2.4e-05,27.7453,0.001739,0.00365,27.7453,28.0221,28.062
S01,279,0.007797,2.4e-05,27.7722,0.001737,0.003641,27.7722,28.039,28.0586
S01,280,0.007821,2.4e-05,27.8087,0.001738,0.003641,27.8087,28.0379,28.0761
S01,281,0.007845,2.4e-05,27.8052,0.00174,0.003643,27.8052,28.0379,28.0796
S01,282,0.007869,2.4e-05,27.8672,0.001739,0.003637,27.8672,28.0453,28.0723
S01,283,0.007893,2.4e-05,27.885,0.001743,0.003643,27.885,28.0408,28.0673
S01,284,0.007917,2.4e-05,27.9015,0.001743,0.003641,27.9015,28.0402,28.07
S01,285,0.007942,2.4e-05,27.9002,0.001744,0.003639,27.9002,28.0428,28.0741
S01,286,0.007966,2.4e-05,27.8598,0.001743,0.003633,27.8598,28.0483,28.0642
S01,287,0.00799,2.4e-05,27.8294,0.001739,0.003619,27.8294,28.0464,28.065
S01,288,0.008014,2.4e-05,27.8139,0.001736,0.003607,27.8139,28.0534,28.0515
S01,289,0.008038,2.4e-05,27.8042,0.001734,0.003599,27.8042,28.046,28.051
S01,290,0.008062,2.4e-05,27.8082,0.001733,0.003591,27.8082,28.0345,28.0582
S01,291,0.008086,2.4e-05,27.8079,0.001732,0.003586,27.8079,28.0142,28.0384
S01,292,0.00811,2.4e-05,27.8061,0.001732,0.00358,27.8061,28.0108,28.0373
S01,293,0.008134,2.4e-05,27.804,0.001731,0.003574,27.804,28.0118,28.0467
S01,294,0.008158,2.4e-05,27.7802,0.00173,0.003568,27.7802,27.9987,28.0355
S01,295,0.008182,2.4e-05,27.7844,0.001727,0.003557,27.7844,28.0098,28.0311
S01,296,0.008206,2.4e-05,27.7328,0.001727,0.003553,27.7328,27.9911,28.0226
S01,297,0.00823,2.4e-05,27.7201,0.001722,0.003536,27.7201,27.9854,28.0229
S01,298,0.008254,2.4e-05,27.7123,0.001721,0.003528,27.7123,27.9943,28.016
S01,299,0.008278,2.4e-05,27.6936,0.001719,0.003521,27.6936,27.9973,28.0006
S01,300,0.008302,2.4e-05,27.6998,0.001717,0.003511,27.6998,27.9965,27.9991
S01,301,0.008326,2.4e-05,27.7301,0.001717,0.003506,27.7301,27.9887,28.0196
S01,302,0.00835,2.4e-05,27.7241,0.001718,0.003507,27.7241,27.9743,28.0202
S01,303,0.008374,2.4e-05,27.701,0.001717,0.0035,27.701,27.9652,28.0239
S01,304,0.008398,2.4e-05,27.7106,0.001715,0.003489,27.7106,27.9574,28.0335
S01,305,0.008422,2.4e-05,27.7323,0.001715,0.003485,27.7323,27.9704,28.0386
S01,306,0.008446,2.4e-05,27.758,0.001715,0.003484,27.758,27.9503,28.035
S01,307,0.00847,2.4e-05,27.7392,0.001716,0.003483,27.7392,27.9503,28.029
S01,308,0.008494,2.4e-05,27.7344,0.001714,0.003473,27.7344,27.9678,28.027
S01,309,0.008518,2.4e-05,27.7412,0.001713,0.003466,27.7412,27.9641,28.0275
S01,310,0.008542,2.4e-05,27.7398,0.001713,0.003462,27.7398,27.9673,28.039
S01,311,0.008566,2.4e-05,27.7713,0.001712,0.003455,27.7713,27.9692,28.0446
S01,312,0.008591,2.4e-05,27.7468,0.001714,0.003456,27.7468,27.967,28.0537
S01,313,0.008615,2.4e-05,27.7626,0.001711,0.003445,27.7626,27.9678,28.0622
S01,314,0.008639,2.4e-05,27.7709,0.001711,0.003442,27.7709,27.9787,28.0647
S01,315,0.008663,2.4e-05,27.7624,0.001711,0.003438,27.7624,27.9807,28.0351
S01,316,0.008687,2.4e-05,27.7686,0.00171,0.00343,27.7686,27.943,28.0175
S01,317,0.008711,2.4e-05,27.7761,0.001709,0.003425,27.7761,27.9467,28.0056
S01,318,0.008735,2.4e-05,27.7604,0.001709,0.003421,27.7604,27.9593,28.0006
S01,319,0.008759,2.4e-05,27.8038,0.001707,0.003411,27.8038,27.9584,28.0045
S01,320,0.008783,2.4e-05,27.8347,0.00171,0.003414,27.8347,27.959,27.9943
S01,321,0.008807,2.4e-05,27.8311,0.001711,0.003414,27.8311,27.9578,27.9805
S01,322,0.008831,2.4e-05,27.8245,0.00171,0.003407,27.8245,27.9496,27.9896
S01,323,0.008855,2.4e-05,27.8238,0.001709,0.0034,27.8238,27.946,27.9884
S01,324,0.008879,2.4e-05,27.8268,0.001708,0.003394,27.8268,27.9515,27.9782
S01,325,0.008903,2.4e-05,27.8046,0.001707,0.003388,27.8046,27.9616,27.974
S01,326,0.008927,2.4e-05,27.7748,0.001705,0.003378,27.7748,27.965,27.9786
S01,327,0.008951,2.4e-05,27.7428,0.001702,0.003366,27.7428,27.9659,27.9859
S01,328,0.008975,2.4e-05,27.7489,0.001699,0.003353,27.7489,27.9709,27.9718
S01,329,0.008999,2.4e-05,27.7541,0.001699,0.003348,27.7541,27.9666,27.967
S01,330,0.009023,2.4e-05,27.7701,0.001698,0.003343,27.7701,27.9802,27.985
S01,331,0.009047,2.4e-05,27.795,0.001699,0.00334,27.795,27.978,27.9885
S01,332,0.009071,2.4e-05,27.8089,0.0017,0.003339,27.8089,27.9782,27.9897
S01,333,0.009096,2.4e-05,27.824,0.0017,0.003336,27.824,27.9767,27.9824
S01,334,0.00912,2.4e-05,27.8143,0.0017,0.003332,27.8143,27.9821,27.9824
S01,335,0.009144,2.4e-05,27.8198,0.001699,0.003324,27.8198,27.9878,27.9787
S01,336,0.009168,2.4e-05,27.8335,0.001698,0.003319,27.8335,27.9907,27.9664
S01,337,0.009192,2.4e-05,27.861,0.001698,0.003316,27.861,27.9849,27.9499
S01,338,0.009216,2.4e-05,27.8387,0.0017,0.003315,27.8387,27.9738,27.9505
S01,339,0.00924,2.4e-05,27.8319,0.001697,0.003304,27.8319,27.9696,27.9568
S01,340,0.009264,2.4e-05,27.8373,0.001696,0.003297,27.8373,27.9719,27.961
S01,341,0.009288,2.4e-05,27.8483,0.001695,0.003292,27.8483,27.9501,27.9573
S01,342,0.009312,2.4e-05,27.8033,0.001695,0.003288,27.8033,27.9496,27.9572
S01,343,0.009336,2.4e-05,27.8229,0.001691,0.003272,27.8229,27.9607,27.9592
S01,344,0.00936,2.4e-05,27.8115,0.001692,0.00327,27.8115,27.9647,27.954
S01,345,0.009384,2.4e-05,27.8102,0.00169,0.003261,27.8102,27.9736,27.9485
S01,346,0.009408,2.4e-05,27.8249,0.00169,0.003255,27.8249,27.9795,27.9391
S01,347,0.009433,2.4e-05,27.8431,0.00169,0.003252,27.8431,27.9856,27.9403
S01,348,0.009457,2.4e-05,27.8265,0.00169,0.003249,27.8265,27.9761,27.935
S01,349,0.009481,2.4e-05,27.8361,0.001688,0.003239,27.8361,27.9657,27.9395
S01,350,0.009505,2.4e-05,27.8099,0.001688,0.003235,27.8099,27.9627,27.9407
S01,351,0.009529,2.4e-05,27.8575,0.001686,0.003223,27.8575,27.9483,27.9555
S01,352,0.009553,2.4e-05,27.8592,0.001688,0.003227,27.8592,27.9519,27.9566
S01,353,0.009577,2.4e-05,27.8668,0.001688,0.003221,27.8668,27.9498,27.9712
S01,354,0.009601,2.4e-05,27.8564,0.001687,0.003216,27.8564,27.9606,27.9647
S01,355,0.009625,2.4e-05,27.8539,0.001686,0.00321,27.8539,27.9492,27.9692
S01,356,0.009649,2.4e-05,27.8815,0.001685,0.003209,27.8815,27.9481,27.9671
S01,357,0.009673,2.4e-05,27.8579,0.001686,0.003208,27.8579,27.9452,27.9511
S01,358,0.009697,2.4e-05,27.8383,0.001683,0.003207,27.8383,27.9469,27.9643
S01,359,0.009722,2.4e-05,27.8932,0.001681,0.003206,27.8932,27.9407,27.9785
S01,360,0.009746,2.4e-05,27.8968,0.001684,0.003205,27.8968,27.9389,27.9827
S01,361,0.00977,2.4e-05,27.8967,0.001684,0.003203,27.8967,27.9397,27.9784
S01,362,0.009794,2.4e-05,27.8675,0.001683,0.003202,27.8675,27.9239,27.9847
S01,363,0.009818,2.4e-05,27.8607,0.00168,0.003201,27.8607,27.9175,27.9846
S01,364,0.009842,2.4e-05,27.8753,0.001679,0.0032,27.8753,27.9191,27.9777
S01,365,0.009866,2.4e-05,27.8985,0.001679,0.003199,27.8985,27.9348,27.9825
S01,366,0.00989,2.4e-05,27.9167,0.00168,0.003198,27.9167,27.9471,27.9937
S01,367,0.009914,2.4e-05,27.9277,0.00168,0.003197,27.9277,27.9529,27.9987
S01,368,0.009938,2.4e-05,27.9044,0.00168,0.003196,27.9044,27.9597,27.985
S01,369,0.009963,2.4e-05,27.8873,0.001678,0.003194,27.8873,27.9723,27.9933
S01,370,0.009987,2.4e-05,27.9157,0.001676,0.003193,27.9157,27.9692,27.9817
S01,371,0.010011,2.4e-05,27.9096,0.001677,0.003192,27.9096,27.9699,27.9825
S01,372,0.010035,2.4e-05,27.931,0.001676,0.003191,27.931,27.966,27.9859
S01,373,0.010059,2.4e-05,27.9099,0.001677,0.00319,27.9099,27.9702,27.9859
S01,374,0.010083,2.4e-05,27.8937,0.001674,0.003189,27.8937,27.9674,27.984
S01,375,0.010107,2.4e-05,27.887,0.001672,0.003187,27.887,27.9846,27.983
S01,376,0.010131,2.4e-05,27.8808,0.001671,0.003186,27.8808,27.963,27.974
S01,377,0.010155,2.4e-05,27.8743,0.00167,0.003185,27.8743,27.9556,27.9877
S01,378,0.01018,2.4e-05,27.8697,0.001669,0.003184,27.8697,27.968,27.9883
S01,379,0.010204,2.4e-05,27.8691,0.001668,0.003183,27.8691,27.9665,27.9882
S01,380,0.010228,2.4e-05,27.9022,0.001667,0.003181,27.9022,27.9429,27.968
S01,381,0.010252,2.4e-05,27.8901,0.001668,0.00318,27.8901,27.9427,27.9748
S01,382,0.010276,2.4e-05,27.8982,0.001667,0.003179,27.8982,27.9386,27.9849
S01,383,0.0103,2.4e-05,27.9176,0.001666,0.003178,27.9176,27.9403,27.9943
S01,384,0.010324,2.4e-05,27.9217,0.001667,0.003177,27.9217,27.9346,28.001
S01,385,0.010348,2.4e-05,27.9227,0.001666,0.003175,27.9227,27.9346,28.0155
S01,386,0.010372,2.4e-05,27.8724,0.001666,0.003174,27.8724,27.92,28.0033
S01,387,0.010397,2.4e-05,27.8638,0.001661,0.003173,27.8638,27.9171,27.9878
S01,388,0.010421,2.4e-05,27.8428,0.00166,0.003172,27.8428,27.9081,28.0121
S01,389,0.010445,2.4e-05,27.8776,0.001658,0.00317,27.8776,27.9038,28.008
S01,390,0.010469,2.4e-05,27.8533,0.001659,0.003169,27.8533,27.8844,28.0064
S01,391,0.010493,2.4e-05,27.8321,0.001657,0.003168,27.8321,27.8832,27.9899
S01,392,0.010517,2.4e-05,27.8155,0.001655,0.003167,27.8155,27.8843,27.9931
S01,393,0.010541,2.4e-05,27.8226,0.001653,0.003165,27.8226,27.8707,28.0012
S01,394,0.010565,2.4e-05,27.8053,0.001652,0.003164,27.8053,27.8767,28.0006
S01,395,0.010589,2.4e-05,27.7765,0.00165,0.003163,27.7765,27.8729,28.0037
S01,396,0.010613,2.4e-05,27.7875,0.001648,0.003162,27.7875,27.871,28.0185
S01,397,0.010637,2.4e-05,27.8063,0.001648,0.00316,27.8063,27.868,28.0254
S01,398,0.010661,2.4e-05,27.8437,0.001648,0.003159,27.8437,27.8875,28.0126
S01,399,0.010685,2.4e-05,27.8239,0.00165,0.003158,27.8239,27.902,28.0161
S01,400,0.010709,2.4e-05,27.7962,0.001648,0.003156,27.7962,27.8965,28.0419
S01,401,0.010734,2.4e-05,27.7929,0.001645,0.003155,27.7929,27.8893,28.0677
S01,402,0.010758,2.4e-05,27.7773,0.001644,0.003154,27.7773,27.8799,28.0934
S01,403,0.010782,2.4e-05,27.782,0.001642,0.003153,27.782,27.8881,28.1191
S01,404,0.010806,2.4e-05,27.777,0.001642,0.003151,27.777,27.8803,28.1449
S01,405,0.01083,2.4e-05,27.7481,0.001641,0.00315,27.7481,27.8614,28.1705
S01,406,0.010854,2.4e-05,27.723,0.001638,0.003149,27.723,27.8739,28.1962
S01,407,0.010878,2.4e-05,27.7475,0.001635,0.003147,27.7475,27.8772,28.2219
S01,408,0.010902,2.4e-05,27.7282,0.001636,0.003146,27.7282,27.8816,28.2475
S01,409,0.010926,2.4e-05,27.7154,0.001634,0.003145,27.7154,27.8862,28.2731
S01,410,0.01095,2.4e-05,27.7031,0.001632,0.003143,27.7031,27.8738,28.2986
S01,411,0.010974,2.4e-05,27.7035,0.001631,0.003142,27.7035,27.8761,28.3242
S01,412,0.010998,2.4e-05,27.7028,0.00163,0.003141,27.7028,27.8807,28.3497
S01,413,0.011022,2.4e-05,27.7325,0.001629,0.003139,27.7325,27.8926,28.3752
S01,414,0.011046,2.4e-05,27.7649,0.001631,0.003138,27.7649,27.9007,28.4007
S01,415,0.01107,2.4e-05,27.765,0.001632,0.003137,27.765,27.9261,28.4261
S01,416,0.011094,2.4e-05,27.7603,0.001631,0.003135,27.7603,27.9515,28.4515
S01,417,0.011118,2.4e-05,27.7894,0.00163,0.003134,27.7894,27.9769,28.4769
S01,418,0.011142,2.4e-05,27.7736,0.001631,0.003133,27.7736,28.0023,28.5023
S01,419,0.011166,2.4e-05,27.7715,0.00163,0.003131,27.7715,28.0276,28.5276
S01,420,0.01119,2.4e-05,27.7902,0.001629,0.00313,27.7902,28.0529,28.5529
S01,421,0.011214,2.4e-05,27.78,0.001629,0.003129,27.78,28.0782,28.5782
S01,422,0.011238,2.4e-05,27.762,0.001628,0.003127,27.762,28.1034,28.6034
S01,423,0.011262,2.4e-05,27.7726,0.001626,0.003126,27.7726,28.1286,28.6286
S01,424,0.011286,2.4e-05,27.7638,0.001626,0.003125,27.7638,28.1538,28.6538
S01,425,0.01131,2.4e-05,27.763,0.001624,0.003123,27.763,28.179,28.679
S01,426,0.011334,2.4e-05,27.769,0.001623,0.003122,27.769,28.2041,28.7041
S01,427,0.011358,2.4e-05,27.7292,0.001623,0.00312,27.7292,28.2292,28.7292
S01,428,0.011382,2.4e-05,27.7542,0.00162,0.003119,27.7542,28.2542,28.7542
S01,429,0.011406,2.4e-05,27.7792,0.001621,0.003118,27.7792,28.2792,28.7792
S01,430,0.01143,2.4e-05,27.8042,0.001622,0.003116,27.8042,28.3042,28.8042
S01,431,0.011454,2.4e-05,27.8292,0.001623,0.003115,27.8292,28.3292,28.8292
S01,432,0.011478,2.4e-05,27.8541,0.001624,0.003113,27.8541,28.3541,28.8541
S01,433,0.011503,2.4e-05,27.879,0.001625,0.003112,27.879,28.379,28.879
S01,434,0.011527,2.4e-05,27.9038,0.001625,0.003111,27.9038,28.4038,28.9038
S01,435,0.011551,2.4e-05,27.9286,0.001626,0.003109,27.9286,28.4286,28.9286
S01,436,0.011575,2.4e-05,27.9534,0.001627,0.003108,27.9534,28.4534,28.9534
S01,437,0.011599,2.4e-05,27.9781,0.001628,0.003106,27.9781,28.4781,28.9781
S01,438,0.011623,2.4e-05,28.0028,0.001629,0.003105,28.0028,28.5028,29.0028
S01,439,0.011647,2.4e-05,28.0275,0.00163,0.003104,28.0275,28.5275,29.0275
S01,440,0.011672,2.4e-05,28.0521,0.001631,0.003102,28.0521,28.5521,29.0521
S01,441,0.011696,2.4e-05,28.0767,0.001632,0.003101,28.0767,28.5767,29.0767
S01,442,0.01172,2.4e-05,28.1012,0.001633,0.003099,28.1012,28.6012,29.1012
S01,443,0.011744,2.4e-05,28.1257,0.001634,0.003098,28.1257,28.6257,29.1257
S01,444,0.011768,2.4e-05,28.1502,0.001635,0.003096,28.1502,28.6502,29.1502
S01,445,0.011793,2.4e-05,28.1862,0.001636,0.003095,28.1862,28.6746,29.1746
S01,446,0.011817,2.4e-05,28.2391,0.001638,0.003094,28.2391,28.699,29.199
S01,447,0.011841,2.4e-05,28.2465,0.001641,0.003092,28.2465,28.7233,29.2233
S01,448,0.011866,2.4e-05,28.2476,0.001641,0.003091,28.2476,28.7476,29.2476
S01,449,0.01189,2.4e-05,28.2719,0.00164,0.003089,28.2719,28.7719,29.2719
S01,450,0.011914,2.4e-05,28.2961,0.001641,0.003088,28.2961,28.7961,29.2961
S01,451,0.011939,2.4e-05,28.3203,0.001642,0.003086,28.3203,28.8203,29.3203
S01,452,0.011963,2.4e-05,28.3444,0.001643,0.003085,28.3444,28.8444,29.3444
S01,453,0.011987,2.4e-05,28.3685,0.001644,0.003083,28.3685,28.8685,29.3685
S01,454,0.012012,2.4e-05,28.3925,0.001645,0.003082,28.3925,28.8925,29.3925
S01,455,0.012036,2.4e-05,28.4165,0.001646,0.00308,28.4165,28.9165,29.4165
S01,456,0.012061,2.4e-05,28.4404,0.001647,0.003079,28.4404,28.9404,29.4404
S01,457,0.012085,2.4e-05,28.4643,0.001648,0.003078,28.4643,28.9643,29.4643
S01,458,0.012109,2.4e-05,28.4882,0.001648,0.003076,28.4882,28.9882,29.4882
S01,459,0.012134,2.4e-05,28.512,0.001649,0.003075,28.512,29.012,29.512
S01,460,0.012158,2.4e-05,28.5357,0.00165,0.003073,28.5357,29.0357,29.5357
S01,461,0.012183,2.4e-05,28.5594,0.001651,0.003072,28.5594,29.0594,29.5594
S01,462,0.012207,2.4e-05,28.5832,0.001652,0.00307,28.5832,29.0831,29.5831
S01,463,0.012232,2.5e-05,28.6067,0.001653,0.003069,28.6067,29.1067,29.6067
S01,464,0.012256,2.5e-05,28.6302,0.001654,0.003067,28.6302,29.1302,29.6302
S01,465,0.012281,2.5e-05,28.6663,0.001655,0.003066,28.6663,29.1537,29.6537
S01,466,0.012305,2.5e-05,28.6772,0.001657,0.003064,28.6772,29.1772,29.6772
S01,467,0.01233,2.5e-05,28.7006,0.001657,0.003063,28.7006,29.2006,29.7006
S01,468,0.012355,2.5e-05,28.7239,0.001658,0.003061,28.7239,29.2239,29.7239
S01,469,0.012379,2.5e-05,28.7472,0.001659,0.00306,28.7472,29.2472,29.7472
S01,470,0.012404,2.5e-05,28.7705,0.00166,0.003058,28.7705,29.2705,29.7705
S01,471,0.012428,2.5e-05,28.7945,0.001661,0.003057,28.7945,29.2937,29.7937
S01,472,0.012453,2.5e-05,28.8379,0.001662,0.003055,28.8379,29.3168,29.8168
S01,473,0.012478,2.5e-05,28.8399,0.001664,0.003054,28.8399,29.3399,29.8399
S01,474,0.012502,2.5e-05,28.863,0.001663,0.003052,28.863,29.363,29.863
S01,475,0.012527,2.5e-05,28.8859,0.001664,0.003051,28.8859,29.3859,29.8859
S01,476,0.012552,2.5e-05,28.9089,0.001665,0.003049,28.9089,29.4089,29.9089
S01,477,0.012576,2.5e-05,28.9317,0.001666,0.003048,28.9317,29.4317,29.9317
S01,478,0.012601,2.5e-05,28.9545,0.001667,0.003046,28.9545,29.4545,29.9545
S01,479,0.012626,2.5e-05,28.9773,0.001668,0.003045,28.9773,29.4773,29.9773
S01,480,0.012651,2.5e-05,29.0,0.001669,0.003043,29.0,29.5,30.0
S01,481,0.012675,2.5e-05,29.0276,0.00167,0.003042,29.0276,29.5226,30.0226
S01,482,0.0127,2.5e-05,29.073,0.001671,0.00304,29.073,29.5452,30.0452
S01,483,0.012725,2.5e-05,29.0678,0.001674,0.003039,29.0678,29.5678,30.0678
S01,484,0.01275,2.5e-05,29.0902,0.001673,0.003037,29.0902,29.5902,30.0902
S01,485,0.012775,2.5e-05,29.1126,0.001673,0.003036,29.1126,29.6126,30.1126
S01,486,0.012799,2.5e-05,29.1472,0.001674,0.003034,29.1472,29.635,30.135
S01,487,0.012824,2.5e-05,29.1573,0.001676,0.003033,29.1573,29.6573,30.1573
S01,488,0.012849,2.5e-05,29.1795,0.001676,0.003031,29.1795,29.6795,30.1795
S01,489,0.012874,2.5e-05,29.2017,0.001677,0.003029,29.2017,29.7017,30.2017
S01,490,0.012899,2.5e-05,29.2238,0.001678,0.003028,29.2238,29.7238,30.2238
S01,491,0.012924,2.5e-05,29.2458,0.001679,0.003026,29.2458,29.7458,30.2458
S01,492,0.012949,2.5e-05,29.2866,0.00168,0.003025,29.2866,29.7678,30.2678
S01,493,0.012973,2.5e-05,29.3196,0.001682,0.003023,29.3196,29.7898,30.2898
S01,494,0.012998,2.5e-05,29.3208,0.001684,0.003022,29.3208,29.8116,30.3116
S01,495,0.013023,2.5e-05,29.3334,0.001683,0.00302,29.3334,29.8334,30.3334
S01,496,0.013048,2.5e-05,29.3552,0.001683,0.003019,29.3552,29.8552,30.3552
S01,497,0.013073,2.5e-05,29.3768,0.001684,0.003017,29.3768,29.8768,30.3768
S01,498,0.013098,2.5e-05,29.3984,0.001685,0.003016,29.3984,29.8984,30.3984
S01,499,0.013123,2.5e-05,29.42,0.001686,0.003014,29.42,29.92,30.42
S01,500,0.013148,2.5e-05,29.4415,0.001687,0.003013,29.4415,29.9415,30.4415
S01,501,0.013173,2.5e-05,29.4629,0.001688,0.003011,29.4629,29.9629,30.4629
S01,502,0.013198,2.5e-05,29.4842,0.001688,0.003009,29.4842,29.9842,30.4842
S01,503,0.013223,2.5e-05,29.5055,0.001689,0.003008,29.5055,30.0055,30.5055
S01,504,0.013248,2.5e-05,29.5267,0.00169,0.003006,29.5267,30.0267,30.5267
S01,505,0.013274,2.5e-05,29.5479,0.001691,0.003005,29.5479,30.0479,30.5479
S01,506,0.013299,2.5e-05,29.5689,0.001692,0.003003,29.5689,30.0689,30.5689
S01,507,0.013324,2.5e-05,29.5899,0.001693,0.003002,29.5899,30.0899,30.5899
S01,508,0.013349,2.5e-05,29.6109,0.001694,0.003,29.6109,30.1109,30.6109
S01,509,0.013374,2.5e-05,29.6318,0.001695,0.002999,29.6318,30.1318,30.6318
S01,510,0.013399,2.5e-05,29.6526,0.001695,0.002997,29.6526,30.1526,30.6526
S01,511,0.013424,2.5e-05,29.6733,0.001696,0.002995,29.6733,30.1733,30.6733
S01,512,0.013449,2.5e-05,29.694,0.001697,0.002994,29.694,30.194,30.694
S01,513,0.013475,2.5e-05,29.7232,0.001698,0.002992,29.7232,30.2146,30.7146
S01,514,0.0135,2.5e-05,29.7351,0.001699,0.002991,29.7351,30.2351,30.7351
S01,515,0.013525,2.5e-05,29.7555,0.0017,0.002989,29.7555,30.2555,30.7555
S01,516,0.01355,2.5e-05,29.7759,0.0017,0.002988,29.7759,30.2759,30.7759
S01,517,0.013575,2.5e-05,29.7962,0.001701,0.002986,29.7962,30.2962,30.7962
S01,518,0.013601,2.5e-05,29.8165,0.001702,0.002985,29.8165,30.3165,30.8165
S01,519,0.013626,2.5e-05,29.8366,0.001703,0.002983,29.8366,30.3366,30.8366
S01,520,0.013651,2.5e-05,29.8567,0.001704,0.002981,29.8567,30.3567,30.8567
S01,521,0.013676,2.5e-05,29.8767,0.001705,0.00298,29.8767,30.3767,30.8767
S01,522,0.013702,2.5e-05,29.8967,0.001705,0.002978,29.8967,30.3967,30.8967
S01,523,0.013727,2.5e-05,29.9166,0.001706,0.002977,29.9166,30.4166,30.9166
S01,524,0.013752,2.5e-05,29.9364,0.001707,0.002975,29.9364,30.4364,30.9364
S01,525,0.013778,2.5e-05,29.9561,0.001708,0.002974,29.9561,30.4561,30.9561
S01,526,0.013803,2.5e-05,29.9757,0.001709,0.002972,29.9757,30.4757,30.9757
S01,527,0.013828,2.5e-05,29.9953,0.001709,0.00297,29.9953,30.4953,30.9953
S01,528,0.013854,2.5e-05,30.0148,0.00171,0.002969,30.0148,30.5148,31.0148
S01,529,0.013879,2.5e-05,30.0342,0.001711,0.002967,30.0342,30.5342,31.0342
S01,530,0.013904,2.5e-05,30.0535,0.001712,0.002966,30.0535,30.5535,31.0535
S01,531,0.01393,2.5e-05,30.0728,0.001713,0.002964,30.0728,30.5728,31.0728
S01,532,0.013955,2.5e-05,30.092,0.001713,0.002963,30.092,30.592,31.092
S01,533,0.013981,2.5e-05,30.1111,0.001714,0.002961,30.1111,30.6111,31.1111
S01,534,0.014006,2.5e-05,30.1353,0.001715,0.002959,30.1353,30.6301,31.1301
S01,535,0.014031,2.5e-05,30.1614,0.001716,0.002958,30.1614,30.6491,31.1491
S01,536,0.014057,2.5e-05,30.168,0.001717,0.002956,30.168,30.668,31.168
S01,537,0.014082,2.5e-05,30.1867,0.001717,0.002955,30.1867,30.6867,31.1867
S01,538,0.014108,2.5e-05,30.2055,0.001718,0.002953,30.2055,30.7055,31.214
S01,539,0.014133,2.5e-05,30.2241,0.001719,0.002952,30.2241,30.7241,31.2241
S01,540,0.014159,2.5e-05,30.2426,0.00172,0.00295,30.2426,30.7426,31.2426
S01,541,0.014184,2.6e-05,30.2651,0.00172,0.002948,30.2651,30.7611,31.2611
S01,542,0.01421,2.6e-05,30.2795,0.001722,0.002947,30.2795,30.7795,31.2795
S01,543,0.014235,2.6e-05,30.3,0.001722,0.002945,30.3,30.7978,31.2978
S01,544,0.014261,2.6e-05,30.316,0.001723,0.002944,30.316,30.816,31.316
S01,545,0.014286,2.6e-05,30.3367,0.001723,0.002942,30.3367,30.8342,31.3342
S01,546,0.014312,2.6e-05,30.3522,0.001724,0.002941,30.3522,30.8522,31.3522
S01,547,0.014338,2.6e-05,30.3702,0.001725,0.002939,30.3702,30.8702,31.3702
S01,548,0.014363,2.6e-05,30.3881,0.001726,0.002937,30.3881,30.8881,31.3881
S01,549,0.014389,2.6e-05,30.4105,0.001726,0.002936,30.4105,30.9059,31.4059
S01,550,0.014414,2.6e-05,30.4237,0.001728,0.002934,30.4237,30.9237,31.4237
S01,551,0.01444,2.6e-05,30.4413,0.001728,0.002933,30.4413,30.9413,31.4413
S01,552,0.014466,2.6e-05,30.4589,0.001729,0.002931,30.4589,30.9589,31.4589
S01,553,0.014491,2.6e-05,30.4763,0.001729,0.00293,30.4763,30.9798,31.4763
S01,554,0.014517,2.6e-05,30.4937,0.00173,0.002928,30.4937,30.9949,31.4937
S01,555,0.014542,2.6e-05,30.511,0.001731,0.002926,30.511,31.011,31.511
S01,556,0.014568,2.6e-05,30.5283,0.001732,0.002925,30.5283,31.0283,31.5283
S01,557,0.014594,2.6e-05,30.5454,0.001732,0.002923,30.5454,31.0454,31.5454
S01,558,0.01462,2.6e-05,30.5624,0.001733,0.002922,30.5624,31.0624,31.5624
S01,559,0.014645,2.6e-05,30.5794,0.001734,0.00292,30.5794,31.0794,31.5794
S01,560,0.014671,2.6e-05,30.5963,0.001734,0.002919,30.5963,31.0963,31.5963
S01,561,0.014697,2.6e-05,30.6198,0.001735,0.002917,30.6198,31.1131,31.6131
S01,562,0.014722,2.6e-05,30.6297,0.001736,0.002915,30.6297,31.1297,31.6297
S01,563,0.014748,2.6e-05,30.6464,0.001737,0.002914,30.6464,31.1464,31.6464
S01,564,0.014774,2.6e-05,30.6629,0.001737,0.002912,30.6629,31.1629,31.6629
S01,565,0.0148,2.6e-05,30.6793,0.001738,0.002911,30.6793,31.1793,31.6847
S01,566,0.014825,2.6e-05,30.6956,0.001739,0.002909,30.6956,31.1956,31.6956
S01,567,0.014851,2.6e-05,30.7119,0.001739,0.002908,30.7119,31.2119,31.7119
S01,568,0.014877,2.6e-05,30.7281,0.00174,0.002906,30.7281,31.2281,31.7281
S01,569,0.014903,2.6e-05,30.7441,0.001741,0.002905,30.7441,31.2441,31.7441
S01,570,0.014929,2.6e-05,30.7601,0.001741,0.002903,30.7601,31.2601,31.7601
S01,571,0.014954,2.6e-05,30.776,0.001742,0.002901,30.776,31.276,31.776
S01,572,0.01498,2.6e-05,30.7918,0.001743,0.0029,30.7918,31.2918,31.7918
S01,573,0.015006,2.6e-05,30.8075,0.001743,0.002898,30.8075,31.3075,31.8075
S01,574,0.015032,2.6e-05,30.8231,0.001744,0.002897,30.8231,31.3238,31.8231
S01,575,0.015058,2.6e-05,30.8387,0.001745,0.002895,30.8387,31.3387,31.8387
S01,576,0.015084,2.6e-05,30.8541,0.001745,0.002894,30.8541,31.3541,31.8541
S01,577,0.01511,2.6e-05,30.8694,0.001746,0.002892,30.8694,31.3694,31.8694
S01,578,0.015135,2.6e-05,30.8847,0.001747,0.002891,30.8847,31.3847,31.8847
S01,579,0.015161,2.6e-05,30.8998,0.001747,0.002889,30.8998,31.3998,31.8998
S01,580,0.015187,2.6e-05,30.9149,0.001748,0.002887,30.9149,31.4149,31.9149
S01,581,0.015213,2.6e-05,30.9299,0.001749,0.002886,30.9299,31.4299,31.9299
S01,582,0.015239,2.6e-05,30.9448,0.001749,0.002884,30.9448,31.4448,31.9448
S01,583,0.015265,2.6e-05,30.9617,0.00175,0.002883,30.9617,31.4595,31.9595
S01,584,0.015291,2.6e-05,30.9742,0.001751,0.002881,30.9742,31.4742,31.9742
S01,585,0.015317,2.6e-05,30.9888,0.001751,0.00288,30.9888,31.4888,31.995
S01,586,0.015343,2.6e-05,31.0033,0.001752,0.002878,31.0033,31.5033,32.0033
S01,587,0.015369,2.6e-05,31.0177,0.001752,0.002877,31.0177,31.5177,32.0177
S01,588,0.015395,2.6e-05,31.032,0.001753,0.002875,31.032,31.532,32.032
S01,589,0.015421,2.6e-05,31.0479,0.001753,0.002874,31.0479,31.5462,32.0582
S01,590,0.015447,2.6e-05,31.0603,0.001754,0.002872,31.0603,31.5603,32.0603
S01,591,0.015473,2.6e-05,31.0935,0.001755,0.002871,31.0935,31.5744,32.0744
S01,592,0.015499,2.6e-05,31.0883,0.001757,0.002869,31.0883,31.5883,32.0883
S01,593,0.015525,2.6e-05,31.1166,0.001756,0.002867,31.1166,31.6021,32.1021
S01,594,0.015551,2.6e-05,31.1158,0.001757,0.002866,31.1158,31.6158,32.1158
S01,595,0.015577,2.6e-05,31.1392,0.001757,0.002864,31.1392,31.6295,32.1295
S01,596,0.015603,2.6e-05,31.1442,0.001758,0.002863,31.1442,31.643,32.143
S01,597,0.015629,2.6e-05,31.1564,0.001758,0.002861,31.1564,31.6564,32.1564
S01,598,0.015655,2.6e-05,31.1698,0.001759,0.00286,31.1698,31.6698,32.1698
S01,599,0.015681,2.6e-05,31.183,0.001759,0.002858,31.183,31.683,32.183
S01,600,0.015707,2.6e-05,31.1962,0.00176,0.002857,31.1962,31.6962,32.1962
S01,601,0.015733,2.6e-05,31.2092,0.00176,0.002855,31.2092,31.7092,32.2092
S01,602,0.01576,2.6e-05,31.2221,0.001761,0.002854,31.2221,31.7221,32.2221
S01,603,0.015786,2.6e-05,31.2404,0.001761,0.002852,31.2404,31.735,32.235
S01,604,0.015812,2.6e-05,31.2477,0.001762,0.002851,31.2477,31.7477,32.2477
S01,605,0.015838,2.6e-05,31.2604,0.001763,0.002849,31.2604,31.7604,32.2604
S01,606,0.015864,2.6e-05,31.2729,0.001763,0.002848,31.2729,31.7729,32.2729
S01,607,0.01589,2.6e-05,31.2874,0.001764,0.002846,31.2874,31.7853,32.2853
S01,608,0.015916,2.6e-05,31.2977,0.001764,0.002845,31.2977,31.7977,32.2977
S01,609,0.015943,2.6e-05,31.3279,0.001765,0.002843,31.3279,31.8099,32.3099
S01,610,0.015969,2.6e-05,31.342,0.001767,0.002842,31.342,31.8221,32.3221
S01,611,0.015995,2.6e-05,31.3494,0.001767,0.00284,31.3494,31.8341,32.3341
S01,612,0.016021,2.6e-05,31.3528,0.001767,0.002839,31.3528,31.846,32.3469
S01,613,0.016047,2.6e-05,31.3579,0.001767,0.002837,31.3579,31.8579,32.3579
S01,614,0.016073,2.6e-05,31.3745,0.001767,0.002836,31.3745,31.8696,32.3696
S01,615,0.0161,2.6e-05,31.3812,0.001768,0.002834,31.3812,31.8812,32.3812
S01,616,0.016126,2.6e-05,31.3928,0.001768,0.002833,31.3928,31.8928,32.3928
S01,617,0.016152,2.6e-05,31.4042,0.001769,0.002831,31.4042,31.9042,32.4042
S01,618,0.016178,2.6e-05,31.4155,0.001769,0.00283,31.4155,31.9155,32.4155
S01,619,0.016205,2.6e-05,31.4355,0.00177,0.002828,31.4355,31.9267,32.4267
S01,620,0.016231,2.6e-05,31.4477,0.001771,0.002827,31.4477,31.9378,32.4389
S01,621,0.016257,2.6e-05,31.4673,0.001771,0.002825,31.4673,31.9489,32.4489
S01,622,0.016283,2.6e-05,31.4622,0.001773,0.002824,31.4622,31.9598,32.4598
S01,623,0.01631,2.6e-05,31.4706,0.001772,0.002822,31.4706,31.9706,32.4706
S01,624,0.016336,2.6e-05,31.4813,0.001772,0.002821,31.4813,31.9813,32.4813
S01,625,0.016362,2.6e-05,31.4919,0.001773,0.00282,31.4919,31.9919,32.4974
S01,626,0.016388,2.6e-05,31.5195,0.001773,0.002818,31.5195,32.0024,32.5027
S01,627,0.016415,2.6e-05,31.547,0.001775,0.002817,31.547,32.0127,32.5127
S01,628,0.016441,2.6e-05,31.523,0.001776,0.002815,31.523,32.023,32.523
S01,629,0.016467,2.6e-05,31.5332,0.001774,0.002814,31.5332,32.0332,32.5332
S01,630,0.016494,2.6e-05,31.5528,0.001775,0.002812,31.5528,32.0433,32.5433
S01,631,0.01652,2.6e-05,31.5532,0.001776,0.002811,31.5532,32.0532,32.5532
S01,632,0.016546,2.6e-05,31.5631,0.001776,0.002809,31.5631,32.0631,32.5631
S01,633,0.016573,2.6e-05,31.5729,0.001776,0.002808,31.5729,32.0729,32.5729
S01,634,0.016599,2.6e-05,31.584,0.001776,0.002806,31.584,32.0825,32.5825
S01,635,0.016625,2.6e-05,31.592,0.001777,0.002805,31.592,32.092,32.592
S01,636,0.016652,2.6e-05,31.6015,0.001777,0.002804,31.6015,32.1015,32.6015
S01,637,0.016678,2.6e-05,31.6108,0.001778,0.002802,31.6108,32.1108,32.6108
S01,638,0.016704,2.6e-05,31.6337,0.001778,0.002801,31.6337,32.12,32.62
S01,639,0.016731,2.6e-05,31.6534,0.00178,0.002799,31.6534,32.1291,32.6291
S01,640,0.016757,2.6e-05,31.6382,0.001781,0.002798,31.6382,32.1382,32.6382
S01,641,0.016783,2.6e-05,31.6599,0.001779,0.002796,31.6599,32.1471,32.6471
S01,642,0.01681,2.6e-05,31.6558,0.001781,0.002795,31.6558,32.1558,32.6558
S01,643,0.016836,2.6e-05,31.6696,0.00178,0.002794,31.6696,32.1645,32.6645
S01,644,0.016863,2.6e-05,31.6731,0.001781,0.002792,31.6731,32.1745,32.6731
S01,645,0.016889,2.6e-05,31.7043,0.001781,0.002791,31.7043,32.1816,32.6816
S01,646,0.016915,2.6e-05,31.6899,0.001783,0.002789,31.6899,32.1899,32.6899
S01,647,0.016942,2.6e-05,31.6982,0.001781,0.002788,31.6982,32.1982,32.6982
S01,648,0.016968,2.6e-05,31.7063,0.001782,0.002787,31.7063,32.2063,32.7063
S01,649,0.016995,2.6e-05,31.7144,0.001782,0.002785,31.7144,32.2144,32.7244
S01,650,0.017021,2.6e-05,31.7223,0.001783,0.002784,31.7223,32.2223,32.7223
S01,651,0.017047,2.6e-05,31.7301,0.001783,0.002782,31.7301,32.2301,32.7301
S01,652,0.017074,2.6e-05,31.7474,0.001783,0.002781,31.7474,32.2378,32.7378
S01,653,0.0171,2.6e-05,31.7454,0.001784,0.00278,31.7454,32.2454,32.7454
S01,654,0.017127,2.6e-05,31.7529,0.001784,0.002778,31.7529,32.2529,32.7529
S01,655,0.017153,2.6e-05,31.7618,0.001784,0.002777,31.7618,32.2603,32.7603
S01,656,0.01718,2.6e-05,31.7676,0.001785,0.002775,31.7676,32.2676,32.7676
S01,657,0.017206,2.6e-05,31.7747,0.001785,0.002774,31.7747,32.2747,32.7826
S01,658,0.017233,2.6e-05,31.7818,0.001785,0.002773,31.7818,32.2818,32.7818
S01,659,0.017259,2.6e-05,31.7887,0.001785,0.002771,31.7887,32.2946,32.7887
S01,660,0.017285,2.6e-05,31.7956,0.001786,0.00277,31.7956,32.2956,32.7956
S01,661,0.017312,2.6e-05,31.8023,0.001786,0.002769,31.8023,32.3023,32.8023
S01,662,0.017338,2.6e-05,31.8089,0.001786,0.002767,31.8089,32.3089,32.8089
S01,663,0.017365,2.6e-05,31.8154,0.001787,0.002766,31.8154,32.3154,32.8154
S01,664,0.017391,2.6e-05,31.8218,0.001787,0.002765,31.8218,32.3221,32.8218
S01,665,0.017418,2.6e-05,31.8288,0.001787,0.002763,31.8288,32.3281,32.8281
S01,666,0.017444,2.6e-05,31.8342,0.001787,0.002762,31.8342,32.3472,32.8342
S01,667,0.017471,2.6e-05,31.8403,0.001788,0.002761,31.8403,32.3485,32.8403
S01,668,0.017497,2.6e-05,31.8462,0.001788,0.002759,31.8462,32.3567,32.8462
S01,669,0.017524,2.7e-05,31.8521,0.001788,0.002758,31.8521,32.3656,32.8521
S01,670,0.01755,2.7e-05,31.8578,0.001788,0.002757,31.8578,32.3803,32.8578
S01,671,0.017577,2.7e-05,31.8634,0.001789,0.002755,31.8634,32.3931,32.8634
S01,672,0.017603,2.7e-05,31.8689,0.001789,0.002754,31.8689,32.3834,32.8689
S01,673,0.01763,2.7e-05,31.8776,0.001789,0.002753,31.8776,32.3805,32.8743
S01,674,0.017656,2.7e-05,31.8795,0.00179,0.002751,31.8795,32.3795,32.8795
S01,675,0.017683,2.7e-05,31.8847,0.00179,0.00275,31.8847,32.3847,32.8847
S01,676,0.017709,2.7e-05,31.8898,0.00179,0.002749,31.8898,32.3898,32.8958
S01,677,0.017736,2.7e-05,31.8947,0.00179,0.002747,31.8947,32.3947,32.8947
S01,678,0.017763,2.7e-05,31.8995,0.00179,0.002746,31.8995,32.3995,32.8995
S01,679,0.017789,2.7e-05,31.9186,0.001791,0.002745,31.9186,32.4042,32.9042
S01,680,0.017816,2.7e-05,31.9363,0.001792,0.002744,31.9363,32.4088,32.9214
S01,681,0.017842,2.7e-05,31.9202,0.001793,0.002742,31.9202,32.4133,32.9133
S01,682,0.017869,2.7e-05,31.9326,0.001792,0.002741,31.9326,32.4177,32.9177
S01,683,0.017895,2.7e-05,31.922,0.001792,0.00274,31.922,32.4224,32.922
S01,684,0.017922,2.7e-05,31.9444,0.001792,0.002738,31.9444,32.4481,32.9261
S01,685,0.017948,2.7e-05,31.9552,0.001793,0.002737,31.9552,32.4402,32.9302
S01,686,0.017975,2.7e-05,31.9424,0.001794,0.002736,31.9424,32.4341,32.9341
S01,687,0.018002,2.7e-05,31.976,0.001793,0.002735,31.976,32.4379,32.9379
S01,688,0.018028,2.7e-05,31.969,0.001795,0.002733,31.969,32.4416,32.9456
S01,689,0.018055,2.7e-05,31.9676,0.001794,0.002732,31.9676,32.4452,32.9452
S01,690,0.018081,2.7e-05,31.9599,0.001794,0.002731,31.9599,32.4487,32.9487
S01,691,0.018108,2.7e-05,31.9539,0.001794,0.00273,31.9539,32.452,32.952
S01,692,0.018134,2.7e-05,31.9553,0.001793,0.002728,31.9553,32.4553,32.9553
S01,693,0.018161,2.7e-05,31.9584,0.001793,0.002727,31.9584,32.4584,32.9584
S01,694,0.018188,2.7e-05,31.9614,0.001793,0.002726,31.9614,32.4614,32.9666
S01,695,0.018214,2.7e-05,31.9762,0.001793,0.002725,31.9762,32.4643,32.9643
S01,696,0.018241,2.7e-05,31.9671,0.001794,0.002723,31.9671,32.4671,32.9671
S01,697,0.018267,2.7e-05,31.9789,0.001794,0.002722,31.9789,32.4698,32.9733
S01,698,0.018294,2.7e-05,31.98,0.001794,0.002721,31.98,32.4747,32.98
S01,699,0.018321,2.7e-05,31.9748,0.001794,0.00272,31.9748,32.4748,32.9935
S01,700,0.018347,2.7e-05,31.9792,0.001794,0.002719,31.9792,32.4772,32.9843
S01,701,0.018374,2.7e-05,31.9938,0.001794,0.002717,31.9938,32.4794,32.9794
S01,702,0.0184,2.7e-05,32.0211,0.001795,0.002716,32.0211,32.4815,32.9815
S01,703,0.018427,2.7e-05,32.0245,0.001797,0.002715,32.0245,32.4835,32.9845
S01,704,0.018454,2.7e-05,32.042,0.001797,0.002714,32.042,32.4854,32.9874
S01,705,0.01848,2.7e-05,32.036,0.001799,0.002713,32.036,32.4872,32.9872
S01,706,0.018507,2.7e-05,32.0395,0.001798,0.002711,32.0395,32.4922,32.9907
S01,707,0.018533,2.7e-05,32.0396,0.001798,0.00271,32.0396,32.4904,32.9904
S01,708,0.01856,2.7e-05,32.0383,0.001798,0.002709,32.0383,32.4918,33.0104
S01,709,0.018587,2.7e-05,32.027,0.001798,0.002708,32.027,32.4932,33.019
S01,710,0.018613,2.7e-05,32.0282,0.001797,0.002707,32.0282,32.5138,33.0132
S01,711,0.01864,2.7e-05,32.0339,0.001797,0.002706,32.0339,32.5029,33.0077
S01,712,0.018666,2.7e-05,32.0382,0.001798,0.002704,32.0382,32.5086,33.0089
S01,713,0.018693,2.7e-05,32.0626,0.001798,0.002703,32.0626,32.505,33.0035
S01,714,0.01872,2.7e-05,32.1159,0.0018,0.002702,32.1159,32.5066,32.9979
S01,715,0.018746,2.7e-05,32.1012,0.001804,0.002701,32.1012,32.4986,33.0053
S01,716,0.018773,2.7e-05,32.0932,0.001803,0.0027,32.0932,32.4991,33.0027
S01,717,0.0188,2.7e-05,32.107,0.001802,0.002699,32.107,32.4995,32.9995
S01,718,0.018826,2.7e-05,32.1108,0.001803,0.002698,32.1108,32.5032,33.0008
S01,719,0.018853,2.7e-05,32.0938,0.001803,0.002697,32.0938,32.5075,32.9999
S01,720,0.01888,2.7e-05,32.0826,0.001802,0.002695,32.0826,32.5,33.011
S01,721,0.018906,2.7e-05,32.0945,0.001801,0.002694,32.0945,32.5036,33.0214
S01,722,0.018933,2.7e-05,32.15,0.001802,0.002693,32.15,32.4998,33.0119
S01,723,0.01896,2.7e-05,32.137,0.001807,0.002692,32.137,32.4995,32.9995
S01,724,0.018986,2.7e-05,32.1302,0.001806,0.002691,32.1302,32.4991,33.0008
S01,725,0.019013,2.7e-05,32.1305,0.001805,0.00269,32.1305,32.5017,33.0039
S01,726,0.01904,2.7e-05,32.1418,0.001805,0.002689,32.1418,32.4979,33.0231
S01,727,0.019067,2.7e-05,32.1457,0.001806,0.002688,32.1457,32.4972,33.011
S01,728,0.019093,2.7e-05,32.1102,0.001806,0.002687,32.1102,32.4963,33.0077
S01,729,0.01912,2.7e-05,32.1001,0.001804,0.002686,32.1001,32.5141,33.0112
S01,730,0.019147,2.7e-05,32.1138,0.001803,0.002685,32.1138,32.5024,32.9992
S01,731,0.019173,2.7e-05,32.1138,0.001804,0.002684,32.1138,32.5018,32.9931
S01,732,0.0192,2.7e-05,32.1095,0.001804,0.002682,32.1095,32.4996,32.9918
S01,733,0.019227,2.7e-05,32.0925,0.001804,0.002681,32.0925,32.4917,32.9904
S01,734,0.019253,2.7e-05,32.0935,0.001802,0.00268,32.0935,32.4954,32.9992
S01,735,0.01928,2.7e-05,32.0869,0.001803,0.002679,32.0869,32.4884,33.0015
S01,736,0.019307,2.7e-05,32.0984,0.001802,0.002678,32.0984,32.4854,33.0074
S01,737,0.019333,2.7e-05,32.1172,0.001803,0.002677,32.1172,32.4961,33.0231
S01,738,0.01936,2.7e-05,32.0992,0.001805,0.002676,32.0992,32.4938,33.0211
S01,739,0.019387,2.7e-05,32.0965,0.001803,0.002675,32.0965,32.485,33.0041
S01,740,0.019413,2.7e-05,32.0976,0.001803,0.002674,32.0976,32.4772,33.0028
S01,741,0.01944,2.7e-05,32.0809,0.001803,0.002673,32.0809,32.4748,33.0031
S01,742,0.019466,2.7e-05,32.0832,0.001802,0.002672,32.0832,32.4783,33.0228
S01,743,0.019493,2.7e-05,32.088,0.001802,0.002671,32.088,32.4808,33.0099
S01,744,0.01952,2.7e-05,32.0616,0.001803,0.00267,32.0616,32.4941,32.9986
S01,745,0.019546,2.7e-05,32.0399,0.001801,0.002669,32.0399,32.491,32.9957
S01,746,0.019573,2.7e-05,32.0211,0.001799,0.002668,32.0211,32.4851,33.0059
S01,747,0.0196,2.7e-05,32.0043,0.001798,0.002667,32.0043,32.4683,33.0132
S01,748,0.019626,2.7e-05,32.0134,0.001797,0.002666,32.0134,32.4594,32.9951
S01,749,0.019653,2.7e-05,31.9978,0.001798,0.002665,31.9978,32.456,33.0046
S01,750,0.019679,2.7e-05,31.9763,0.001796,0.002664,31.9763,32.4523,33.0092
S01,751,0.019706,2.7e-05,31.9452,0.001795,0.002663,31.9452,32.4596,32.9952
S01,752,0.019733,2.7e-05,31.9511,0.001793,0.002662,31.9511,32.459,33.0039
S01,753,0.019759,2.7e-05,31.9614,0.001793,0.002662,31.9614,32.4379,32.9938
S01,754,0.019786,2.7e-05,31.9634,0.001794,0.002661,31.9634,32.4341,32.9963
S01,755,0.019812,2.7e-05,31.9785,0.001794,0.00266,31.9785,32.4374,32.9919
S01,756,0.019839,2.7e-05,31.9408,0.001796,0.002659,31.9408,32.4299,32.9938
S01,757,0.019866,2.7e-05,31.922,0.001793,0.002658,31.922,32.4332,33.0007
S01,758,0.019892,2.7e-05,31.9238,0.001792,0.002657,31.9238,32.4177,32.9856
S01,759,0.019919,2.7e-05,31.9608,0.001792,0.002656,31.9608,32.4133,32.9634
S01,760,0.019945,2.7e-05,31.9847,0.001795,0.002655,31.9847,32.4109,32.9723
S01,761,0.019972,2.7e-05,31.9896,0.001797,0.002654,31.9896,32.413,32.9737
S01,762,0.019998,2.7e-05,32.0028,0.001798,0.002653,32.0028,32.4333,32.9812
S01,763,0.020025,2.7e-05,31.9704,0.001799,0.002652,31.9704,32.435,32.9904
S01,764,0.020052,2.7e-05,31.9938,0.001796,0.002652,31.9938,32.428,32.9998
S01,765,0.020078,2.7e-05,32.0116,0.001798,0.002651,32.0116,32.4513,32.9901
S01,766,0.020105,2.7e-05,32.0007,0.0018,0.00265,32.0007,32.4455,32.9831
S01,767,0.020131,2.7e-05,31.9822,0.001799,0.002649,31.9822,32.4151,32.9764
S01,768,0.020158,2.7e-05,31.9889,0.001798,0.002648,31.9889,32.4076,32.9935
S01,769,0.020185,2.7e-05,31.9884,0.001799,0.002647,31.9884,32.418,32.9938
S01,770,0.020211,2.7e-05,32.0042,0.001799,0.002646,32.0042,32.4183,33.0052
S01,771,0.020238,2.7e-05,32.0046,0.0018,0.002646,32.0046,32.4208,33.0065
S01,772,0.020264,2.7e-05,31.9981,0.0018,0.002645,31.9981,32.4223,33.0266
S01,773,0.020291,2.7e-05,31.992,0.0018,0.002644,31.992,32.4239,33.0367
S01,774,0.020318,2.7e-05,32.0141,0.0018,0.002643,32.0141,32.4216,33.0104
S01,775,0.020344,2.7e-05,32.0237,0.001802,0.002642,32.0237,32.397,33.0227
S01,776,0.020371,2.7e-05,32.0264,0.001803,0.002641,32.0264,32.4048,33.0112
S01,777,0.020397,2.7e-05,31.9946,0.001803,0.002641,31.9946,32.4049,33.0084
S01,778,0.020424,2.7e-05,31.9841,0.001801,0.00264,31.9841,32.4032,33.0337
S01,779,0.020451,2.7e-05,32.0001,0.0018,0.002639,32.0001,32.4113,33.0396
S01,780,0.020477,2.7e-05,32.029,0.001802,0.002638,32.029,32.4071,33.0165
S01,781,0.020504,2.7e-05,32.0245,0.001804,0.002637,32.0245,32.4129,33.0044
S01,782,0.02053,2.7e-05,32.0202,0.001804,0.002637,32.0202,32.4037,33.017
S01,783,0.020557,2.7e-05,32.0345,0.001804,0.002636,32.0345,32.408,33.0208
S01,784,0.020584,2.7e-05,32.0331,0.001805,0.002635,32.0331,32.4077,33.0065
S01,785,0.02061,2.7e-05,31.9886,0.001805,0.002634,31.9886,32.4067,33.0074
S01,786,0.020637,2.7e-05,32.0121,0.001802,0.002634,32.0121,32.42,33.0207
S01,787,0.020663,2.7e-05,31.9915,0.001804,0.002633,31.9915,32.4139,33.0231
S01,788,0.02069,2.7e-05,32.0414,0.001803,0.002632,32.0414,32.4265,33.0319
S01,789,0.020717,2.7e-05,32.0329,0.001807,0.002631,32.0329,32.4153,33.0373
S01,790,0.020743,2.7e-05,32.0102,0.001807,0.002631,32.0102,32.4105,33.0337
S01,791,0.02077,2.7e-05,32.0414,0.001805,0.00263,32.0414,32.4047,33.0068
S01,792,0.020797,2.7e-05,32.0508,0.001808,0.002629,32.0508,32.3956,33.0047
S01,793,0.020823,2.7e-05,32.0483,0.001809,0.002629,32.0483,32.3908,33.0102
S01,794,0.02085,2.7e-05,32.017,0.001809,0.002628,32.017,32.3834,33.0145
S01,795,0.020876,2.7e-05,32.004,0.001807,0.002627,32.004,32.365,33.0186
S01,796,0.020903,2.7e-05,32.0258,0.001806,0.002626,32.0258,32.3625,32.9964
S01,797,0.02093,2.7e-05,32.0392,0.001808,0.002626,32.0392,32.344,32.9969
S01,798,0.020956,2.7e-05,32.0207,0.001809,0.002625,32.0207,32.3305,32.9898
S01,799,0.020983,2.7e-05,32.0164,0.001808,0.002624,32.0164,32.3221,32.993
S01,800,0.021009,2.7e-05,32.0068,0.001808,0.002624,32.0068,32.33,32.9931
S01,801,0.021036,2.7e-05,31.9921,0.001808,0.002623,31.9921,32.3194,32.974
S01,802,0.021063,2.7e-05,31.9972,0.001807,0.002622,31.9972,32.3139,32.9476
S01,803,0.021089,2.7e-05,31.9858,0.001808,0.002622,31.9858,32.3029,32.9608
S01,804,0.021116,2.7e-05,31.9511,0.001807,0.002621,31.9511,32.2864,32.9692
S01,805,0.021142,2.7e-05,31.9775,0.001805,0.00262,31.9775,32.2771,32.9601
S01,806,0.021169,2.7e-05,31.9892,0.001807,0.00262,31.9892,32.2521,32.9387
S01,807,0.021196,2.7e-05,31.9829,0.001808,0.002619,31.9829,32.266,32.9316
S01,808,0.021222,2.7e-05,31.9842,0.001808,0.002619,31.9842,32.2756,32.9501
S01,809,0.021249,2.7e-05,31.972,0.001809,0.002618,31.972,32.2736,32.9656
S01,810,0.021275,2.7e-05,31.9408,0.001808,0.002617,31.9408,32.2819,32.9527
S01,811,0.021302,2.7e-05,31.9422,0.001806,0.002617,31.9422,32.2774,32.9404
S01,812,0.021328,2.7e-05,31.9218,0.001806,0.002616,31.9218,32.2781,32.9477
S01,813,0.021355,2.7e-05,31.9186,0.001805,0.002616,31.9186,32.2766,32.9507
S01,814,0.021382,2.7e-05,31.8984,0.001805,0.002615,31.8984,32.2817,32.9562
S01,815,0.021408,2.7e-05,31.9498,0.001804,0.002614,31.9498,32.276,32.9489
S01,816,0.021435,2.7e-05,31.9645,0.001808,0.002614,31.9645,32.2823,32.9409
S01,817,0.021461,2.7e-05,31.9558,0.00181,0.002613,31.9558,32.2857,32.93
S01,818,0.021488,2.7e-05,31.9469,0.00181,0.002613,31.9469,32.2846,32.9374
S01,819,0.021514,2.7e-05,31.9341,0.001809,0.002612,31.9341,32.2641,32.9155
S01,820,0.021541,2.7e-05,31.9082,0.001809,0.002612,31.9082,32.2488,32.9113
S01,821,0.021567,2.7e-05,31.8838,0.001807,0.002611,31.8838,32.2396,32.9009
S01,822,0.021594,2.7e-05,31.8743,0.001806,0.002611,31.8743,32.2506,32.9049
S01,823,0.02162,2.7e-05,31.8739,0.001805,0.00261,31.8739,32.2438,32.8979
S01,824,0.021647,2.7e-05,31.8798,0.001806,0.00261,31.8798,32.2474,32.8862
S01,825,0.021674,2.7e-05,31.8798,0.001806,0.002609,31.8798,32.2249,32.8857
S01,826,0.0217,2.7e-05,31.8944,0.001807,0.002609,31.8944,32.2201,32.9012
S01,827,0.021727,2.7e-05,31.8761,0.001808,0.002608,31.8761,32.2202,32.8981
S01,828,0.021753,2.7e-05,31.8734,0.001807,0.002608,31.8734,32.217,32.8965
S01,829,0.02178,2.7e-05,31.8897,0.001807,0.002607,31.8897,32.2288,32.8938
S01,830,0.021806,2.7e-05,31.9053,0.001809,0.002607,31.9053,32.2199,32.8988
S01,831,0.021833,2.7e-05,31.8894,0.001811,0.002606,31.8894,32.2288,32.9182
S01,832,0.021859,2.7e-05,31.8863,0.00181,0.002606,31.8863,32.2048,32.9098
S01,833,0.021886,2.7e-05,31.9102,0.00181,0.002605,31.9102,32.2086,32.9095
S01,834,0.021912,2.7e-05,31.9297,0.001812,0.002605,31.9297,32.2117,32.9189
S01,835,0.021939,2.7e-05,31.9475,0.001814,0.002604,31.9475,32.2254,32.9197
S01,836,0.021965,2.7e-05,31.9649,0.001816,0.002604,31.9649,32.2207,32.9109
S01,837,0.021992,2.7e-05,31.9984,0.001818,0.002604,31.9984,32.2216,32.9162
S01,838,0.022019,2.7e-05,32.0002,0.001821,0.002603,32.0002,32.2144,32.9135
S01,839,0.022045,2.7e-05,32.0282,0.001821,0.002603,32.0282,32.2188,32.8936
S01,840,0.022072,2.7e-05,32.0233,0.001824,0.002602,32.0233,32.2355,32.8889
S01,841,0.022098,2.7e-05,31.9866,0.001824,0.002602,31.9866,32.2529,32.8931
S01,842,0.022125,2.7e-05,31.9845,0.001822,0.002601,31.9845,32.2476,32.9014
S01,843,0.022152,2.7e-05,31.973,0.001822,0.002601,31.973,32.2574,32.9042
S01,844,0.022178,2.7e-05,31.9773,0.001821,0.002601,31.9773,32.2572,32.8999
S01,845,0.022205,2.7e-05,31.9975,0.001822,0.0026,31.9975,32.247,32.8811
S01,846,0.022231,2.7e-05,32.0091,0.001824,0.0026,32.0091,32.2518,32.8833
S01,847,0.022258,2.7e-05,32.0166,0.001826,0.0026,32.0166,32.2472,32.8887
S01,848,0.022285,2.7e-05,32.0151,0.001827,0.002599,32.0151,32.241,32.883
S01,849,0.022311,2.7e-05,32.0548,0.001827,0.002599,32.0548,32.2225,32.8853
S01,850,0.022338,2.7e-05,32.0206,0.001831,0.002599,32.0206,32.2202,32.8783
S01,851,0.022364,2.7e-05,31.9782,0.001828,0.002598,31.9782,32.2226,32.8719
S01,852,0.022391,2.7e-05,31.9356,0.001826,0.002598,31.9356,32.2293,32.8837
S01,853,0.022418,2.7e-05,31.9647,0.001823,0.002598,31.9647,32.2313,32.8815
S01,854,0.022444,2.7e-05,31.9906,0.001826,0.002597,31.9906,32.2467,32.8903
S01,855,0.022471,2.7e-05,31.9712,0.001828,0.002597,31.9712,32.2471,32.8921
S01,856,0.022497,2.7e-05,31.9343,0.001827,0.002597,31.9343,32.2499,32.9123
S01,857,0.022524,2.7e-05,31.9465,0.001825,0.002596,31.9465,32.2628,32.9115
S01,858,0.02255,2.7e-05,31.9443,0.001826,0.002596,31.9443,32.2647,32.9008
S01,859,0.022577,2.7e-05,31.9244,0.001826,0.002596,31.9244,32.2753,32.912
S01,860,0.022604,2.7e-05,31.9039,0.001825,0.002595,31.9039,32.2828,32.9086
S01,861,0.02263,2.7e-05,31.9101,0.001824,0.002595,31.9101,32.2851,32.9161
S01,862,0.022657,2.7e-05,31.9111,0.001825,0.002595,31.9111,32.297,32.9167
S01,863,0.022683,2.7e-05,31.9229,0.001826,0.002595,31.9229,32.2864,32.9358
S01,864,0.02271,2.7e-05,31.9316,0.001827,0.002594,31.9316,32.2914,32.9171
S01,865,0.022736,2.7e-05,31.9145,0.001828,0.002594,31.9145,32.3015,32.9175
S01,866,0.022763,2.7e-05,31.8756,0.001828,0.002594,31.8756,32.3094,32.9096
S01,867,0.022789,2.7e-05,31.9032,0.001825,0.002594,31.9032,32.306,32.9093
S01,868,0.022816,2.7e-05,31.9261,0.001828,0.002594,31.9261,32.2948,32.8969
S01,869,0.022842,2.7e-05,31.9215,0.00183,0.002593,31.9215,32.3008,32.8812
S01,870,0.022869,2.7e-05,31.8875,0.00183,0.002593,31.8875,32.3066,32.8729
S01,871,0.022895,2.7e-05,31.879,0.001828,0.002593,31.879,32.2854,32.8637
S01,872,0.022922,2.7e-05,31.8782,0.001828,0.002593,31.8782,32.2923,32.8537
S01,873,0.022949,2.7e-05,31.9107,0.001829,0.002592,31.9107,32.2832,32.8446
S01,874,0.022975,2.7e-05,31.9408,0.001832,0.002592,31.9408,32.2832,32.8368
S01,875,0.023002,2.7e-05,31.9371,0.001834,0.002592,31.9371,32.2947,32.8493
S01,876,0.023028,2.7e-05,31.9201,0.001835,0.002592,31.9201,32.292,32.848
S01,877,0.023055,2.7e-05,31.8997,0.001834,0.002592,31.8997,32.2891,32.8458
S01,878,0.023081,2.7e-05,31.9219,0.001833,0.002592,31.9219,32.299,32.8403
S01,879,0.023108,2.7e-05,31.917,0.001835,0.002592,31.917,32.3033,32.8323
S01,880,0.023134,2.7e-05,31.9281,0.001835,0.002591,31.9281,32.3002,32.8205
S01,881,0.023161,2.7e-05,31.9083,0.001837,0.002591,31.9083,32.3123,32.8169
S01,882,0.023187,2.7e-05,31.9405,0.001836,0.002591,31.9405,32.3049,32.8178
S01,883,0.023214,2.7e-05,31.9877,0.001839,0.002591,31.9877,32.2925,32.7967
S01,884,0.023241,2.7e-05,32.0128,0.001843,0.002591,32.0128,32.2825,32.7944
S01,885,0.023267,2.7e-05,32.0005,0.001846,0.002591,32.0005,32.2835,32.7829
S01,886,0.023294,2.7e-05,31.9962,0.001845,0.002591,31.9962,32.2863,32.7708
S01,887,0.02332,2.7e-05,31.9816,0.001846,0.002591,31.9816,32.281,32.7546
S01,888,0.023347,2.7e-05,31.9725,0.001845,0.00259,31.9725,32.2803,32.7487
S01,889,0.023374,2.7e-05,31.9664,0.001845,0.00259,31.9664,32.2782,32.7403
S01,890,0.0234,2.7e-05,31.9796,0.001845,0.00259,31.9796,32.2908,32.7338
S01,891,0.023427,2.7e-05,31.9887,0.001847,0.00259,31.9887,32.2866,32.7357
S01,892,0.023453,2.7e-05,32.0194,0.001848,0.00259,32.0194,32.2901,32.7162
S01,893,0.02348,2.7e-05,32.0278,0.001851,0.00259,32.0278,32.3008,32.7123
S01,894,0.023507,2.7e-05,32.0471,0.001852,0.00259,32.0471,32.2924,32.6957
S01,895,0.023533,2.7e-05,32.0493,0.001854,0.00259,32.0493,32.2734,32.6917
S01,896,0.02356,2.7e-05,32.0744,0.001855,0.00259,32.0744,32.2531,32.6771
S01,897,0.023586,2.7e-05,32.0532,0.001858,0.00259,32.0532,32.2513,32.6717
S01,898,0.023613,2.7e-05,32.0805,0.001857,0.00259,32.0805,32.2598,32.6751
S01,899,0.02364,2.7e-05,32.0828,0.001859,0.00259,32.0828,32.2627,32.6648
S01,900,0.023666,2.7e-05,32.0993,0.00186,0.00259,32.0993,32.2506,32.6715
S01,901,0.023693,2.7e-05,32.1224,0.001862,0.00259,32.1224,32.2519,32.668
S01,902,0.02372,2.7e-05,32.1298,0.001864,0.00259,32.1298,32.2225,32.6693
S01,903,0.023746,2.7e-05,32.127,0.001866,0.00259,32.127,32.2215,32.6746
S01,904,0.023773,2.7e-05,32.1248,0.001866,0.00259,32.1248,32.2095,32.6713
S01,905,0.0238,2.7e-05,32.1256,0.001867,0.00259,32.1256,32.2101,32.6711
S01,906,0.023826,2.7e-05,32.1458,0.001867,0.00259,32.1458,32.1989,32.6709
S01,907,0.023853,2.7e-05,32.1709,0.001869,0.002597,32.1709,32.1814,32.6708
S01,908,0.02388,2.7e-05,32.1586,0.001872,0.002606,32.1586,32.1775,32.6597
S01,909,0.023906,2.7e-05,32.1546,0.001872,0.002607,32.1546,32.1958,32.6452
S01,910,0.023933,2.7e-05,32.1306,0.001872,0.002611,32.1306,32.1824,32.6607
S01,911,0.02396,2.7e-05,32.1207,0.001871,0.00261,32.1207,32.1818,32.6547
S01,912,0.023987,2.7e-05,32.1012,0.001871,0.002612,32.1012,32.1789,32.6774
S01,913,0.024013,2.7e-05,32.1284,0.00187,0.002612,32.1284,32.1701,32.6818
S01,914,0.02404,2.7e-05,32.1111,0.001873,0.002621,32.1111,32.152,32.6899
S01,915,0.024067,2.7e-05,32.1337,0.001872,0.002622,32.1337,32.1623,32.6831
S01,916,0.024093,2.7e-05,32.1297,0.001874,0.00263,32.1297,32.1696,32.685
S01,917,0.02412,2.7e-05,32.1212,0.001875,0.002634,32.1212,32.1532,32.684
S01,918,0.024147,2.7e-05,32.1421,0.001875,0.002636,32.1421,32.1411,32.6882
S01,919,0.024173,2.7e-05,32.1481,0.001877,0.002644,32.1481,32.1487,32.6948
S01,920,0.0242,2.7e-05,32.1336,0.001878,0.00265,32.1336,32.1324,32.6872
S01,921,0.024227,2.7e-05,32.1507,0.001878,0.002651,32.1507,32.1271,32.678
S01,922,0.024253,2.7e-05,32.1136,0.00188,0.002658,32.1136,32.1445,32.6841
S01,923,0.02428,2.7e-05,32.1283,0.001878,0.002655,32.1283,32.1541,32.6878
S01,924,0.024307,2.7e-05,32.1228,0.001879,0.002662,32.1228,32.1523,32.6814
S01,925,0.024333,2.7e-05,32.1748,0.00188,0.002666,32.1748,32.158,32.6746
S01,926,0.02436,2.7e-05,32.1834,0.001884,0.00268,32.1834,32.148,32.6876
S01,927,0.024387,2.7e-05,32.1695,0.001886,0.002686,32.1695,32.1532,32.6961
S01,928,0.024413,2.7e-05,32.1765,0.001885,0.002688,32.1765,32.1542,32.694
S01,929,0.02444,2.7e-05,32.1747,0.001887,0.002694,32.1747,32.1486,32.6873
S01,930,0.024467,2.7e-05,32.2036,0.001887,0.002698,32.2036,32.1478,32.6773
S01,931,0.024494,2.7e-05,32.1926,0.00189,0.002708,32.1926,32.1591,32.682
S01,932,0.02452,2.7e-05,32.2031,0.00189,0.00271,32.2031,32.1568,32.6856
S01,933,0.024547,2.7e-05,32.1895,0.001892,0.002716,32.1895,32.1544,32.6932
S01,934,0.024574,2.7e-05,32.2063,0.001891,0.002718,32.2063,32.1449,32.6825
S01,935,0.024601,2.7e-05,32.2078,0.001893,0.002726,32.2078,32.1625,32.6612
S01,936,0.024627,2.7e-05,32.2127,0.001894,0.002731,32.2127,32.1491,32.6528
S01,937,0.024654,2.7e-05,32.2046,0.001895,0.002736,32.2046,32.1452,32.6455
S01,938,0.024681,2.7e-05,32.2041,0.001895,0.002739,32.2041,32.1402,32.6288
S01,939,0.024707,2.7e-05,32.219,0.001896,0.002743,32.219,32.1482,32.6353
S01,940,0.024734,2.7e-05,32.1874,0.001898,0.002751,32.1874,32.1514,32.6402
S01,941,0.024761,2.7e-05,32.1661,0.001896,0.002749,32.1661,32.1516,32.637
S01,942,0.024788,2.7e-05,32.2022,0.001895,0.00275,32.2022,32.1712,32.6185
S01,943,0.024814,2.7e-05,32.2513,0.001899,0.002761,32.2513,32.1625,32.6265
S01,944,0.024841,2.7e-05,32.27,0.001903,0.002776,32.27,32.1532,32.6296
S01,945,0.024868,2.7e-05,32.2671,0.001905,0.002784,32.2671,32.1594,32.63
S01,946,0.024895,2.7e-05,32.2903,0.001906,0.002788,32.2903,32.1609,32.6264
S01,947,0.024921,2.7e-05,32.3114,0.001909,0.002798,32.3114,32.1677,32.6319
S01,948,0.024948,2.7e-05,32.2974,0.001911,0.002807,32.2974,32.158,32.6243
S01,949,0.024975,2.7e-05,32.2842,0.001911,0.002809,32.2842,32.1666,32.6323
S01,950,0.025002,2.7e-05,32.2803,0.00191,0.002811,32.2803,32.1816,32.6442
S01,951,0.025029,2.7e-05,32.2844,0.001911,0.002815,32.2844,32.174,32.658
S01,952,0.025055,2.7e-05,32.2824,0.001912,0.00282,32.2824,32.1759,32.6527
S01,953,0.025082,2.7e-05,32.2639,0.001912,0.002825,32.2639,32.1617,32.6571
S01,954,0.025109,2.7e-05,32.2474,0.001912,0.002826,32.2474,32.1929,32.6443
S01,955,0.025136,2.7e-05,32.2215,0.001911,0.002827,32.2215,32.1981,32.6579
S01,956,0.025162,2.7e-05,32.222,0.00191,0.002827,32.222,32.204,32.6376
S01,957,0.025189,2.7e-05,32.2077,0.001911,0.002832,32.2077,32.1933,32.6169
S01,958,0.025216,2.7e-05,32.2092,0.00191,0.002834,32.2092,32.1709,32.6019
S01,959,0.025243,2.7e-05,32.1977,0.001911,0.002839,32.1977,32.1628,32.6041
S01,960,0.025269,2.7e-05,32.203,0.001911,0.002842,32.203,32.172,32.6099
S01,961,0.025296,2.7e-05,32.225,0.001912,0.002848,32.225,32.1723,32.6112
S01,962,0.025323,2.7e-05,32.2345,0.001915,0.002857,32.2345,32.1741,32.6054
S01,963,0.025349,2.7e-05,32.227,0.001916,0.002864,32.227,32.1662,32.6079
S01,964,0.025376,2.7e-05,32.2243,0.001916,0.002868,32.2243,32.1599,32.5995
S01,965,0.025403,2.7e-05,32.1993,0.001917,0.002872,32.1993,32.1699,32.5986
S01,966,0.02543,2.7e-05,32.1812,0.001916,0.002872,32.1812,32.1781,32.5913
S01,967,0.025456,2.7e-05,32.1523,0.001915,0.002874,32.1523,32.1882,32.5843
S01,968,0.025483,2.7e-05,32.1433,0.001913,0.002873,32.1433,32.1883,32.5941
S01,969,0.02551,2.7e-05,32.1429,0.001914,0.002876,32.1429,32.176,32.5979
S01,970,0.025536,2.7e-05,32.1324,0.001914,0.002881,32.1324,32.1946,32.5963
S01,971,0.025563,2.7e-05,32.0868,0.001914,0.002884,32.0868,32.1976,32.6141
S01,972,0.02559,2.7e-05,32.1175,0.001911,0.00288,32.1175,32.2154,32.6023
S01,973,0.025616,2.7e-05,32.1349,0.001915,0.002891,32.1349,32.2077,32.603
S01,974,0.025643,2.7e-05,32.1087,0.001917,0.0029,32.1087,32.2007,32.5946
S01,975,0.02567,2.7e-05,32.1258,0.001915,0.0029,32.1258,32.2082,32.5958
S01,976,0.025697,2.7e-05,32.0979,0.001918,0.002909,32.0979,32.2044,32.5868
S01,977,0.025723,2.7e-05,32.1145,0.001916,0.002908,32.1145,32.2157,32.5959
S01,978,0.02575,2.7e-05,32.0985,0.001918,0.002917,32.0985,32.1876,32.5766
S01,979,0.025776,2.7e-05,32.1261,0.001918,0.002919,32.1261,32.1832,32.5675
S01,980,0.025803,2.7e-05,32.1581,0.001921,0.00293,32.1581,32.1957,32.5663
S01,981,0.02583,2.7e-05,32.1514,0.001924,0.002941,32.1514,32.1941,32.567
S01,982,0.025857,2.7e-05,32.1825,0.001924,0.002945,32.1825,32.1983,32.5728
S01,983,0.025883,2.7e-05,32.205,0.001928,0.002957,32.205,32.1866,32.5788
S01,984,0.02591,2.7e-05,32.1982,0.00193,0.002967,32.1982,32.1615,32.5559
S01,985,0.025937,2.7e-05,32.177,0.001931,0.002971,32.177,32.1669,32.5555
S01,986,0.025963,2.7e-05,32.1798,0.00193,0.002972,32.1798,32.1865,32.5413
S01,987,0.02599,2.7e-05,32.1784,0.001931,0.002978,32.1784,32.1895,32.5325
S01,988,0.026017,2.7e-05,32.178,0.001931,0.002983,32.178,32.1734,32.5452
S01,989,0.026044,2.7e-05,32.1635,0.001932,0.002988,32.1635,32.1937,32.5435
S01,990,0.02607,2.7e-05,32.1832,0.001932,0.002991,32.1832,32.1931,32.5418
S01,991,0.026097,2.7e-05,32.1706,0.001934,0.003,32.1706,32.1942,32.5435
S01,992,0.026124,2.7e-05,32.154,0.001934,0.003003,32.154,32.1927,32.536
S01,993,0.02615,2.7e-05,32.1991,0.001934,0.003005,32.1991,32.1918,32.5501
S01,994,0.026177,2.7e-05,32.1942,0.001938,0.00302,32.1942,32.1944,32.5355
S01,995,0.026204,2.7e-05,32.1844,0.001938,0.003024,32.1844,32.1965,32.55
S01,996,0.026231,2.7e-05,32.1879,0.001938,0.003028,32.1879,32.2102,32.555
S01,997,0.026257,2.7e-05,32.2195,0.00194,0.003034,32.2195,32.2097,32.5776
S01,998,0.026284,2.7e-05,32.2089,0.001943,0.003046,32.2089,32.202,32.564
S01,999,0.026311,2.7e-05,32.2545,0.001943,0.003049,32.2545,32.2106,32.5592
S01,1000,0.026337,2.7e-05,32.2786,0.001947,0.003064,32.2786,32.2178,32.5775
S01,1001,0.026364,2.7e-05,32.2467,0.00195,0.003075,32.2467,32.2154,32.5714
S01,1002,0.026391,2.7e-05,32.2062,0.001948,0.003074,32.2062,32.2259,32.5673
S01,1003,0.026418,2.7e-05,32.2201,0.001946,0.003071,32.2201,32.2495,32.5625
S01,1004,0.026444,2.7e-05,32.2107,0.001948,0.00308,32.2107,32.2504,32.5712
S01,1005,0.026471,2.7e-05,32.1984,0.001948,0.003084,32.1984,32.2438,32.5804
S01,1006,0.026498,2.7e-05,32.205,0.001948,0.003087,32.205,32.2231,32.5667
S01,1007,0.026525,2.7e-05,32.234,0.001949,0.003094,32.234,32.2272,32.5578
S01,1008,0.026551,2.7e-05,32.2296,0.001952,0.003105,32.2296,32.2274,32.5638
S01,1009,0.026578,2.7e-05,32.2015,0.001953,0.00311,32.2015,32.2188,32.5651
S01,1010,0.026605,2.7e-05,32.1985,0.001951,0.00311,32.1985,32.2244,32.5515
S01,1011,0.026632,2.7e-05,32.2047,0.001952,0.003115,32.2047,32.2352,32.5551
S01,1012,0.026658,2.7e-05,32.2065,0.001953,0.003122,32.2065,32.2341,32.5454
S01,1013,0.026685,2.7e-05,32.204,0.001954,0.003128,32.204,32.2465,32.5431
S01,1014,0.026712,2.7e-05,32.1852,0.001955,0.003134,32.1852,32.2412,32.5439
S01,1015,0.026738,2.7e-05,32.1767,0.001954,0.003136,32.1767,32.2456,32.5479
S01,1016,0.026765,2.7e-05,32.1935,0.001954,0.00314,32.1935,32.2596,32.5567
S01,1017,0.026792,2.7e-05,32.1738,0.001957,0.003149,32.1738,32.25,32.5547
S01,1018,0.026819,2.7e-05,32.1638,0.001956,0.003151,32.1638,32.2381,32.549
S01,1019,0.026845,2.7e-05,32.1533,0.001956,0.003155,32.1533,32.2309,32.5446
S01,1020,0.026872,2.7e-05,32.1758,0.001956,0.003158,32.1758,32.2326,32.5681
S01,1021,0.026899,2.7e-05,32.1782,0.001959,0.003169,32.1782,32.2293,32.5668
S01,1022,0.026925,2.7e-05,32.1823,0.00196,0.003175,32.1823,32.2334,32.5862
S01,1023,0.026952,2.7e-05,32.1644,0.001961,0.003182,32.1644,32.2416,32.5869
S01,1024,0.026979,2.7e-05,32.1319,0.00196,0.003184,32.1319,32.2486,32.5982
S01,1025,0.027006,2.7e-05,32.1137,0.001959,0.003183,32.1137,32.2477,32.5796
S01,1026,0.027032,2.7e-05,32.0875,0.001958,0.003186,32.0875,32.2572,32.5736
S01,1027,0.027059,2.7e-05,32.0643,0.001957,0.003186,32.0643,32.2584,32.5671
S01,1028,0.027085,2.7e-05,32.0538,0.001956,0.003188,32.0538,32.2645,32.5543
S01,1029,0.027112,2.7e-05,32.0346,0.001956,0.003191,32.0346,32.2647,32.5628
S01,1030,0.027139,2.7e-05,32.0584,0.001955,0.003194,32.0584,32.2568,32.571
S01,1031,0.027165,2.7e-05,32.0416,0.001958,0.003204,32.0416,32.2738,32.5585
S01,1032,0.027192,2.7e-05,32.0671,0.001957,0.003207,32.0671,32.266,32.5774
S01,1033,0.027219,2.7e-05,32.0779,0.00196,0.003218,32.0779,32.2547,32.5709
S01,1034,0.027245,2.7e-05,32.0924,0.001962,0.003226,32.0924,32.2642,32.569
S01,1035,0.027272,2.7e-05,32.0922,0.001964,0.003235,32.0922,32.2708,32.5691
S01,1036,0.027299,2.7e-05,32.0653,0.001965,0.003241,32.0653,32.2614,32.5702
S01,1037,0.027325,2.7e-05,32.0885,0.001963,0.003242,32.0885,32.2766,32.5768
S01,1038,0.027352,2.7e-05,32.0932,0.001966,0.003252,32.0932,32.2829,32.569
S01,1039,0.027378,2.7e-05,32.089,0.001967,0.003259,32.089,32.2735,32.5553
S01,1040,0.027405,2.7e-05,32.0946,0.001968,0.003265,32.0946,32.2743,32.5611
S01,1041,0.027432,2.7e-05,32.1044,0.001969,0.003272,32.1044,32.2757,32.5655
S01,1042,0.027458,2.7e-05,32.1024,0.001971,0.00328,32.1024,32.2788,32.5571
S01,1043,0.027485,2.7e-05,32.1087,0.001972,0.003285,32.1087,32.2845,32.5493
S01,1044,0.027512,2.7e-05,32.1086,0.001973,0.003293,32.1086,32.2772,32.543
S01,1045,0.027538,2.7e-05,32.085,0.001974,0.003299,32.085,32.2887,32.5526
S01,1046,0.027565,2.7e-05,32.0946,0.001973,0.0033,32.0946,32.3073,32.5497
S01,1047,0.027592,2.7e-05,32.1541,0.001974,0.003308,32.1541,32.3041,32.5513
S01,1048,0.027618,2.7e-05,32.145,0.00198,0.003326,32.145,32.3068,32.5587
S01,1049,0.027645,2.7e-05,32.1416,0.00198,0.003331,32.1416,32.3236,32.5601
S01,1050,0.027672,2.7e-05,32.1458,0.001981,0.003336,32.1458,32.3134,32.5633
S01,1051,0.027699,2.7e-05,32.142,0.001982,0.003343,32.142,32.3063,32.5545
S01,1052,0.027725,2.7e-05,32.1943,0.001983,0.003348,32.1943,32.303,32.5389
S01,1053,0.027752,2.7e-05,32.1791,0.001988,0.003365,32.1791,32.3018,32.5435
S01,1054,0.027779,2.7e-05,32.1891,0.001987,0.003368,32.1891,32.3079,32.5361
S01,1055,0.027805,2.7e-05,32.1947,0.001989,0.003376,32.1947,32.2984,32.5289
S01,1056,0.027832,2.7e-05,32.1752,0.00199,0.003384,32.1752,32.2858,32.5386
S01,1057,0.027859,2.7e-05,32.1877,0.00199,0.003386,32.1877,32.295,32.538
S01,1058,0.027885,2.7e-05,32.2021,0.001992,0.003395,32.2021,32.2768,32.5456
S01,1059,0.027912,2.7e-05,32.2044,0.001994,0.003404,32.2044,32.2826,32.5484
S01,1060,0.027939,2.7e-05,32.1835,0.001995,0.003411,32.1835,32.2671,32.5401
S01,1061,0.027966,2.7e-05,32.1936,0.001994,0.003413,32.1936,32.2735,32.5254
S01,1062,0.027992,2.7e-05,32.1727,0.001996,0.003421,32.1727,32.2657,32.5207
S01,1063,0.028019,2.7e-05,32.1443,0.001995,0.003423,32.1443,32.2507,32.5114
S01,1064,0.028046,2.7e-05,32.1448,0.001993,0.003423,32.1448,32.2383,32.5092
S01,1065,0.028072,2.7e-05,32.1647,0.001994,0.00343,32.1647,32.2248,32.506
S01,1066,0.028099,2.7e-05,32.184,0.001997,0.00344,32.184,32.2204,32.4991
S01,1067,0.028126,2.7e-05,32.206,0.001999,0.00345,32.206,32.2173,32.509
S01,1068,0.028153,2.7e-05,32.2134,0.002002,0.003461,32.2134,32.2138,32.5127
S01,1069,0.028179,2.7e-05,32.2186,0.002003,0.003469,32.2186,32.224,32.506
S01,1070,0.028206,2.7e-05,32.2181,0.002005,0.003476,32.2181,32.2234,32.5119
S01,1071,0.028233,2.7e-05,32.1964,0.002006,0.003482,32.1964,32.2334,32.5155
S01,1072,0.028259,2.7e-05,32.1688,0.002005,0.003484,32.1688,32.2451,32.5367
S01,1073,0.028286,2.7e-05,32.1875,0.002003,0.003485,32.1875,32.259,32.5365
S01,1074,0.028313,2.7e-05,32.1531,0.002006,0.003495,32.1531,32.2399,32.5378
S01,1075,0.02834,2.7e-05,32.1399,0.002004,0.003494,32.1399,32.2302,32.536
S01,1076,0.028366,2.7e-05,32.151,0.002004,0.003498,32.151,32.2152,32.5302
S01,1077,0.028393,2.7e-05,32.1799,0.002005,0.003507,32.1799,32.2042,32.5376
S01,1078,0.02842,2.7e-05,32.1689,0.002009,0.003519,32.1689,32.2095,32.5473
S01,1079,0.028446,2.7e-05,32.1825,0.002009,0.003523,32.1825,32.2184,32.5344
S01,1080,0.028473,2.7e-05,32.2034,0.002011,0.003532,32.2034,32.2098,32.5357
S01,1081,0.0285,2.7e-05,32.2073,0.002013,0.003542,32.2073,32.2146,32.5378
S01,1082,0.028527,2.7e-05,32.1891,0.002014,0.00355,32.1891,32.201,32.5452
S01,1083,0.028553,2.7e-05,32.1915,0.002014,0.003552,32.1915,32.2124,32.5434
S01,1084,0.02858,2.7e-05,32.1621,0.002015,0.003559,32.1621,32.2218,32.5384
S01,1085,0.028607,2.7e-05,32.1677,0.002013,0.00356,32.1677,32.215,32.5536
S01,1086,0.028633,2.7e-05,32.1488,0.002015,0.003567,32.1488,32.2112,32.5533
S01,1087,0.02866,2.7e-05,32.1256,0.002014,0.00357,32.1256,32.214,32.568
S01,1088,0.028687,2.7e-05,32.1145,0.002013,0.003571,32.1145,32.2173,32.5391
S01,1089,0.028713,2.7e-05,32.1124,0.002013,0.003576,32.1124,32.2136,32.5297
S01,1090,0.02874,2.7e-05,32.1327,0.002014,0.003582,32.1327,32.2098,32.5266
S01,1091,0.028767,2.7e-05,32.1238,0.002016,0.003592,32.1238,32.1902,32.5139
S01,1092,0.028793,2.7e-05,32.1417,0.002016,0.003597,32.1417,32.1688,32.5049
S01,1093,0.02882,2.7e-05,32.1323,0.002019,0.003607,32.1323,32.186,32.5113
S01,1094,0.028847,2.7e-05,32.1198,0.002019,0.003611,32.1198,32.1986,32.5026
S01,1095,0.028873,2.7e-05,32.1387,0.002019,0.003615,32.1387,32.1847,32.5121
S01,1096,0.0289,2.7e-05,32.1292,0.002021,0.003625,32.1292,32.1741,32.5086
S01,1097,0.028927,2.7e-05,32.1334,0.002021,0.00363,32.1334,32.1689,32.5128
S01,1098,0.028954,2.7e-05,32.1203,0.002022,0.003637,32.1203,32.1748,32.5158
S01,1099,0.02898,2.7e-05,32.1177,0.002022,0.003641,32.1177,32.17,32.516
S01,1100,0.029007,2.7e-05,32.1274,0.002023,0.003647,32.1274,32.1904,32.5241
S01,1101,0.029034,2.7e-05,32.1455,0.002024,0.003655,32.1455,32.221,32.528
S01,1102,0.02906,2.7e-05,32.1538,0.002027,0.003665,32.1538,32.2276,32.5167
S01,1103,0.029087,2.7e-05,32.1435,0.002028,0.003673,32.1435,32.2221,32.522
S01,1104,0.029114,2.7e-05,32.1386,0.002028,0.003678,32.1386,32.223,32.5317
S01,1105,0.02914,2.7e-05,32.1545,0.002029,0.003683,32.1545,32.2209,32.5237
S01,1106,0.029167,2.7e-05,32.1758,0.002031,0.003693,32.1758,32.2284,32.5065
S01,1107,0.029194,2.7e-05,32.1681,0.002034,0.003703,32.1681,32.2297,32.5132
S01,1108,0.02922,2.7e-05,32.1849,0.002034,0.003708,32.1849,32.2323,32.5179
S01,1109,0.029247,2.7e-05,32.1847,0.002036,0.003718,32.1847,32.2252,32.5141
S01,1110,0.029274,2.7e-05,32.1837,0.002037,0.003724,32.1837,32.2246,32.4941
S01,1111,0.029301,2.7e-05,32.1743,0.002038,0.003731,32.1743,32.2249,32.4902
S01,1112,0.029327,2.7e-05,32.1679,0.002038,0.003735,32.1679,32.2294,32.4784
S01,1113,0.029354,2.7e-05,32.1339,0.002038,0.00374,32.1339,32.2254,32.485
S01,1114,0.029381,2.7e-05,32.1662,0.002036,0.00374,32.1662,32.2329,32.4693
S01,1115,0.029407,2.7e-05,32.1601,0.00204,0.003753,32.1601,32.235,32.4702
S01,1116,0.029434,2.7e-05,32.1694,0.00204,0.003758,32.1694,32.2254,32.4698
S01,1117,0.029461,2.7e-05,32.1764,0.002042,0.003766,32.1764,32.2334,32.4608
S01,1118,0.029487,2.7e-05,32.168,0.002043,0.003774,32.168,32.206,32.4536
S01,1119,0.029514,2.7e-05,32.156,0.002043,0.003779,32.156,32.1955,32.4542
S01,1120,0.029541,2.7e-05,32.1534,0.002043,0.003783,32.1534,32.1726,32.4553
S01,1121,0.029567,2.7e-05,32.1334,0.002044,0.003789,32.1334,32.1772,32.4413
S01,1122,0.029594,2.7e-05,32.1325,0.002043,0.003791,32.1325,32.1741,32.4433
S01,1123,0.029621,2.7e-05,32.1335,0.002044,0.003798,32.1335,32.1713,32.4268
S01,1124,0.029648,2.7e-05,32.1025,0.002045,0.003804,32.1025,32.1651,32.4257
S01,1125,0.029674,2.7e-05,32.0888,0.002043,0.003805,32.0888,32.1709,32.4219
S01,1126,0.029701,2.7e-05,32.068,0.002043,0.003808,32.068,32.1675,32.4231
S01,1127,0.029727,2.7e-05,32.073,0.002042,0.003811,32.073,32.1857,32.4155
S01,1128,0.029754,2.7e-05,32.07,0.002043,0.003818,32.07,32.1893,32.4144
S01,1129,0.029781,2.7e-05,32.0585,0.002044,0.003824,32.0585,32.173,32.4083
S01,1130,0.029807,2.7e-05,32.0355,0.002044,0.003828,32.0355,32.1549,32.3993
S01,1131,0.029834,2.7e-05,32.013,0.002043,0.00383,32.013,32.1599,32.4044
S01,1132,0.029861,2.7e-05,31.9934,0.002042,0.003832,31.9934,32.1563,32.3848
S01,1133,0.029887,2.7e-05,31.982,0.002041,0.003834,31.982,32.1592,32.3921
S01,1134,0.029914,2.7e-05,31.9662,0.002041,0.003838,31.9662,32.1686,32.3761
S01,1135,0.02994,2.7e-05,31.9398,0.002041,0.003842,31.9398,32.1743,32.392
S01,1136,0.029967,2.7e-05,31.9481,0.002039,0.003843,31.9481,32.1725,32.3692
S01,1137,0.029993,2.7e-05,31.9061,0.002041,0.003851,31.9061,32.1722,32.3648
S01,1138,0.03002,2.7e-05,31.8824,0.002038,0.003849,31.8824,32.1712,32.3652
S01,1139,0.030046,2.7e-05,31.8998,0.002037,0.003851,31.8998,32.1709,32.3767
S01,1140,0.030073,2.7e-05,31.8984,0.002039,0.003861,31.8984,32.1681,32.3865
S01,1141,0.0301,2.7e-05,31.8773,0.00204,0.003867,31.8773,32.1945,32.3895
S01,1142,0.030126,2.7e-05,31.8833,0.002039,0.003869,31.8833,32.1979,32.4075
S01,1143,0.030153,2.7e-05,31.8976,0.00204,0.003876,31.8976,32.18,32.4206
S01,1144,0.030179,2.7e-05,31.8893,0.002043,0.003886,31.8893,32.1794,32.4068
S01,1145,0.030206,2.7e-05,31.8982,0.002043,0.00389,31.8982,32.1712,32.4069
S01,1146,0.030232,2.7e-05,31.8909,0.002044,0.003899,31.8909,32.1887,32.4259
S01,1147,0.030259,2.7e-05,31.8903,0.002044,0.003904,31.8903,32.1876,32.4212
S01,1148,0.030285,2.7e-05,31.9108,0.002045,0.00391,31.9108,32.1826,32.416
S01,1149,0.030312,2.7e-05,31.9288,0.002048,0.00392,31.9288,32.1757,32.4147
S01,1150,0.030338,2.7e-05,31.8956,0.00205,0.00393,31.8956,32.1811,32.4331
S01,1151,0.030365,2.7e-05,31.9084,0.002048,0.00393,31.9084,32.1941,32.4237
S01,1152,0.030391,2.7e-05,31.9115,0.00205,0.003939,31.9115,32.1829,32.4205
S01,1153,0.030418,2.7e-05,31.9254,0.002051,0.003946,31.9254,32.1824,32.4054
S01,1154,0.030444,2.7e-05,31.8974,0.002053,0.003955,31.8974,32.1669,32.4094
S01,1155,0.030471,2.7e-05,31.9371,0.002052,0.003956,31.9371,32.1791,32.3895
S01,1156,0.030498,2.7e-05,31.9639,0.002056,0.00397,31.9639,32.1872,32.3732
S01,1157,0.030524,2.7e-05,31.9562,0.002059,0.003982,31.9562,32.1968,32.378
S01,1158,0.030551,2.7e-05,31.9284,0.002059,0.003987,31.9284,32.2013,32.3559
S01,1159,0.030577,2.7e-05,31.9223,0.002058,0.003988,31.9223,32.211,32.3555
S01,1160,0.030604,2.7e-05,31.9107,0.002058,0.003993,31.9107,32.2181,32.3647
S01,1161,0.03063,2.7e-05,31.9352,0.002058,0.003997,31.9352,32.2251,32.375
S01,1162,0.030657,2.7e-05,31.9482,0.002061,0.004008,31.9482,32.2261,32.3753
S01,1163,0.030683,2.7e-05,31.9418,0.002062,0.004017,31.9418,32.2123,32.3651
S01,1164,0.03071,2.7e-05,31.9345,0.002063,0.004022,31.9345,32.213,32.3789
S01,1165,0.030737,2.7e-05,31.932,0.002063,0.004027,31.932,32.2214,32.389
S01,1166,0.030763,2.7e-05,31.9257,0.002064,0.004033,31.9257,32.2256,32.386
S01,1167,0.03079,2.7e-05,31.9505,0.002064,0.004038,31.9505,32.2303,32.3734
S01,1168,0.030816,2.7e-05,31.952,0.002067,0.004049,31.952,32.2451,32.3711
S01,1169,0.030843,2.7e-05,31.9593,0.002068,0.004056,31.9593,32.2488,32.3602
S01,1170,0.030869,2.7e-05,31.9678,0.002069,0.004063,31.9678,32.2332,32.3535
S01,1171,0.030896,2.7e-05,31.9876,0.002071,0.004071,31.9876,32.2353,32.35
S01,1172,0.030922,2.7e-05,31.9948,0.002073,0.004082,31.9948,32.2332,32.3496
S01,1173,0.030949,2.7e-05,32.0063,0.002074,0.004089,32.0063,32.2246,32.3495
S01,1174,0.030976,2.7e-05,31.9983,0.002076,0.004098,31.9983,32.2074,32.3398
S01,1175,0.031002,2.7e-05,32.0279,0.002076,0.004102,32.0279,32.2102,32.326
S01,1176,0.031029,2.7e-05,31.9954,0.00208,0.004115,31.9954,32.2078,32.3411
S01,1177,0.031055,2.7e-05,31.9899,0.002078,0.004114,31.9899,32.2195,32.3442
S01,1178,0.031082,2.7e-05,31.9976,0.002078,0.00412,31.9976,32.2048,32.353
S01,1179,0.031109,2.7e-05,31.9892,0.002079,0.004127,31.9892,32.2122,32.3443
S01,1180,0.031135,2.7e-05,31.991,0.00208,0.004132,31.991,32.2144,32.3422
S01,1181,0.031162,2.7e-05,31.9973,0.002081,0.004138,31.9973,32.2104,32.3352
S01,1182,0.031188,2.7e-05,32.0277,0.002082,0.004146,32.0277,32.2198,32.3271
S01,1183,0.031215,2.7e-05,32.0373,0.002085,0.004158,32.0373,32.2113,32.3148
S01,1184,0.031242,2.7e-05,32.0562,0.002087,0.004166,32.0562,32.1933,32.3236
S01,1185,0.031268,2.7e-05,32.0494,0.002089,0.004176,32.0494,32.1903,32.3272
S01,1186,0.031295,2.7e-05,32.0592,0.002089,0.004181,32.0592,32.1813,32.3338
S01,1187,0.031321,2.7e-05,32.0597,0.002091,0.004189,32.0597,32.168,32.3314
S01,1188,0.031348,2.7e-05,32.0855,0.002092,0.004195,32.0855,32.1842,32.338
S01,1189,0.031375,2.7e-05,32.0599,0.002095,0.004207,32.0599,32.1884,32.3459
S01,1190,0.031401,2.7e-05,32.0726,0.002093,0.004208,32.0726,32.1956,32.3489
S01,1191,0.031428,2.7e-05,32.0694,0.002095,0.004217,32.0694,32.1887,32.3293
S01,1192,0.031455,2.7e-05,32.0744,0.002096,0.004222,32.0744,32.1899,32.3343
S01,1193,0.031481,2.7e-05,32.0458,0.002097,0.004229,32.0458,32.1955,32.3543
S01,1194,0.031508,2.7e-05,32.0456,0.002095,0.00423,32.0456,32.194,32.3568
S01,1195,0.031535,2.7e-05,32.0844,0.002096,0.004236,32.0844,32.1831,32.3581
S01,1196,0.031561,2.7e-05,32.0666,0.0021,0.004249,32.0666,32.1769,32.3569
S01,1197,0.031588,2.7e-05,32.0917,0.002099,0.004252,32.0917,32.1944,32.3607
S01,1198,0.031614,2.7e-05,32.0823,0.002102,0.004263,32.0823,32.2187,32.3559
S01,1199,0.031641,2.7e-05,32.0691,0.002102,0.004267,32.0691,32.2,32.3692
S01,1200,0.031668,2.7e-05,32.0866,0.002102,0.004271,32.0866,32.2235,32.3547
S01,1201,0.031694,2.7e-05,32.1139,0.002104,0.00428,32.1139,32.2236,32.3623
S01,1202,0.031721,2.7e-05,32.0791,0.002107,0.004292,32.0791,32.2374,32.3696
S01,1203,0.031748,2.7e-05,32.0764,0.002105,0.004291,32.0764,32.2429,32.3615
S01,1204,0.031774,2.7e-05,32.063,0.002105,0.004296,32.063,32.2371,32.3424
S01,1205,0.031801,2.7e-05,32.0784,0.002105,0.0043,32.0784,32.2481,32.3351
S01,1206,0.031828,2.7e-05,32.0835,0.002107,0.004309,32.0835,32.2445,32.338
S01,1207,0.031854,2.7e-05,32.069,0.002108,0.004316,32.069,32.2346,32.3481
S01,1208,0.031881,2.7e-05,32.0659,0.002108,0.004319,32.0659,32.2538,32.3482
S01,1209,0.031908,2.7e-05,32.0455,0.002108,0.004324,32.0455,32.2648,32.3541
S01,1210,0.031934,2.7e-05,32.0581,0.002107,0.004326,32.0581,32.2755,32.3473
S01,1211,0.031961,2.7e-05,32.0537,0.002109,0.004334,32.0537,32.2724,32.3341
S01,1212,0.031987,2.7e-05,32.0465,0.002109,0.004339,32.0465,32.2844,32.3363
S01,1213,0.032014,2.7e-05,32.0177,0.00211,0.004344,32.0177,32.2673,32.3526
S01,1214,0.032041,2.7e-05,32.014,0.002108,0.004344,32.014,32.2593,32.3495
S01,1215,0.032067,2.7e-05,31.9825,0.002108,0.004349,31.9825,32.2718,32.3453
S01,1216,0.032094,2.7e-05,32.008,0.002106,0.004349,32.008,32.2708,32.3593
S01,1217,0.03212,2.7e-05,32.0112,0.002109,0.00436,32.0112,32.2778,32.3661
S01,1218,0.032147,2.7e-05,32.0217,0.00211,0.004366,32.0217,32.2797,32.3635
S01,1219,0.032174,2.7e-05,32.0581,0.002112,0.004374,32.0581,32.2693,32.3631
S01,1220,0.0322,2.7e-05,32.0565,0.002116,0.004387,32.0565,32.272,32.3585
S01,1221,0.032227,2.7e-05,32.0609,0.002116,0.004393,32.0609,32.2691,32.3423
S01,1222,0.032254,2.7e-05,32.0591,0.002117,0.0044,32.0591,32.2568,32.3246
S01,1223,0.03228,2.7e-05,32.0599,0.002118,0.004405,32.0599,32.2605,32.3296
S01,1224,0.032307,2.7e-05,32.0693,0.002119,0.004411,32.0693,32.24,32.3157
S01,1225,0.032333,2.7e-05,32.1068,0.00212,0.004419,32.1068,32.2288,32.3214
S01,1226,0.03236,2.7e-05,32.0911,0.002124,0.004432,32.0911,32.2287,32.3147
S01,1227,0.032387,2.7e-05,32.1004,0.002123,0.004435,32.1004,32.2293,32.3099
S01,1228,0.032413,2.7e-05,32.0774,0.002125,0.004442,32.0774,32.2311,32.2975
S01,1229,0.03244,2.7e-05,32.084,0.002124,0.004443,32.084,32.2565,32.3108
S01,1230,0.032467,2.7e-05,32.0964,0.002125,0.00445,32.0964,32.2547,32.2912
S01,1231,0.032493,2.7e-05,32.0679,0.002127,0.004459,32.0679,32.2664,32.2832
S01,1232,0.03252,2.7e-05,32.052,0.002125,0.004459,32.052,32.2634,32.2725
S01,1233,0.032547,2.7e-05,32.0255,0.002124,0.004461,32.0255,32.2615,32.2635
S01,1234,0.032573,2.7e-05,32.0086,0.002123,0.004461,32.0086,32.2522,32.2687
S01,1235,0.0326,2.7e-05,32.002,0.002122,0.004464,32.002,32.2489,32.2746
S01,1236,0.032626,2.7e-05,31.9972,0.002122,0.004468,31.9972,32.2446,32.2792
S01,1237,0.032653,2.7e-05,32.0085,0.002122,0.004473,32.0085,32.2417,32.2798
S01,1238,0.03268,2.7e-05,31.9909,0.002124,0.00448,31.9909,32.2316,32.2873
S01,1239,0.032706,2.7e-05,31.9978,0.002123,0.004483,31.9978,32.2348,32.2899
S01,1240,0.032733,2.7e-05,31.9967,0.002124,0.00449,31.9967,32.2403,32.2991
S01,1241,0.032759,2.7e-05,32.0129,0.002125,0.004495,32.0129,32.2379,32.3127
S01,1242,0.032786,2.7e-05,32.0155,0.002127,0.004504,32.0155,32.2429,32.3152
S01,1243,0.032813,2.7e-05,32.0184,0.002128,0.00451,32.0184,32.2342,32.3219
S01,1244,0.032839,2.7e-05,32.0733,0.002129,0.004516,32.0733,32.2295,32.3223
S01,1245,0.032866,2.7e-05,32.0623,0.002134,0.004532,32.0623,32.2236,32.3373
S01,1246,0.032892,2.7e-05,32.0468,0.002134,0.004536,32.0468,32.2178,32.321
S01,1247,0.032919,2.7e-05,32.0296,0.002133,0.004538,32.0296,32.1996,32.3268
S01,1248,0.032946,2.7e-05,32.0836,0.002132,0.00454,32.0836,32.1952,32.3096
S01,1249,0.032972,2.7e-05,32.0995,0.002138,0.004556,32.0995,32.1874,32.3221
S01,1250,0.032999,2.7e-05,32.0918,0.00214,0.004565,32.0918,32.1805,32.3198
S01,1251,0.033026,2.7e-05,32.1049,0.00214,0.004569,32.1049,32.1778,32.3142
S01,1252,0.033052,2.7e-05,32.0988,0.002141,0.004577,32.0988,32.1646,32.3176
S01,1253,0.033079,2.7e-05,32.061,0.002142,0.004581,32.061,32.1595,32.3246
S01,1254,0.033106,2.7e-05,32.065,0.002139,0.004579,32.065,32.1648,32.3233
S01,1255,0.033132,2.7e-05,32.0863,0.00214,0.004585,32.0863,32.1736,32.3271
S01,1256,0.033159,2.7e-05,32.1028,0.002142,0.004595,32.1028,32.1807,32.3222
S01,1257,0.033185,2.7e-05,32.0738,0.002144,0.004603,32.0738,32.1843,32.3271
S01,1258,0.033212,2.7e-05,32.0936,0.002143,0.004603,32.0936,32.1744,32.3174
S01,1259,0.033239,2.7e-05,32.1007,0.002145,0.004612,32.1007,32.1732,32.298
S01,1260,0.033265,2.7e-05,32.1061,0.002146,0.004619,32.1061,32.1543,32.2879
S01,1261,0.033292,2.7e-05,32.131,0.002147,0.004625,32.131,32.1724,32.2753
S01,1262,0.033319,2.7e-05,32.1223,0.00215,0.004635,32.1223,32.1725,32.2927
S01,1263,0.033345,2.7e-05,32.1103,0.00215,0.004639,32.1103,32.1674,32.3077
S01,1264,0.033372,2.7e-05,32.1007,0.002149,0.004642,32.1007,32.1742,32.2924
S01,1265,0.033399,2.7e-05,32.0952,0.002149,0.004645,32.0952,32.1571,32.2813
S01,1266,0.033425,2.7e-05,32.1098,0.002149,0.004649,32.1098,32.1563,32.2776
S01,1267,0.033452,2.7e-05,32.0927,0.002151,0.004657,32.0927,32.1537,32.2801
S01,1268,0.033479,2.7e-05,32.1102,0.00215,0.004659,32.1102,32.1272,32.2712
S01,1269,0.033505,2.7e-05,32.1113,0.002152,0.004667,32.1113,32.1262,32.2747
S01,1270,0.033532,2.7e-05,32.1145,0.002153,0.004673,32.1145,32.123,32.2688
S01,1271,0.033559,2.7e-05,32.1074,0.002154,0.004678,32.1074,32.1344,32.2609
S01,1272,0.033585,2.7e-05,32.104,0.002154,0.004682,32.104,32.1361,32.276
S01,1273,0.033612,2.7e-05,32.0959,0.002154,0.004686,32.0959,32.1454,32.2878
S01,1274,0.033639,2.7e-05,32.0924,0.002154,0.00469,32.0924,32.143,32.284
S01,1275,0.033665,2.7e-05,32.0852,0.002154,0.004694,32.0852,32.1512,32.2857
S01,1276,0.033692,2.7e-05,32.0877,0.002154,0.004698,32.0877,32.1396,32.2755
S01,1277,0.033719,2.7e-05,32.1284,0.002155,0.004703,32.1284,32.1377,32.2672
S01,1278,0.033745,2.7e-05,32.1549,0.002159,0.004716,32.1549,32.1406,32.2724
S01,1279,0.033772,2.7e-05,32.1499,0.002162,0.004727,32.1499,32.1375,32.2702
S01,1280,0.033799,2.7e-05,32.1201,0.002162,0.004731,32.1201,32.1365,32.2726
S01,1281,0.033825,2.7e-05,32.1549,0.00216,0.00473,32.1549,32.1375,32.2488
S01,1282,0.033852,2.7e-05,32.1508,0.002164,0.004741,32.1508,32.165,32.2571
S01,1283,0.033879,2.7e-05,32.1324,0.002164,0.004746,32.1324,32.1707,32.2493
S01,1284,0.033905,2.7e-05,32.1031,0.002163,0.004747,32.1031,32.1668,32.2499
S01,1285,0.033932,2.7e-05,32.0635,0.002161,0.004746,32.0635,32.1547,32.2496
S01,1286,0.033959,2.7e-05,32.0531,0.002158,0.004743,32.0531,32.158,32.2371
S01,1287,0.033985,2.7e-05,32.0652,0.002158,0.004745,32.0652,32.1456,32.2532
S01,1288,0.034012,2.7e-05,32.0287,0.002159,0.004753,32.0287,32.134,32.2569
S01,1289,0.034039,2.7e-05,32.0598,0.002157,0.00475,32.0598,32.1367,32.262
S01,1290,0.034065,2.7e-05,32.0579,0.00216,0.004761,32.0579,32.126,32.2566
S01,1291,0.034092,2.7e-05,32.0315,0.00216,0.004765,32.0315,32.1126,32.26
S01,1292,0.034118,2.7e-05,32.0068,0.002159,0.004765,32.0068,32.1152,32.2464
S01,1293,0.034145,2.7e-05,32.0105,0.002157,0.004765,32.0105,32.1097,32.2599
S01,1294,0.034172,2.7e-05,32.0148,0.002158,0.00477,32.0148,32.1214,32.2518
S01,1295,0.034198,2.7e-05,32.0137,0.002159,0.004775,32.0137,32.111,32.2471
S01,1296,0.034225,2.7e-05,32.0062,0.002159,0.00478,32.0062,32.1031,32.2344
S01,1297,0.034251,2.7e-05,31.9757,0.002159,0.004783,31.9757,32.0789,32.2232
S01,1298,0.034278,2.7e-05,31.986,0.002157,0.004781,31.986,32.0624,32.2089
S01,1299,0.034305,2.7e-05,32.0196,0.002158,0.004788,32.0196,32.0558,32.2115
S01,1300,0.034331,2.7e-05,32.0302,0.002162,0.004799,32.0302,32.0622,32.1957
S01,1301,0.034358,2.7e-05,32.0233,0.002163,0.004806,32.0233,32.0458,32.2195
S01,1302,0.034384,2.7e-05,31.9892,0.002163,0.004809,31.9892,32.035,32.2084
S01,1303,0.034411,2.7e-05,31.957,0.002161,0.004807,31.957,32.0481,32.232
S01,1304,0.034437,2.7e-05,31.9452,0.002158,0.004805,31.9452,32.0343,32.2088
S01,1305,0.034464,2.7e-05,31.9381,0.002158,0.004807,31.9381,32.0305,32.2016
S01,1306,0.034491,2.7e-05,31.9403,0.002158,0.00481,31.9403,32.0339,32.2041
S01,1307,0.034517,2.7e-05,31.9317,0.002158,0.004815,31.9317,32.0223,32.2101
S01,1308,0.034544,2.7e-05,31.9297,0.002158,0.004818,31.9297,32.0306,32.2173
S01,1309,0.03457,2.7e-05,31.899,0.002158,0.004822,31.899,32.0155,32.2089
S01,1310,0.034597,2.7e-05,31.8756,0.002156,0.00482,31.8756,32.0222,32.2117
S01,1311,0.034623,2.7e-05,31.8953,0.002155,0.004819,31.8953,32.0254,32.213
S01,1312,0.03465,2.7e-05,31.917,0.002157,0.004828,31.917,32.0295,32.2129
S01,1313,0.034676,2.7e-05,31.9444,0.002159,0.004836,31.9444,32.0301,32.2092
S01,1314,0.034703,2.7e-05,31.9253,0.002162,0.004846,31.9253,32.0365,32.2209
S01,1315,0.034729,2.7e-05,31.922,0.002161,0.004847,31.922,32.0489,32.2005
S01,1316,0.034756,2.7e-05,31.9186,0.002161,0.00485,31.9186,32.0477,32.1926
S01,1317,0.034783,2.7e-05,31.964,0.002161,0.004854,31.964,32.0465,32.1879
S01,1318,0.034809,2.7e-05,31.9623,0.002165,0.004867,31.9623,32.026,32.1797
S01,1319,0.034836,2.7e-05,31.9796,0.002166,0.004871,31.9796,32.0194,32.1707
S01,1320,0.034862,2.7e-05,32.0035,0.002168,0.004878,32.0035,32.0327,32.1754
S01,1321,0.034889,2.7e-05,31.9921,0.00217,0.004887,31.9921,32.0301,32.1667
S01,1322,0.034915,2.7e-05,31.9699,0.00217,0.004889,31.9699,32.0193,32.16
S01,1323,0.034942,2.7e-05,31.9469,0.002168,0.004889,31.9469,32.0032,32.1615
S01,1324,0.034969,2.7e-05,31.9493,0.002167,0.004888,31.9493,32.0199,32.1543
S01,1325,0.034995,2.7e-05,31.9529,0.002167,0.004893,31.9529,32.0226,32.1512
S01,1326,0.035022,2.7e-05,31.9654,0.002168,0.004897,31.9654,32.03,32.154
S01,1327,0.035048,2.7e-05,31.958,0.002169,0.004904,31.958,32.026,32.1398
S01,1328,0.035075,2.7e-05,31.9396,0.002169,0.004906,31.9396,32.0193,32.1281
S01,1329,0.035101,2.7e-05,31.946,0.002168,0.004907,31.946,32.0308,32.1186
S01,1330,0.035128,2.7e-05,31.9494,0.002169,0.004912,31.9494,32.02,32.1152
S01,1331,0.035154,2.7e-05,31.9332,0.00217,0.004916,31.9332,32.0255,32.108
S01,1332,0.035181,2.7e-05,31.9511,0.002169,0.004917,31.9511,32.0226,32.1012
S01,1333,0.035208,2.7e-05,31.9237,0.002171,0.004925,31.9237,32.0245,32.1098
S01,1334,0.035234,2.7e-05,31.9268,0.002169,0.004923,31.9268,32.0463,32.1239
S01,1335,0.035261,2.7e-05,31.9183,0.002169,0.004927,31.9183,32.0424,32.1283
S01,1336,0.035287,2.7e-05,31.8992,0.002169,0.004929,31.8992,32.0532,32.1316
S01,1337,0.035314,2.7e-05,31.902,0.002168,0.004929,31.902,32.0592,32.1485
S01,1338,0.03534,2.7e-05,31.9031,0.002168,0.004934,31.9031,32.0571,32.1632
S01,1339,0.035367,2.7e-05,31.9201,0.002169,0.004938,31.9201,32.0531,32.1628
S01,1340,0.035393,2.7e-05,31.9216,0.002171,0.004945,31.9216,32.0559,32.1489
S01,1341,0.03542,2.7e-05,31.8884,0.002171,0.004949,31.8884,32.046,32.1388
S01,1342,0.035446,2.7e-05,31.8732,0.002169,0.004946,31.8732,32.0513,32.1368
S01,1343,0.035473,2.7e-05,31.8747,0.002168,0.004946,31.8747,32.038,32.1317
S01,1344,0.035499,2.7e-05,31.8841,0.002168,0.00495,31.8841,32.043,32.1241
S01,1345,0.035526,2.7e-05,31.885,0.002169,0.004956,31.885,32.0641,32.1237
S01,1346,0.035552,2.7e-05,31.8688,0.00217,0.004959,31.8688,32.0612,32.1244
S01,1347,0.035579,2.7e-05,31.8634,0.002169,0.00496,31.8634,32.0597,32.1097
S01,1348,0.035605,2.7e-05,31.8417,0.002169,0.004962,31.8417,32.0569,32.1078
S01,1349,0.035632,2.6e-05,31.828,0.002167,0.004961,31.828,32.0537,32.1082
S01,1350,0.035658,2.6e-05,31.8434,0.002166,0.004962,31.8434,32.0515,32.112
S01,1351,0.035685,2.6e-05,31.8302,0.002168,0.004969,31.8302,32.0559,32.1155
S01,1352,0.035711,2.6e-05,31.8452,0.002167,0.004969,31.8452,32.0617,32.1212
S01,1353,0.035738,2.6e-05,31.8408,0.002169,0.004976,31.8408,32.0629,32.1316
S01,1354,0.035764,2.6e-05,31.8254,0.002169,0.004978,31.8254,32.0551,32.1331
S01,1355,0.035791,2.6e-05,31.8313,0.002168,0.004978,31.8313,32.0456,32.132
S01,1356,0.035817,2.6e-05,31.827,0.002169,0.004983,31.827,32.0221,32.1294
S01,1357,0.035844,2.6e-05,31.8215,0.002168,0.004985,31.8215,32.0193,32.1431
S01,1358,0.03587,2.6e-05,31.7948,0.002168,0.004988,31.7948,32.0097,32.1164
S01,1359,0.035897,2.6e-05,31.7828,0.002166,0.004986,31.7828,32.0044,32.1109
S01,1360,0.035923,2.6e-05,31.8025,0.002166,0.004986,31.8025,32.0118,32.1113
S01,1361,0.03595,2.6e-05,31.7927,0.002168,0.004993,31.7927,32.0207,32.1107
S01,1362,0.035976,2.6e-05,31.7739,0.002167,0.004995,31.7739,32.0021,32.1059
S01,1363,0.036003,2.6e-05,31.7866,0.002166,0.004994,31.7866,32.0236,32.1062
S01,1364,0.036029,2.6e-05,31.7689,0.002167,0.005,31.7689,32.0102,32.1113
S01,1365,0.036055,2.6e-05,31.7312,0.002166,0.004999,31.7312,32.014,32.1191
S01,1366,0.036082,2.6e-05,31.7375,0.002163,0.004995,31.7375,32.0102,32.1243
S01,1367,0.036108,2.6e-05,31.7385,0.002164,0.004999,31.7385,32.0007,32.1423
S01,1368,0.036135,2.6e-05,31.7291,0.002164,0.005002,31.7291,32.0069,32.1176
S01,1369,0.036161,2.6e-05,31.7522,0.002164,0.005004,31.7522,32.02,32.1175
S01,1370,0.036188,2.6e-05,31.761,0.002166,0.005011,31.761,32.0241,32.1107
S01,1371,0.036214,2.6e-05,31.7695,0.002167,0.005016,31.7695,32.0144,32.1042
S01,1372,0.03624,2.6e-05,31.7896,0.002168,0.00502,31.7896,32.0228,32.0968
S01,1373,0.036267,2.6e-05,31.7725,0.00217,0.005027,31.7725,32.0149,32.1038
S01,1374,0.036293,2.6e-05,31.7501,0.002169,0.005027,31.7501,32.0169,32.1109
S01,1375,0.03632,2.6e-05,31.7459,0.002167,0.005025,31.7459,32.0253,32.1076
S01,1376,0.036346,2.6e-05,31.7392,0.002167,0.005027,31.7392,32.0138,32.1174
S01,1377,0.036373,2.6e-05,31.7214,0.002166,0.005029,31.7214,32.0156,32.1162
S01,1378,0.036399,2.6e-05,31.6979,0.002165,0.005028,31.6979,32.0076,32.1296
S01,1379,0.036425,2.6e-05,31.6995,0.002163,0.005026,31.6995,31.9957,32.1321
S01,1380,0.036452,2.6e-05,31.6942,0.002164,0.005029,31.6942,32.0284,32.1346
S01,1381,0.036478,2.6e-05,31.6841,0.002163,0.005031,31.6841,32.0405,32.1158
S01,1382,0.036505,2.6e-05,31.6836,0.002163,0.005031,31.6836,32.0583,32.1144
S01,1383,0.036531,2.6e-05,31.6464,0.002163,0.005034,31.6464,32.0519,32.1287
S01,1384,0.036557,2.6e-05,31.6515,0.00216,0.005029,31.6515,32.0411,32.1215
S01,1385,0.036584,2.6e-05,31.6379,0.002161,0.005033,31.6379,32.0423,32.1346
S01,1386,0.03661,2.6e-05,31.6565,0.00216,0.005033,31.6565,32.0445,32.1209
S01,1387,0.036636,2.6e-05,31.6275,0.002162,0.005039,31.6275,32.0474,32.1071
S01,1388,0.036663,2.6e-05,31.6205,0.002159,0.005036,31.6205,32.0479,32.0955
S01,1389,0.036689,2.6e-05,31.5976,0.002159,0.005037,31.5976,32.0442,32.1004
S01,1390,0.036715,2.6e-05,31.6164,0.002157,0.005035,31.6164,32.0477,32.1009
S01,1391,0.036742,2.6e-05,31.599,0.002159,0.005041,31.599,32.0343,32.0955
S01,1392,0.036768,2.6e-05,31.6048,0.002158,0.00504,31.6048,32.0351,32.0743
S01,1393,0.036794,2.6e-05,31.5866,0.002158,0.005043,31.5866,32.0445,32.0749
S01,1394,0.036821,2.6e-05,31.5558,0.002157,0.005042,31.5558,32.0651,32.0746
S01,1395,0.036847,2.6e-05,31.561,0.002154,0.005038,31.561,32.0661,32.0709
S01,1396,0.036873,2.6e-05,31.544,0.002155,0.005041,31.544,32.0841,32.081
S01,1397,0.0369,2.6e-05,31.558,0.002154,0.00504,31.558,32.0867,32.071
S01,1398,0.036926,2.6e-05,31.5811,0.002155,0.005045,31.5811,32.0753,32.0738
S01,1399,0.036952,2.6e-05,31.5459,0.002157,0.005052,31.5459,32.0517,32.0769
S01,1400,0.036979,2.6e-05,31.5272,0.002154,0.005047,31.5272,32.0287,32.0821
S01,1401,0.037005,2.6e-05,31.5672,0.002153,0.005046,31.5672,32.0398,32.0794
S01,1402,0.037031,2.6e-05,31.5649,0.002156,0.005056,31.5649,32.0458,32.0905
S01,1403,0.037058,2.6e-05,31.5555,0.002156,0.005058,31.5555,32.0432,32.0933
S01,1404,0.037084,2.6e-05,31.5642,0.002156,0.005058,31.5642,32.039,32.0919
S01,1405,0.03711,2.6e-05,31.5893,0.002157,0.005062,31.5893,32.0484,32.0965
S01,1406,0.037137,2.6e-05,31.6212,0.002159,0.005069,31.6212,32.042,32.1125
S01,1407,0.037163,2.6e-05,31.6296,0.002162,0.005077,31.6296,32.0722,32.1004
S01,1408,0.037189,2.6e-05,31.6133,0.002163,0.005081,31.6133,32.0736,32.1043
S01,1409,0.037216,2.6e-05,31.6498,0.002161,0.00508,31.6498,32.0644,32.1132
S01,1410,0.037242,2.6e-05,31.6706,0.002165,0.005089,31.6706,32.0691,32.1034
S01,1411,0.037268,2.6e-05,31.6963,0.002166,0.005095,31.6963,32.0792,32.1093
S01,1412,0.037295,2.6e-05,31.6978,0.002169,0.005102,31.6978,32.0791,32.1084
S01,1413,0.037321,2.6e-05,31.7082,0.002169,0.005104,31.7082,32.0772,32.0997
S01,1414,0.037348,2.6e-05,31.6847,0.00217,0.005108,31.6847,32.0673,32.1018
S01,1415,0.037374,2.6e-05,31.6817,0.002168,0.005105,31.6817,32.0672,32.1067
S01,1416,0.0374,2.6e-05,31.6666,0.002168,0.005106,31.6666,32.0794,32.1039
S01,1417,0.037427,2.6e-05,31.6555,0.002167,0.005105,31.6555,32.0817,32.0855
S01,1418,0.037453,2.6e-05,31.6371,0.002166,0.005105,31.6371,32.0889,32.0681
S01,1419,0.037479,2.6e-05,31.657,0.002164,0.005103,31.657,32.1014,32.0645
S01,1420,0.037506,2.6e-05,31.6603,0.002166,0.005108,31.6603,32.1099,32.0601
S01,1421,0.037532,2.6e-05,31.6752,0.002166,0.005111,31.6752,32.1006,32.0554
S01,1422,0.037559,2.6e-05,31.6567,0.002168,0.005115,31.6567,32.1014,32.0672
S01,1423,0.037585,2.6e-05,31.6505,0.002166,0.005113,31.6505,32.0859,32.0565
S01,1424,0.037611,2.6e-05,31.6559,0.002166,0.005113,31.6559,32.1018,32.0606
S01,1425,0.037638,2.6e-05,31.6456,0.002166,0.005116,31.6456,32.1067,32.0584
S01,1426,0.037664,2.6e-05,31.6356,0.002165,0.005115,31.6356,32.0943,32.0726
S01,1427,0.03769,2.6e-05,31.5823,0.002165,0.005115,31.5823,32.0992,32.0681
S01,1428,0.037717,2.6e-05,31.5716,0.00216,0.005106,31.5716,32.113,32.0611
S01,1429,0.037743,2.6e-05,31.5555,0.002159,0.005105,31.5555,32.1083,32.0654
S01,1430,0.037769,2.6e-05,31.5441,0.002158,0.005103,31.5441,32.0892,32.0569
S01,1431,0.037796,2.6e-05,31.5672,0.002157,0.005102,31.5672,32.0868,32.0615
S01,1432,0.037822,2.6e-05,31.5595,0.002159,0.005108,31.5595,32.0771,32.0783
S01,1433,0.037848,2.6e-05,31.5532,0.002158,0.005108,31.5532,32.0695,32.0893
S01,1434,0.037875,2.6e-05,31.5363,0.002158,0.005108,31.5363,32.0603,32.0893
S01,1435,0.037901,2.6e-05,31.5338,0.002156,0.005106,31.5338,32.0598,32.11
S01,1436,0.037927,2.6e-05,31.538,0.002156,0.005107,31.538,32.0329,32.113
S01,1437,0.037953,2.6e-05,31.5363,0.002157,0.005109,31.5363,32.0303,32.1151
S01,1438,0.03798,2.6e-05,31.5332,0.002157,0.00511,31.5332,32.0268,32.1209
S01,1439,0.038006,2.6e-05,31.5198,0.002156,0.00511,31.5198,32.0143,32.1507
S01,1440,0.038032,2.6e-05,31.503,0.002155,0.005109,31.503,32.0122,32.1352
S02,0,0.001171,0.000171,28.5127,0.013392,0.004155,28.5127,28.2087,28.0448
S02,1,0.001343,0.000171,28.5024,0.013398,0.004158,28.5024,28.1905,28.0551
S02,2,0.001514,0.000171,28.5106,0.013393,0.004157,28.5106,28.1945,28.0478
S02,3,0.001685,0.000171,28.543,0.013397,0.00416,28.543,28.206,28.0472
S02,4,0.001857,0.000171,28.5397,0.013414,0.004167,28.5397,28.2044,28.0399
S02,5,0.002028,0.000171,28.5481,0.013412,0.004168,28.5481,28.2003,28.0464
S02,6,0.0022,0.000171,28.5488,0.013417,0.00417,28.5488,28.1989,28.0623
S02,7,0.002371,0.000171,28.5421,0.013417,0.004171,28.5421,28.1853,28.0665
S02,8,0.002542,0.000171,28.5084,0.013413,0.004171,28.5084,28.1899,28.0768
S02,9,0.002714,0.000171,28.5177,0.013395,0.004165,28.5177,28.1919,28.0568
S02,10,0.002885,0.000171,28.5366,0.013399,0.004168,28.5366,28.1979,28.0456
S02,11,0.003056,0.000171,28.5827,0.013409,0.004172,28.5827,28.188,28.0294
S02,12,0.003228,0.000172,28.5544,0.013434,0.004182,28.5544,28.1905,28.0334
S02,13,0.0034,0.000171,28.5711,0.013418,0.004178,28.5711,28.1894,28.0259
S02,14,0.003571,0.000172,28.5958,0.013427,0.004182,28.5958,28.1828,28.0144
S02,15,0.003743,0.000172,28.6317,0.01344,0.004187,28.6317,28.1873,28.0198
S02,16,0.003915,0.000172,28.6521,0.013459,0.004195,28.6521,28.1844,28.0152
S02,17,0.004086,0.000172,28.6727,0.013469,0.0042,28.6727,28.1811,28.0192
S02,18,0.004258,0.000172,28.6788,0.01348,0.004205,28.6788,28.1722,28.0295
S02,19,0.00443,0.000172,28.6609,0.013483,0.004206,28.6609,28.1774,28.0307
S02,20,0.004602,0.000172,28.6941,0.013472,0.004203,28.6941,28.1694,28.0258
S02,21,0.004774,0.000172,28.7,0.01349,0.004211,28.7,28.1743,28.0351
S02,22,0.004946,0.000172,28.7141,0.013492,0.004212,28.7141,28.1778,28.046
S02,23,0.005119,0.000172,28.7639,0.013499,0.004216,28.7639,28.1678,28.0464
S02,24,0.005291,0.000172,28.787,0.013526,0.004226,28.787,28.1724,28.0613
S02,25,0.005463,0.000172,28.7883,0.013537,0.004231,28.7883,28.1659,28.0704
S02,26,0.005636,0.000172,28.7407,0.013537,0.004232,28.7407,28.1646,28.0944
S02,27,0.005808,0.000172,28.7491,0.013511,0.004223,28.7491,28.1717,28.0852
S02,28,0.00598,0.000172,28.7566,0.013515,0.004225,28.7566,28.1738,28.1042
S02,29,0.006153,0.000172,28.7443,0.013518,0.004226,28.7443,28.1496,28.1084
S02,30,0.006325,0.000172,28.7832,0.013511,0.004224,28.7832,28.1465,28.0903
S02,31,0.006497,0.000172,28.7696,0.013531,0.004232,28.7696,28.1546,28.085
S02,32,0.00667,0.000172,28.7784,0.013523,0.00423,28.7784,28.1347,28.0799
S02,33,0.006842,0.000172,28.802,0.013527,0.004232,28.802,28.1361,28.0699
S02,34,0.007015,0.000172,28.831,0.013539,0.004237,28.831,28.1501,28.0656
S02,35,0.007187,0.000173,28.8241,0.013553,0.004243,28.8241,28.167,28.0605
S02,36,0.00736,0.000173,28.8287,0.013549,0.004241,28.8287,28.1889,28.0629
S02,37,0.007532,0.000173,28.8267,0.01355,0.004242,28.8267,28.173,28.0637
S02,38,0.007705,0.000173,28.8329,0.013548,0.004242,28.8329,28.1707,28.0734
S02,39,0.007878,0.000173,28.815,0.013551,0.004243,28.815,28.1588,28.0658
S02,40,0.00805,0.000173,28.8218,0.01354,0.00424,28.8218,28.1474,28.0541
S02,41,0.008223,0.000173,28.8121,0.013542,0.004241,28.8121,28.1505,28.0467
S02,42,0.008395,0.000173,28.8382,0.013536,0.004239,28.8382,28.1318,28.0503
S02,43,0.008568,0.000173,28.8324,0.013549,0.004244,28.8324,28.1397,28.0695
S02,44,0.00874,0.000173,28.8371,0.013545,0.004243,28.8371,28.1449,28.0772
S02,45,0.008913,0.000173,28.8165,0.013546,0.004244,28.8165,28.1546,28.0847
S02,46,0.009086,0.000173,28.8199,0.013534,0.004239,28.8199,28.1642,28.0854
S02,47,0.009258,0.000173,28.8107,0.013535,0.00424,28.8107,28.1541,28.0946
S02,48,0.009431,0.000173,28.8524,0.013528,0.004238,28.8524,28.1495,28.0976
S02,49,0.009603,0.000173,28.8342,0.01355,0.004246,28.8342,28.148,28.092
S02,50,0.009776,0.000173,28.8176,0.013539,0.004242,28.8176,28.1504,28.1013
S02,51,0.009949,0.000173,28.835,0.013528,0.004238,28.835,28.1485,28.1149
S02,52,0.010121,0.000173,28.8456,0.013536,0.004242,28.8456,28.1699,28.1012
S02,53,0.010294,0.000173,28.9123,0.013541,0.004243,28.9123,28.1718,28.0889
S02,54,0.010467,0.000173,28.8974,0.013576,0.004256,28.8974,28.1848,28.0976
S02,55,0.01064,0.000173,28.9201,0.013566,0.004253,28.9201,28.1945,28.086
S02,56,0.010813,0.000173,28.9237,0.013577,0.004257,28.9237,28.175,28.0769
S02,57,0.010986,0.000173,28.9436,0.013578,0.004257,28.9436,28.1602,28.1003
S02,58,0.011159,0.000173,28.9756,0.013587,0.004261,28.9756,28.153,28.1071
S02,59,0.011332,0.000173,28.9934,0.013603,0.004267,28.9934,28.156,28.1126
S02,60,0.011505,0.000173,28.9949,0.013611,0.00427,28.9949,28.1603,28.1178
S02,61,0.011678,0.000173,29.0114,0.01361,0.004269,29.0114,28.1683,28.1211
S02,62,0.011852,0.000173,29.0381,0.013618,0.004272,29.0381,28.1812,28.1093
S02,63,0.012025,0.000173,29.0306,0.013631,0.004277,29.0306,28.2008,28.1252
S02,64,0.012199,0.000173,29.0495,0.013625,0.004274,29.0495,28.203,28.1336
S02,65,0.012372,0.000173,29.071,0.013634,0.004278,29.071,28.1927,28.1345
S02,66,0.012546,0.000174,29.0509,0.013644,0.004281,29.0509,28.1933,28.1351
S02,67,0.012719,0.000174,29.0933,0.013631,0.004276,29.0933,28.1775,28.1317
S02,68,0.012893,0.000174,29.1149,0.013652,0.004284,29.1149,28.1898,28.1404
S02,69,0.013067,0.000174,29.103,0.013662,0.004288,29.103,28.194,28.136
S02,70,0.01324,0.000174,29.1371,0.013654,0.004284,29.1371,28.1983,28.1364
S02,71,0.013414,0.000174,29.1489,0.013671,0.00429,29.1489,28.1909,28.1418
S02,72,0.013588,0.000174,29.1348,0.013676,0.004292,29.1348,28.1984,28.1348
S02,73,0.013762,0.000174,29.1667,0.013666,0.004288,29.1667,28.2046,28.1544
S02,74,0.013936,0.000174,29.13,0.013682,0.004294,29.13,28.2239,28.1633
S02,75,0.01411,0.000174,29.1438,0.01366,0.004285,29.1438,28.2515,28.1494
S02,76,0.014284,0.000174,29.1561,0.013665,0.004287,29.1561,28.2694,28.1559
S02,77,0.014458,0.000174,29.1565,0.01367,0.004288,29.1565,28.2812,28.1523
S02,78,0.014632,0.000174,29.1576,0.013668,0.004287,29.1576,28.2798,28.1633
S02,79,0.014806,0.000174,29.1719,0.013667,0.004287,29.1719,28.3103,28.1724
S02,80,0.01498,0.000174,29.1502,0.013673,0.004288,29.1502,28.3234,28.1621
S02,81,0.015153,0.000174,29.1526,0.013659,0.004283,29.1526,28.3298,28.1518
S02,82,0.015327,0.000174,29.1505,0.013658,0.004282,29.1505,28.3279,28.154
S02,83,0.015501,0.000174,29.157,0.013655,0.00428,29.157,28.3319,28.1717
S02,84,0.015675,0.000174,29.1758,0.013657,0.004281,29.1758,28.3413,28.1834
S02,85,0.015849,0.000174,29.221,0.013665,0.004283,29.221,28.3605,28.1735
S02,86,0.016023,0.000174,29.2396,0.013687,0.004291,29.2396,28.3735,28.184
S02,87,0.016198,0.000174,29.2447,0.013695,0.004293,29.2447,28.3795,28.1759
S02,88,0.016372,0.000174,29.2453,0.013696,0.004293,29.2453,28.373,28.1894
S02,89,0.016546,0.000174,29.2429,0.013694,0.004292,29.2429,28.3689,28.1931
S02,90,0.016721,0.000174,29.2531,0.01369,0.00429,29.2531,28.3674,28.1976
S02,91,0.016895,0.000174,29.2485,0.013694,0.00429,29.2485,28.3777,28.198
S02,92,0.017069,0.000174,29.2609,0.013689,0.004288,29.2609,28.3792,28.192
S02,93,0.017244,0.000174,29.274,0.013693,0.004289,29.274,28.3689,28.2066
S02,94,0.017418,0.000174,29.2729,0.013698,0.00429,29.2729,28.3951,28.2141
S02,95,0.017592,0.000174,29.279,0.013695,0.004288,29.279,28.3944,28.22
S02,96,0.017767,0.000174,29.2963,0.013696,0.004288,29.2963,28.4041,28.2291
S02,97,0.017941,0.000175,29.3067,0.013703,0.00429,29.3067,28.4209,28.2222
S02,98,0.018116,0.000175,29.3106,0.013707,0.00429,29.3106,28.4325,28.2153
S02,99,0.01829,0.000175,29.3195,0.013706,0.00429,29.3195,28.4531,28.2173
S02,100,0.018465,0.000175,29.3181,0.013709,0.00429,29.3181,28.4696,28.2069
S02,101,0.01864,0.000175,29.3195,0.013705,0.004288,29.3195,28.4854,28.2003
S02,102,0.018814,0.000175,29.3326,0.013704,0.004286,29.3326,28.4898,28.2172
S02,103,0.018989,0.000175,29.3122,0.013708,0.004287,29.3122,28.4893,28.215
S02,104,0.019163,0.000175,29.3277,0.013695,0.004281,29.3277,28.4998,28.2204
S02,105,0.019338,0.000175,29.3641,0.013701,0.004283,29.3641,28.5118,28.2087
S02,106,0.019513,0.000175,29.3432,0.013718,0.004288,29.3432,28.5114,28.2047
S02,107,0.019688,0.000175,29.3424,0.013704,0.004282,29.3424,28.5268,28.1997
S02,108,0.019862,0.000175,29.3726,0.013701,0.00428,29.3726,28.5434,28.2013
S02,109,0.020037,0.000175,29.3702,0.013715,0.004284,29.3702,28.5612,28.1943
S02,110,0.020212,0.000175,29.3878,0.013711,0.004282,29.3878,28.5689,28.2088
S02,111,0.020387,0.000175,29.403,0.013718,0.004283,29.403,28.5741,28.2208
S02,112,0.020562,0.000175,29.4034,0.013723,0.004284,29.4034,28.5847,28.2236
S02,113,0.020737,0.000175,29.4122,0.013721,0.004282,29.4122,28.5749,28.225
S02,114,0.020912,0.000175,29.4,0.013723,0.004282,29.4,28.5851,28.2501
S02,115,0.021087,0.000175,29.4035,0.013713,0.004278,29.4035,28.5992,28.2616
S02,116,0.021262,0.000175,29.3884,0.013712,0.004276,29.3884,28.611,28.2598
S02,117,0.021436,0.000175,29.3877,0.013701,0.004271,29.3877,28.6239,28.2557
S02,118,0.021611,0.000175,29.3855,0.013698,0.004269,29.3855,28.636,28.2701
S02,119,0.021786,0.000175,29.3948,0.013694,0.004266,29.3948,28.6473,28.2575
S02,120,0.021961,0.000175,29.4008,0.013696,0.004266,29.4008,28.6563,28.2506
S02,121,0.022136,0.000175,29.4217,0.013696,0.004265,29.4217,28.6637,28.2551
S02,122,0.022311,0.000175,29.4535,0.013705,0.004267,29.4535,28.6811,28.2447
S02,123,0.022486,0.000175,29.4484,0.013719,0.004271,29.4484,28.691,28.2435
S02,124,0.022661,0.000175,29.4962,0.013713,0.004268,29.4962,28.7069,28.2371
S02,125,0.022837,0.000175,29.4891,0.013737,0.004275,29.4891,28.699,28.2427
S02,126,0.023012,0.000175,29.4851,0.01373,0.004271,29.4851,28.6969,28.2318
S02,127,0.023187,0.000175,29.5109,0.013724,0.004268,29.5109,28.6943,28.2246
S02,128,0.023363,0.000175,29.4812,0.013735,0.004271,29.4812,28.7031,28.2289
S02,129,0.023538,0.000175,29.5039,0.013716,0.004262,29.5039,28.7223,28.2329
S02,130,0.023713,0.000175,29.505,0.013725,0.004264,29.505,28.7109,28.2359
S02,131,0.023889,0.000175,29.5201,0.013723,0.004262,29.5201,28.7184,28.2183
S02,132,0.024064,0.000175,29.5529,0.013728,0.004263,29.5529,28.7296,28.2165
S02,133,0.02424,0.000176,29.5553,0.013743,0.004267,29.5553,28.7153,28.2217
S02,134,0.024415,0.000176,29.5564,0.013741,0.004264,29.5564,28.7091,28.2434
S02,135,0.024591,0.000176,29.5954,0.013738,0.004262,29.5954,28.7216,28.2451
S02,136,0.024766,0.000176,29.5786,0.013756,0.004267,29.5786,28.7266,28.2517
S02,137,0.024942,0.000176,29.5845,0.013744,0.004261,29.5845,28.7314,28.2555
S02,138,0.025118,0.000176,29.5697,0.013744,0.00426,29.5697,28.7446,28.2675
S02,139,0.025293,0.000176,29.5692,0.013732,0.004254,29.5692,28.7426,28.2907
S02,140,0.025469,0.000176,29.6001,0.013728,0.004251,29.6001,28.7246,28.2914
S02,141,0.025645,0.000176,29.5877,0.013742,0.004255,29.5877,28.7206,28.2862
S02,142,0.02582,0.000176,29.5966,0.013732,0.00425,29.5966,28.7246,28.275
S02,143,0.025996,0.000176,29.583,0.013733,0.004249,29.583,28.7091,28.2758
S02,144,0.026172,0.000176,29.5964,0.013722,0.004243,29.5964,28.723,28.2874
S02,145,0.026348,0.000176,29.6064,0.013726,0.004243,29.6064,28.7243,28.3106
S02,146,0.026523,0.000176,29.596,0.013728,0.004242,29.596,28.716,28.3076
S02,147,0.026699,0.000176,29.6079,0.013719,0.004237,29.6079,28.7348,28.3046
S02,148,0.026875,0.000176,29.5836,0.013722,0.004236,29.5836,28.7472,28.3018
S02,149,0.027051,0.000176,29.5702,0.013705,0.004229,29.5702,28.7431,28.3049
S02,150,0.027226,0.000176,29.5429,0.013694,0.004223,29.5429,28.7626,28.305
S02,151,0.027402,0.000176,29.5519,0.013676,0.004215,29.5519,28.7778,28.2994
S02,152,0.027577,0.000176,29.5611,0.013677,0.004213,29.5611,28.7816,28.3061
S02,153,0.027753,0.000176,29.618,0.013678,0.004212,29.618,28.7756,28.3073
S02,154,0.027929,0.000176,29.6683,0.013706,0.00422,29.6683,28.7719,28.3252
S02,155,0.028105,0.000176,29.6779,0.01373,0.004227,29.6779,28.7877,28.3327
S02,156,0.028281,0.000176,29.6923,0.013732,0.004226,29.6923,28.7842,28.333
S02,157,0.028457,0.000176,29.7141,0.013736,0.004226,29.7141,28.7859,28.3239
S02,158,0.028633,0.000176,29.7025,0.013744,0.004227,29.7025,28.8055,28.3418
S02,159,0.028809,0.000176,29.6962,0.013734,0.004222,29.6962,28.8106,28.3561
S02,160,0.028985,0.000176,29.7101,0.013727,0.004217,29.7101,28.8167,28.3641
S02,161,0.029162,0.000176,29.6961,0.013731,0.004217,29.6961,28.8151,28.3736
S02,162,0.029338,0.000176,29.7082,0.013719,0.004211,29.7082,28.8251,28.3763
S02,163,0.029514,0.000176,29.6904,0.013722,0.00421,29.6904,28.8345,28.3911
S02,164,0.02969,0.000176,29.7088,0.013708,0.004203,29.7088,28.8471,28.3836
S02,165,0.029866,0.000176,29.7119,0.013714,0.004203,29.7119,28.8478,28.3804
S02,166,0.030042,0.000176,29.7077,0.013712,0.0042,29.7077,28.8588,28.3878
S02,167,0.030219,0.000176,29.7327,0.013706,0.004196,29.7327,28.8821,28.3916
S02,168,0.030395,0.000176,29.7501,0.013716,0.004198,29.7501,28.8891,28.3774
S02,169,0.030571,0.000176,29.7371,0.013722,0.004198,29.7371,28.8989,28.3751
S02,170,0.030748,0.000176,29.7442,0.01371,0.004192,29.7442,28.8898,28.3801
S02,171,0.030924,0.000176,29.7464,0.01371,0.00419,29.7464,28.8968,28.3841
S02,172,0.0311,0.000176,29.722,0.013707,0.004187,29.722,28.9128,28.3736
S02,173,0.031277,0.000176,29.7241,0.01369,0.004178,29.7241,28.9131,28.3861
S02,174,0.031453,0.000176,29.7344,0.013687,0.004175,29.7344,28.9276,28.3903
S02,175,0.031629,0.000176,29.7421,0.013689,0.004174,29.7421,28.9245,28.3877
S02,176,0.031805,0.000176,29.751,0.013689,0.004172,29.751,28.932,28.3835
S02,177,0.031982,0.000176,29.7873,0.01369,0.00417,29.7873,28.9402,28.3747
S02,178,0.032158,0.000177,29.8252,0.013706,0.004173,29.8252,28.9287,28.3809
S02,179,0.032335,0.000177,29.8225,0.013722,0.004177,29.8225,28.9498,28.3915
S02,180,0.032512,0.000177,29.8073,0.013717,0.004173,29.8073,28.9651,28.3737
S02,181,0.032688,0.000177,29.8322,0.013704,0.004166,29.8322,28.9698,28.367
S02,182,0.032865,0.000177,29.86,0.013714,0.004168,29.86,28.983,28.3714
S02,183,0.033042,0.000177,29.8739,0.013725,0.004169,29.8739,28.9924,28.3704
S02,184,0.033219,0.000177,29.8934,0.013728,0.004168,29.8934,28.9792,28.3391
S02,185,0.033396,0.000177,29.9108,0.013735,0.004168,29.9108,28.9887,28.335
S02,186,0.033573,0.000177,29.8974,0.01374,0.004168,29.8974,29.0074,28.3326
S02,187,0.03375,0.000177,29.8935,0.013728,0.004162,29.8935,29.0031,28.3433
S02,188,0.033927,0.000177,29.8574,0.013722,0.004157,29.8574,29.0063,28.3388
S02,189,0.034103,0.000177,29.8627,0.013698,0.004146,29.8627,29.0181,28.3366
S02,190,0.03428,0.000177,29.8653,0.013696,0.004143,29.8653,29.0045,28.3338
S02,191,0.034457,0.000177,29.8523,0.013693,0.004139,29.8523,29.0119,28.3342
S02,192,0.034634,0.000177,29.8516,0.013682,0.004133,29.8516,29.0185,28.3279
S02,193,0.034811,0.000177,29.837,0.013677,0.004129,29.837,28.9975,28.3298
S02,194,0.034987,0.000177,29.8449,0.013664,0.004122,29.8449,29.002,28.3266
S02,195,0.035164,0.000177,29.8737,0.013664,0.004119,29.8737,28.9996,28.347
S02,196,0.035341,0.000177,29.8759,0.013676,0.004121,29.8759,28.9965,28.3456
S02,197,0.035518,0.000177,29.8822,0.013672,0.004118,29.8822,29.0055,28.3668
S02,198,0.035695,0.000177,29.8928,0.013671,0.004115,29.8928,29.0178,28.3784
S02,199,0.035872,0.000177,29.9094,0.013673,0.004113,29.9094,29.0421,28.3776
S02,200,0.036049,0.000177,29.9047,0.013677,0.004112,29.9047,29.035,28.3773
S02,201,0.036226,0.000177,29.8705,0.01367,0.004107,29.8705,29.046,28.3728
S02,202,0.036403,0.000177,29.8912,0.013647,0.004096,29.8912,29.0545,28.3634
S02,203,0.036579,0.000177,29.9409,0.013654,0.004096,29.9409,29.052,28.3575
S02,204,0.036757,0.000177,29.9405,0.013677,0.004101,29.9405,29.0619,28.3494
S02,205,0.036934,0.000177,29.9644,0.013672,0.004097,29.9644,29.0686,28.3503
S02,206,0.037111,0.000177,29.9513,0.01368,0.004098,29.9513,29.0747,28.3503
S02,207,0.037288,0.000177,29.9186,0.013668,0.004091,29.9186,29.0827,28.3437
S02,208,0.037465,0.000177,29.92,0.013646,0.00408,29.92,29.0787,28.3429
S02,209,0.037642,0.000177,29.9185,0.013642,0.004076,29.9185,29.0797,28.3411
S02,210,0.037819,0.000177,29.9125,0.013636,0.004071,29.9125,29.0945,28.3482
S02,211,0.037996,0.000177,29.9307,0.013628,0.004066,29.9307,29.1123,28.3456
S02,212,0.038174,0.000177,29.9468,0.013634,0.004065,29.9468,29.1116,28.3398
S02,213,0.038351,0.000177,29.9804,0.013638,0.004064,29.9804,29.1078,28.3672
S02,214,0.038528,0.000177,30.0353,0.013652,0.004066,30.0353,29.0914,28.3789
S02,215,0.038706,0.000178,30.0259,0.013677,0.004072,30.0259,29.1023,28.3834
S02,216,0.038883,0.000178,29.9826,0.013667,0.004066,29.9826,29.1084,28.3992
S02,217,0.03906,0.000177,29.9952,0.013638,0.004053,29.9952,29.1324,28.3946
S02,218,0.039238,0.000177,30.041,0.013641,0.004051,30.041,29.1375,28.3843
S02,219,0.039415,0.000178,30.0599,0.013661,0.004056,30.0599,29.16,28.3892
S02,220,0.039593,0.000178,30.0725,0.013667,0.004055,30.0725,29.1665,28.3704
S02,221,0.039771,0.000178,30.1212,0.013669,0.004053,30.1212,29.1913,28.3887
S02,222,0.039949,0.000178,30.1381,0.013691,0.004058,30.1381,29.198,28.3887
S02,223,0.040127,0.000178,30.1779,0.013695,0.004057,30.1779,29.2121,28.3805
S02,224,0.040305,0.000178,30.1769,0.013712,0.00406,30.1769,29.2215,28.3783
S02,225,0.040483,0.000178,30.1992,0.013707,0.004055,30.1992,29.2476,28.4019
S02,226,0.040661,0.000178,30.2215,0.013714,0.004055,30.2215,29.2445,28.4151
S02,227,0.040839,0.000178,30.2054,0.013721,0.004055,30.2054,29.2455,28.4117
S02,228,0.041018,0.000178,30.2091,0.013708,0.004047,30.2091,29.2546,28.426
S02,229,0.041196,0.000178,30.2238,0.013705,0.004043,30.2238,29.2441,28.4356
S02,230,0.041374,0.000178,30.2484,0.013708,0.004041,30.2484,29.2586,28.4322
S02,231,0.041553,0.000178,30.2534,0.013716,0.004041,30.2534,29.2602,28.4444
S02,232,0.041731,0.000178,30.2244,0.013714,0.004037,30.2244,29.2614,28.4613
S02,233,0.041909,0.000178,30.2233,0.013693,0.004027,30.2233,29.2808,28.4728
S02,234,0.042088,0.000178,30.1936,0.013687,0.004022,30.1936,29.2776,28.4954
S02,235,0.042266,0.000178,30.1675,0.013666,0.004011,30.1675,29.2769,28.4996
S02,236,0.042444,0.000178,30.181,0.013646,0.004001,30.181,29.2988,28.4929
S02,237,0.042622,0.000178,30.1917,0.013649,0.003999,30.1917,29.3118,28.493
S02,238,0.0428,0.000178,30.1817,0.013649,0.003996,30.1817,29.3123,28.4841
S02,239,0.042979,0.000178,30.1896,0.013639,0.003989,30.1896,29.3284,28.4822
S02,240,0.043157,0.000178,30.2111,0.013638,0.003986,30.2111,29.3134,28.4667
S02,241,0.043335,0.000178,30.2441,0.013645,0.003985,30.2441,29.3171,28.4743
S02,242,0.043513,0.000178,30.2223,0.013658,0.003987,30.2223,29.3128,28.4894
S02,243,0.043692,0.000178,30.2293,0.013641,0.003977,30.2293,29.3246,28.4928
S02,244,0.04387,0.000178,30.2607,0.013639,0.003974,30.2607,29.3245,28.4729
S02,245,0.044049,0.000178,30.2494,0.013651,0.003975,30.2494,29.3354,28.4788
S02,246,0.044227,0.000178,30.2519,0.01364,0.003968,30.2519,29.3526,28.4761
S02,247,0.044406,0.000178,30.2364,0.013636,0.003963,30.2364,29.3665,28.4725
S02,248,0.044584,0.000178,30.249,0.013622,0.003955,30.249,29.357,28.4609
S02,249,0.044762,0.000178,30.2437,0.013624,0.003952,30.2437,29.3845,28.4692
S02,250,0.044941,0.000178,30.246,0.013616,0.003946,30.246,29.3854,28.4751
S02,251,0.045119,0.000178,30.2568,0.013612,0.003942,30.2568,29.3977,28.4992
S02,252,0.045298,0.000178,30.2583,0.013612,0.003939,30.2583,29.4294,28.4835
S02,253,0.045476,0.000178,30.271,0.013608,0.003934,30.271,29.4271,28.4925
S02,254,0.045655,0.000179,30.2523,0.01361,0.003931,30.2523,29.4238,28.4966
S02,255,0.045833,0.000178,30.2329,0.013594,0.003922,30.2329,29.4601,28.5121
S02,256,0.046011,0.000178,30.2577,0.013578,0.003913,30.2577,29.4688,28.521
S02,257,0.04619,0.000178,30.263,0.013586,0.003913,30.263,29.4761,28.5225
S02,258,0.046368,0.000178,30.25,0.013584,0.003909,30.25,29.4789,28.5409
S02,259,0.046547,0.000178,30.2648,0.013571,0.003901,30.2648,29.5,28.5549
S02,260,0.046725,0.000178,30.319,0.013574,0.003898,30.319,29.5073,28.5605
S02,261,0.046904,0.000179,30.319,0.013598,0.003904,30.319,29.5245,28.5602
S02,262,0.047083,0.000179,30.3406,0.013593,0.003899,30.3406,29.5123,28.5594
S02,263,0.047262,0.000179,30.378,0.0136,0.003898,30.378,29.5229,28.577
S02,264,0.047441,0.000179,30.3761,0.013615,0.0039,30.3761,29.5259,28.564
S02,265,0.047619,0.000179,30.3844,0.013608,0.003894,30.3844,29.5394,28.5657
S02,266,0.047798,0.000179,30.3947,0.013607,0.00389,30.3947,29.5351,28.5611
S02,267,0.047978,0.000179,30.4033,0.013608,0.003887,30.4033,29.5482,28.5614
S02,268,0.048157,0.000179,30.4259,0.013607,0.003883,30.4259,29.5652,28.5607
S02,269,0.048336,0.000179,30.4111,0.013614,0.003882,30.4111,29.5477,28.5672
S02,270,0.048515,0.000179,30.4048,0.0136,0.003874,30.4048,29.5538,28.5644
S02,271,0.048694,0.000179,30.4081,0.013591,0.003867,30.4081,29.5628,28.5648
S02,272,0.048873,0.000179,30.4369,0.013587,0.003863,30.4369,29.5601,28.5624
S02,273,0.049052,0.000179,30.437,0.013598,0.003863,30.437,29.5697,28.5554
S02,274,0.049232,0.000179,30.4683,0.013592,0.003857,30.4683,29.5572,28.5577
S02,275,0.049411,0.000179,30.4835,0.013604,0.003858,30.4835,29.5476,28.5653
S02,276,0.04959,0.000179,30.5084,0.013607,0.003856,30.5084,29.5558,28.5686
S02,277,0.04977,0.00018,30.5149,0.013615,0.003855,30.5149,29.5613,28.5821
S02,278,0.049949,0.00018,30.5179,0.013613,0.003851,30.5179,29.5621,28.5947
S02,279,0.050129,0.00018,30.5381,0.013609,0.003846,30.5381,29.5785,28.5873
S02,280,0.050309,0.00018,30.5687,0.013615,0.003844,30.5687,29.5827,28.582
S02,281,0.050488,0.00018,30.5924,0.013626,0.003845,30.5924,29.5921,28.5752
S02,282,0.050668,0.00018,30.596,0.013633,0.003844,30.596,29.6045,28.5616
S02,283,0.050848,0.00018,30.6153,0.01363,0.003839,30.6153,29.6085,28.5709
S02,284,0.051028,0.00018,30.579,0.013635,0.003837,30.579,29.6303,28.569
S02,285,0.051208,0.00018,30.5757,0.013609,0.003824,30.5757,29.6336,28.5788
S02,286,0.051388,0.00018,30.5811,0.013601,0.003818,30.5811,29.6548,28.5807
S02,287,0.051568,0.00018,30.6223,0.013599,0.003813,30.6223,29.6586,28.5851
S02,288,0.051748,0.00018,30.5988,0.013616,0.003816,30.5988,29.6562,28.5923
S02,289,0.051927,0.00018,30.5781,0.013597,0.003806,30.5781,29.6786,28.5988
S02,290,0.052107,0.00018,30.5793,0.01358,0.003796,30.5793,29.6831,28.6199
S02,291,0.052287,0.00018,30.6032,0.013575,0.00379,30.6032,29.6696,28.6199
S02,292,0.052467,0.00018,30.6299,0.013582,0.003789,30.6299,29.6669,28.6277
S02,293,0.052647,0.00018,30.5928,0.013591,0.003789,30.5928,29.6665,28.633
S02,294,0.052827,0.00018,30.6156,0.013565,0.003776,30.6156,29.6674,28.6464
S02,295,0.053007,0.00018,30.5942,0.013572,0.003775,30.5942,29.6711,28.6523
S02,296,0.053187,0.00018,30.571,0.013554,0.003764,30.571,29.6894,28.6594
S02,297,0.053367,0.00018,30.5572,0.013536,0.003754,30.5572,29.7002,28.6552
S02,298,0.053546,0.00018,30.5525,0.013523,0.003745,30.5525,29.6916,28.6557
S02,299,0.053726,0.00018,30.5168,0.013514,0.003739,30.5168,29.6987,28.6784
S02,300,0.053906,0.00018,30.5162,0.013489,0.003726,30.5162,29.6805,28.6776
S02,301,0.054085,0.00018,30.5231,0.013483,0.00372,30.5231,29.6871,28.681
S02,302,0.054265,0.00018,30.5618,0.013481,0.003715,30.5618,29.6905,28.681
S02,303,0.054444,0.00018,30.5771,0.013496,0.003717,30.5771,29.7002,28.683
S02,304,0.054624,0.00018,30.5805,0.013499,0.003714,30.5805,29.699,28.6943
S02,305,0.054804,0.00018,30.5578,0.013495,0.003709,30.5578,29.7053,28.7072
S02,306,0.054984,0.00018,30.5649,0.013476,0.003699,30.5649,29.693,28.7095
S02,307,0.055163,0.00018,30.5878,0.013475,0.003694,30.5878,29.7007,28.7027
S02,308,0.055343,0.00018,30.6418,0.013481,0.003693,30.6418,29.7156,28.7082
S02,309,0.055523,0.00018,30.7056,0.013505,0.003698,30.7056,29.7186,28.6972
S02,310,0.055704,0.00018,30.7106,0.013535,0.003704,30.7106,29.7253,28.6855
S02,311,0.055884,0.00018,30.7328,0.013531,0.0037,30.7328,29.7412,28.6755
S02,312,0.056065,0.00018,30.7281,0.013538,0.003698,30.7281,29.7348,28.6667
S02,313,0.056245,0.00018,30.7453,0.013529,0.003691,30.7453,29.7418,28.6688
S02,314,0.056426,0.000181,30.7598,0.013533,0.003689,30.7598,29.744,28.6666
S02,315,0.056606,0.000181,30.7602,0.013535,0.003685,30.7602,29.7476,28.6711
S02,316,0.056787,0.000181,30.7788,0.013529,0.003679,30.7788,29.7465,28.6724
S02,317,0.056967,0.000181,30.7756,0.013534,0.003677,30.7756,29.7464,28.6846
S02,318,0.057148,0.000181,30.7698,0.013526,0.00367,30.7698,29.751,28.6787
S02,319,0.057329,0.000181,30.7923,0.013517,0.003663,30.7923,29.7682,28.6847
S02,320,0.057509,0.000181,30.8394,0.013523,0.003662,30.8394,29.7536,28.682
S02,321,0.05769,0.000181,30.8609,0.013544,0.003665,30.8609,29.7446,28.6846
S02,322,0.057871,0.000181,30.8707,0.013549,0.003663,30.8707,29.7489,28.6884
S02,323,0.058052,0.000181,30.8961,0.013549,0.003659,30.8961,29.7666,28.6786
S02,324,0.058234,0.000181,30.8781,0.013557,0.003658,30.8781,29.7777,28.6712
S02,325,0.058415,0.000181,30.9247,0.013541,0.003648,30.9247,29.7835,28.678
S02,326,0.058596,0.000181,30.9296,0.013561,0.003652,30.9296,29.7867,28.6751
S02,327,0.058777,0.000181,30.9718,0.013558,0.003647,30.9718,29.7975,28.6594
S02,328,0.058959,0.000181,30.9675,0.013575,0.003649,30.9675,29.8098,28.6682
S02,329,0.05914,0.000181,31.0005,0.013567,0.003642,31.0005,29.8197,28.6703
S02,330,0.059322,0.000182,31.0054,0.013579,0.003642,31.0054,29.8297,28.6804
S02,331,0.059503,0.000182,31.0011,0.013576,0.003637,31.0011,29.8335,28.6907
S02,332,0.059685,0.000182,31.0124,0.013567,0.00363,31.0124,29.8395,28.7037
S02,333,0.059867,0.000182,31.006,0.013568,0.003626,31.006,29.8525,28.7205
S02,334,0.060048,0.000182,31.0143,0.013558,0.003619,31.0143,29.8586,28.7145
S02,335,0.06023,0.000182,31.0154,0.013557,0.003614,31.0154,29.8589,28.729
S02,336,0.060412,0.000182,31.0187,0.013551,0.003608,31.0187,29.863,28.7444
S02,337,0.060593,0.000182,31.0256,0.013547,0.003603,31.0256,29.8755,28.7453
S02,338,0.060775,0.000182,31.0418,0.013545,0.003598,31.0418,29.8808,28.7627
S02,339,0.060957,0.000182,31.0549,0.013548,0.003595,31.0549,29.8738,28.7623
S02,340,0.061139,0.000182,31.0381,0.013549,0.003591,31.0381,29.8862,28.7746
S02,341,0.061321,0.000182,31.0517,0.013534,0.003582,31.0517,29.8881,28.7677
S02,342,0.061502,0.000182,31.0592,0.013535,0.003578,31.0592,29.8885,28.7815
S02,343,0.061684,0.000182,31.0599,0.013533,0.003573,31.0599,29.9001,28.7812
S02,344,0.061866,0.000182,31.0902,0.013528,0.003567,31.0902,29.897,28.7821
S02,345,0.062048,0.000182,31.1103,0.013538,0.003567,31.1103,29.9211,28.7723
S02,346,0.06223,0.000182,31.0934,0.013544,0.003565,31.0934,29.9328,28.7928
S02,347,0.062412,0.000182,31.1186,0.013528,0.003555,31.1186,29.9471,28.7867
S02,348,0.062594,0.000182,31.1324,0.013536,0.003554,31.1324,29.9593,28.7935
S02,349,0.062777,0.000182,31.1469,0.013538,0.003551,31.1469,29.974,28.7739
S02,350,0.062959,0.000182,31.1147,0.01354,0.003547,31.1147,29.9689,28.7795
S02,351,0.063141,0.000182,31.1154,0.013516,0.003534,31.1154,29.9625,28.8005
S02,352,0.063323,0.000182,31.1197,0.01351,0.003528,31.1197,29.9714,28.8145
S02,353,0.063505,0.000182,31.1708,0.013506,0.003523,31.1708,29.978,28.821
S02,354,0.063687,0.000182,31.1544,0.013529,0.003527,31.1544,29.9846,28.8131
S02,355,0.06387,0.000182,31.1538,0.013513,0.003517,31.1538,29.9992,28.8214
S02,356,0.064052,0.000182,31.1813,0.013507,0.003511,31.1813,30.0088,28.8378
S02,357,0.064234,0.000182,31.1701,0.013516,0.00351,31.1701,30.0279,28.8368
S02,358,0.064417,0.000182,31.1711,0.013504,0.003501,31.1711,30.0317,28.8599
S02,359,0.064599,0.000182,31.1645,0.013498,0.003495,31.1645,30.0433,28.8688
S02,360,0.064781,0.000182,31.1749,0.013489,0.003487,31.1749,30.0422,28.8621
S02,361,0.064964,0.000182,31.1604,0.013488,0.003483,31.1604,30.0597,28.859
S02,362,0.065146,0.000182,31.1446,0.013474,0.003474,31.1446,30.0758,28.87
S02,363,0.065328,0.000182,31.1524,0.013459,0.003464,31.1524,30.0769,28.8474
S02,364,0.06551,0.000182,31.1451,0.013458,0.00346,31.1451,30.0815,28.8415
S02,365,0.065693,0.000182,31.132,0.013448,0.003452,31.132,30.1083,28.8293
S02,366,0.065875,0.000182,31.1461,0.013434,0.003443,31.1461,30.1063,28.8362
S02,367,0.066057,0.000182,31.1299,0.013436,0.003439,31.1299,30.1242,28.8378
S02,368,0.066239,0.000182,31.1721,0.013421,0.00343,31.1721,30.144,28.8336
S02,369,0.066422,0.000182,31.16,0.013438,0.003432,31.16,30.1367,28.8287
S02,370,0.066604,0.000182,31.1926,0.013425,0.003423,31.1926,30.1591,28.8278
S02,371,0.066786,0.000182,31.2225,0.013437,0.003423,31.2225,30.1648,28.8302
S02,372,0.066969,0.000183,31.2277,0.013448,0.003423,31.2277,30.1789,28.8153
S02,373,0.067151,0.000183,31.2285,0.013445,0.003417,31.2285,30.1789,28.8288
S02,374,0.067334,0.000183,31.2517,0.013439,0.003411,31.2517,30.1953,28.8406
S02,375,0.067517,0.000183,31.2673,0.013446,0.003409,31.2673,30.1935,28.8486
S02,376,0.067699,0.000183,31.2683,0.013448,0.003406,31.2683,30.1946,28.8316
S02,377,0.067882,0.000183,31.2984,0.013443,0.0034,31.2984,30.1914,28.8367
S02,378,0.068065,0.000183,31.3449,0.013453,0.003399,31.3449,30.2074,28.8374
S02,379,0.068248,0.000183,31.4038,0.013473,0.003402,31.4038,30.2251,28.8346
S02,380,0.068431,0.000183,31.4032,0.0135,0.003408,31.4032,30.2427,28.8487
S02,381,0.068615,0.000183,31.4201,0.013493,0.003401,31.4201,30.2377,28.8534
S02,382,0.068798,0.000183,31.4459,0.013497,0.003398,31.4459,30.2641,28.8608
S02,383,0.068982,0.000184,31.4507,0.013505,0.003397,31.4507,30.2691,28.8716
S02,384,0.069165,0.000184,31.4231,0.013501,0.003391,31.4231,30.2721,28.876
S02,385,0.069349,0.000183,31.439,0.01348,0.003379,31.439,30.2785,28.8792
S02,386,0.069532,0.000183,31.4377,0.013483,0.003376,31.4377,30.2862,28.8902
S02,387,0.069716,0.000183,31.4541,0.013476,0.003369,31.4541,30.3032,28.8917
S02,388,0.069899,0.000184,31.4751,0.013479,0.003366,31.4751,30.2951,28.8941
S02,389,0.070083,0.000184,31.5124,0.013485,0.003364,31.5124,30.2936,28.9069
S02,390,0.070267,0.000184,31.5086,0.013499,0.003365,31.5086,30.3023,28.8971
S02,391,0.070451,0.000184,31.5528,0.013491,0.003358,31.5528,30.325,28.8958
S02,392,0.070634,0.000184,31.5412,0.013509,0.00336,31.5412,30.3163,28.9039
S02,393,0.070818,0.000184,31.5544,0.013497,0.003351,31.5544,30.3298,28.9143
S02,394,0.071002,0.000184,31.5439,0.013498,0.003348,31.5439,30.3481,28.936
S02,395,0.071186,0.000184,31.5469,0.013486,0.003339,31.5469,30.3497,28.9398
S02,396,0.07137,0.000184,31.5483,0.013482,0.003333,31.5483,30.3659,28.9548
S02,397,0.071554,0.000184,31.57,0.013477,0.003327,31.57,30.3704,28.9613
S02,398,0.071738,0.000184,31.5996,0.013483,0.003325,31.5996,30.3843,28.9694
S02,399,0.071923,0.000184,31.6158,0.013493,0.003324,31.6158,30.4035,28.9717
S02,400,0.072107,0.000184,31.6046,0.013496,0.003321,31.6046,30.4075,28.9967
S02,401,0.072291,0.000184,31.5979,0.013484,0.003313,31.5979,30.4272,28.9918
S02,402,0.072475,0.000184,31.6078,0.013474,0.003305,31.6078,30.4412,28.9941
S02,403,0.072659,0.000184,31.6043,0.013474,0.0033,31.6043,30.4526,28.9898
S02,404,0.072844,0.000184,31.6353,0.013466,0.003293,31.6353,30.4541,29.0009
S02,405,0.073028,0.000184,31.6328,0.013477,0.003293,31.6328,30.4603,29.0056
S02,406,0.073212,0.000184,31.6616,0.013469,0.003286,31.6616,30.4736,29.0002
S02,407,0.073397,0.000184,31.6419,0.013479,0.003285,31.6419,30.4691,28.9979
S02,408,0.073581,0.000184,31.672,0.013462,0.003275,31.672,30.4781,29.015
S02,409,0.073766,0.000185,31.6653,0.013473,0.003275,31.6653,30.4826,29.0166
S02,410,0.07395,0.000184,31.6433,0.013463,0.003267,31.6433,30.5018,29.0118
S02,411,0.074135,0.000184,31.6274,0.013445,0.003256,31.6274,30.5116,29.0282
S02,412,0.074319,0.000184,31.6524,0.01343,0.003246,31.6524,30.5237,29.0495
S02,413,0.074503,0.000184,31.6493,0.013438,0.003245,31.6493,30.5137,29.061
S02,414,0.074688,0.000184,31.6511,0.013431,0.003238,31.6511,30.527,29.0861
S02,415,0.074872,0.000184,31.6815,0.013426,0.003232,31.6815,30.5374,29.0865
S02,416,0.075057,0.000185,31.7127,0.013436,0.003231,31.7127,30.5554,29.1008
S02,417,0.075241,0.000185,31.7272,0.013448,0.003231,31.7272,30.5537,29.1096
S02,418,0.075426,0.000185,31.762,0.01345,0.003228,31.762,30.5544,29.1221
S02,419,0.075611,0.000185,31.8118,0.013463,0.003228,31.8118,30.5692,29.1345
S02,420,0.075796,0.000185,31.8249,0.013485,0.003232,31.8249,30.5848,29.1718
S02,421,0.075981,0.000185,31.8201,0.013486,0.003228,31.8201,30.5859,29.1812
S02,422,0.076166,0.000185,31.81,0.013478,0.003221,31.81,30.5856,29.1775
S02,423,0.076351,0.000185,31.8198,0.013466,0.003212,31.8198,30.573,29.1765
S02,424,0.076537,0.000185,31.8059,0.013466,0.003208,31.8059,30.5764,29.1868
S02,425,0.076722,0.000185,31.824,0.013452,0.003199,31.824,30.5849,29.198
S02,426,0.076907,0.000185,31.8268,0.013456,0.003196,31.8268,30.5916,29.196
S02,427,0.077092,0.000185,31.8385,0.013452,0.00319,31.8385,30.5957,29.1849
S02,428,0.077277,0.000185,31.8477,0.013452,0.003186,31.8477,30.6257,29.175
S02,429,0.077463,0.000185,31.8578,0.013452,0.003181,31.8578,30.6152,29.1963
S02,430,0.077648,0.000185,31.9039,0.013451,0.003177,31.9039,30.6337,29.2169
S02,431,0.077833,0.000186,31.9091,0.013471,0.00318,31.9091,30.6344,29.209
S02,432,0.078019,0.000186,31.9166,0.013468,0.003174,31.9166,30.6511,29.2192
S02,433,0.078205,0.000186,31.9206,0.013467,0.00317,31.9206,30.6756,29.2121
S02,434,0.07839,0.000186,31.9127,0.013463,0.003164,31.9127,30.6923,29.1989
S02,435,0.078576,0.000186,31.8957,0.013453,0.003156,31.8957,30.6982,29.211
S02,436,0.078761,0.000185,31.9166,0.013437,0.003146,31.9166,30.7174,29.2223
S02,437,0.078947,0.000186,31.9063,0.013443,0.003144,31.9063,30.7204,29.2236
S02,438,0.079132,0.000186,31.9312,0.013432,0.003136,31.9312,30.7347,29.2251
S02,439,0.079318,0.000186,31.9063,0.01344,0.003134,31.9063,30.7435,29.2161
S02,440,0.079503,0.000186,31.8935,0.01342,0.003123,31.8935,30.7518,29.2246
S02,441,0.079689,0.000185,31.8868,0.013407,0.003114,31.8868,30.7586,29.234
S02,442,0.079874,0.000185,31.9302,0.013397,0.003106,31.9302,30.7729,29.2326
S02,443,0.08006,0.000186,31.9295,0.013416,0.003109,31.9295,30.7828,29.2469
S02,444,0.080246,0.000186,31.9376,0.01341,0.003102,31.9376,30.7884,29.2672
S02,445,0.080431,0.000186,31.9467,0.013408,0.003098,31.9467,30.7754,29.3006
S02,446,0.080617,0.000186,31.9485,0.013408,0.003093,31.9485,30.7776,29.3099
S02,447,0.080803,0.000186,31.9592,0.013403,0.003087,31.9592,30.7928,29.3166
S02,448,0.080988,0.000186,31.9811,0.013403,0.003083,31.9811,30.7921,29.2991
S02,449,0.081174,0.000186,31.9971,0.01341,0.003081,31.9971,30.7888,29.2892
S02,450,0.08136,0.000186,32.0087,0.013413,0.003078,32.0087,30.7972,29.3
S02,451,0.081546,0.000186,32.0385,0.013413,0.003074,32.0385,30.8027,29.3203
S02,452,0.081732,0.000186,32.0626,0.013424,0.003074,32.0626,30.8162,29.3444
S02,453,0.081918,0.000186,32.1088,0.013432,0.003072,32.1088,30.8157,29.3685
S02,454,0.082105,0.000186,32.1315,0.013452,0.003075,32.1315,30.8135,29.3925
S02,455,0.082291,0.000187,32.1523,0.013459,0.003073,32.1523,30.8319,29.4165
S02,456,0.082478,0.000187,32.1481,0.013465,0.003071,32.1481,30.8269,29.4404
S02,457,0.082664,0.000187,32.1746,0.013457,0.003064,32.1746,30.8338,29.4643
S02,458,0.082851,0.000187,32.1798,0.013466,0.003063,32.1798,30.8417,29.4882
S02,459,0.083038,0.000187,32.1523,0.013463,0.003058,32.1523,30.8566,29.512
S02,460,0.083225,0.000187,32.1806,0.013442,0.003046,32.1806,30.87,29.5357
S02,461,0.083411,0.000187,32.1892,0.013452,0.003046,32.1892,30.873,29.5594
S02,462,0.083598,0.000187,32.1814,0.013452,0.003041,32.1814,30.8761,29.5831
S02,463,0.083785,0.000187,32.1541,0.013442,0.003034,32.1541,30.8883,29.607
S02,464,0.083971,0.000187,32.1543,0.013421,0.003022,32.1543,30.9,29.6302
S02,465,0.084158,0.000187,32.1135,0.013415,0.003016,32.1135,30.8975,29.6537
S02,466,0.084344,0.000186,32.1661,0.013387,0.003001,32.1661,30.905,29.6772
S02,467,0.084531,0.000187,32.1908,0.013411,0.003006,32.1908,30.9033,29.7006
S02,468,0.084718,0.000187,32.1998,0.013419,0.003005,32.1998,30.9033,29.7239
S02,469,0.084905,0.000187,32.2074,0.013419,0.003,32.2074,30.9286,29.7472
S02,470,0.085091,0.000187,32.2178,0.013417,0.002996,32.2178,30.9234,29.7705
S02,471,0.085278,0.000187,32.2478,0.013417,0.002992,32.2478,30.9393,29.7937
S02,472,0.085465,0.000187,32.2576,0.013429,0.002991,32.2576,30.9395,29.8168
S02,473,0.085652,0.000187,32.2323,0.013429,0.002987,32.2323,30.9458,29.8399
S02,474,0.085839,0.000187,32.2331,0.013409,0.002976,32.2331,30.941,29.863
S02,475,0.086026,0.000187,32.2304,0.013404,0.00297,32.2304,30.9556,29.8859
S02,476,0.086213,0.000187,32.2301,0.013397,0.002964,32.2301,30.9722,29.9089
S02,477,0.0864,0.000187,32.225,0.013392,0.002957,32.225,30.9802,29.9317
S02,478,0.086587,0.000187,32.2301,0.013383,0.00295,32.2301,30.9889,29.9545
S02,479,0.086774,0.000187,32.2324,0.013381,0.002945,32.2324,30.9989,29.9773
S02,480,0.086961,0.000187,32.2078,0.013377,0.00294,32.2078,31.0191,30.0
S02,481,0.087148,0.000187,32.2197,0.013357,0.002929,32.2197,31.0367,30.0226
S02,482,0.087335,0.000187,32.2445,0.013359,0.002925,32.2445,31.054,30.0452
S02,483,0.087522,0.000187,32.263,0.013367,0.002924,32.263,31.0752,30.0678
S02,484,0.087709,0.000187,32.3029,0.013372,0.002922,32.3029,31.0973,30.0902
S02,485,0.087896,0.000187,32.2937,0.013389,0.002924,32.2937,31.111,30.1126
S02,486,0.088083,0.000187,32.3205,0.013378,0.002916,32.3205,31.1128,30.135
S02,487,0.088271,0.000187,32.3191,0.013388,0.002915,32.3191,31.1277,30.1586
S02,488,0.088458,0.000187,32.3098,0.013382,0.002909,32.3098,31.1311,30.1795
S02,489,0.088645,0.000187,32.3452,0.013371,0.002901,32.3452,31.1715,30.2017
S02,490,0.088833,0.000187,32.3569,0.013386,0.002902,32.3569,31.1774,30.2238
S02,491,0.08902,0.000187,32.3663,0.013387,0.002899,32.3663,31.1863,30.2458
S02,492,0.089208,0.000188,32.3341,0.013387,0.002895,32.3341,31.1925,30.2678
S02,493,0.089395,0.000187,32.3184,0.013364,0.002882,32.3184,31.2118,30.2898
S02,494,0.089582,0.000187,32.3395,0.01335,0.002873,32.3395,31.2171,30.3116
S02,495,0.08977,0.000187,32.3162,0.013357,0.002871,32.3162,31.2307,30.3334
S02,496,0.089957,0.000187,32.3372,0.013338,0.002861,32.3372,31.2293,30.3552
S02,497,0.090145,0.000187,32.3209,0.013345,0.002859,32.3209,31.2336,30.3768
S02,498,0.090332,0.000187,32.3429,0.013331,0.00285,32.3429,31.2332,30.3984
S02,499,0.090519,0.000187,32.3569,0.013338,0.002849,32.3569,31.2446,30.42
S02,500,0.090707,0.000187,32.3587,0.01334,0.002846,32.3587,31.2459,30.4415
S02,501,0.090894,0.000187,32.348,0.013336,0.00284,32.348,31.2548,30.4629
S02,502,0.091082,0.000187,32.3621,0.013325,0.002832,32.3621,31.2627,30.4842
S02,503,0.091269,0.000188,32.3655,0.013328,0.002829,32.3655,31.2695,30.5055
S02,504,0.091457,0.000188,32.346,0.013325,0.002824,32.346,31.2557,30.5267
S02,505,0.091644,0.000187,32.3504,0.013309,0.002814,32.3504,31.2813,30.5479
S02,506,0.091832,0.000187,32.3745,0.013306,0.00281,32.3745,31.296,30.5689
S02,507,0.092019,0.000188,32.3854,0.013315,0.002809,32.3854,31.3231,30.5899
S02,508,0.092207,0.000188,32.3935,0.013316,0.002805,32.3935,31.3191,30.6109
S02,509,0.092394,0.000188,32.4207,0.013315,0.002801,32.4207,31.3163,30.6318
S02,510,0.092582,0.000188,32.4566,0.013325,0.002801,32.4566,31.324,30.6526
S02,511,0.09277,0.000188,32.4745,0.01334,0.002802,32.4745,31.3504,30.6733
S02,512,0.092958,0.000188,32.4746,0.013346,0.0028,32.4746,31.3542,30.694
S02,513,0.093146,0.000188,32.4893,0.013341,0.002794,32.4893,31.3668,30.7152
S02,514,0.093334,0.000188,32.4973,0.013344,0.002792,32.4973,31.3652,30.7351
S02,515,0.093522,0.000188,32.5363,0.013343,0.002788,32.5363,31.3704,30.7555
S02,516,0.093711,0.000188,32.5481,0.01336,0.00279,32.5481,31.3756,30.7759
S02,517,0.093899,0.000188,32.5751,0.013362,0.002786,32.5751,31.3777,30.7962
S02,518,0.094087,0.000188,32.5503,0.013372,0.002786,32.5503,31.3825,30.8165
S02,519,0.094276,0.000188,32.5617,0.013354,0.002776,32.5617,31.384,30.8366
S02,520,0.094464,0.000188,32.5772,0.013355,0.002772,32.5772,31.3965,30.8567
S02,521,0.094653,0.000188,32.5902,0.013359,0.00277,32.5902,31.3986,30.8767
S02,522,0.094841,0.000189,32.601,0.013361,0.002767,32.601,31.3998,30.8967
S02,523,0.09503,0.000189,32.6472,0.013363,0.002764,32.6472,31.4052,30.9166
S02,524,0.095219,0.000189,32.6814,0.013384,0.002767,32.6814,31.4235,30.9364
S02,525,0.095407,0.000189,32.6798,0.013398,0.002769,32.6798,31.46,30.9561
S02,526,0.095596,0.000189,32.7047,0.013392,0.002763,32.7047,31.4702,30.9757
S02,527,0.095785,0.000189,32.7143,0.013402,0.002762,32.7143,31.4802,30.9953
S02,528,0.095975,0.000189,32.671,0.013402,0.002759,32.671,31.4819,31.0148
S02,529,0.096163,0.000189,32.6424,0.013373,0.002745,32.6424,31.4795,31.0342
S02,530,0.096352,0.000189,32.6865,0.013353,0.002733,32.6865,31.4814,31.0535
S02,531,0.096541,0.000189,32.7097,0.013373,0.002737,32.7097,31.486,31.0728
S02,532,0.09673,0.000189,32.7111,0.013381,0.002736,32.7111,31.4921,31.092
S02,533,0.096919,0.000189,32.7369,0.013377,0.002731,32.7369,31.4936,31.1111
S02,534,0.097108,0.000189,32.7464,0.013387,0.002731,32.7464,31.5105,31.1301
S02,535,0.097298,0.000189,32.7333,0.013388,0.002727,32.7333,31.5113,31.1491
S02,536,0.097487,0.000189,32.7207,0.013376,0.002719,32.7207,31.5105,31.168
S02,537,0.097676,0.000189,32.7195,0.013364,0.002712,32.7195,31.5245,31.1867
S02,538,0.097865,0.000189,32.7773,0.013359,0.002706,32.7773,31.5228,31.2055
S02,539,0.098054,0.000189,32.8118,0.013387,0.002712,32.8118,31.5189,31.2241
S02,540,0.098244,0.00019,32.8765,0.013402,0.002714,32.8765,31.5213,31.2426
S02,541,0.098434,0.00019,32.8856,0.013434,0.002722,32.8856,31.5223,31.2611
S02,542,0.098624,0.00019,32.9041,0.013434,0.002718,32.9041,31.5403,31.2795
S02,543,0.098813,0.00019,32.9192,0.01344,0.002717,32.9192,31.5329,31.2978
S02,544,0.099003,0.00019,32.9435,0.013444,0.002714,32.9435,31.5297,31.316
S02,545,0.099194,0.00019,32.9331,0.013454,0.002714,32.9331,31.5465,31.3342
S02,546,0.099384,0.00019,32.9565,0.013443,0.002707,32.9565,31.5621,31.3522
S02,547,0.099574,0.00019,32.9611,0.013452,0.002706,32.9611,31.5574,31.3702
S02,548,0.099764,0.00019,33.0116,0.01345,0.002702,33.0116,31.5571,31.3881
S02,549,0.099954,0.00019,33.0254,0.013474,0.002707,33.0254,31.5601,31.4059
S02,550,0.100145,0.00019,33.0328,0.013478,0.002705,33.0328,31.5561,31.4237
S02,551,0.100335,0.000191,33.0395,0.013478,0.002701,33.0395,31.5761,31.4413
S02,552,0.100526,0.000191,33.0517,0.013477,0.002697,33.0517,31.5918,31.4589
S02,553,0.100717,0.000191,33.0437,0.01348,0.002695,33.0437,31.594,31.4763
S02,554,0.100907,0.000191,33.0612,0.013471,0.002688,33.0612,31.6047,31.4937
S02,555,0.101098,0.000191,33.1068,0.013477,0.002686,33.1068,31.6136,31.511
S02,556,0.101289,0.000191,33.128,0.013498,0.002691,33.128,31.6287,31.5283
S02,557,0.101479,0.000191,33.1491,0.013506,0.00269,33.1491,31.6567,31.5454
S02,558,0.101671,0.000191,33.1526,0.013514,0.002689,33.1526,31.6545,31.5624
S02,559,0.101862,0.000191,33.1447,0.013512,0.002685,33.1447,31.6566,31.5794
S02,560,0.102053,0.000191,33.1468,0.013503,0.002678,33.1468,31.6634,31.5963
S02,561,0.102244,0.000191,33.1202,0.0135,0.002674,33.1202,31.6807,31.6131
S02,562,0.102435,0.000191,33.1217,0.013481,0.002664,33.1217,31.689,31.6297
S02,563,0.102625,0.000191,33.1439,0.013478,0.002659,33.1439,31.7028,31.6464
S02,564,0.102816,0.000191,33.1429,0.013486,0.002659,33.1429,31.7032,31.6629
S02,565,0.103007,0.000191,33.1869,0.013482,0.002654,33.1869,31.7125,31.6793
S02,566,0.103199,0.000191,33.2178,0.013503,0.002657,33.2178,31.7205,31.6956
S02,567,0.10339,0.000191,33.2129,0.013516,0.002659,33.2129,31.7392,31.7119
S02,568,0.103581,0.000191,33.2438,0.013509,0.002653,33.2438,31.7392,31.7281
S02,569,0.103773,0.000191,33.2373,0.013523,0.002655,33.2373,31.7409,31.7441
S02,570,0.103964,0.000191,33.2586,0.013515,0.002648,33.2586,31.7359,31.7601
S02,571,0.104156,0.000192,33.2691,0.013524,0.002648,33.2691,31.7517,31.776
S02,572,0.104347,0.000192,33.2825,0.013526,0.002645,33.2825,31.7708,31.7918
S02,573,0.104539,0.000192,33.3101,0.013529,0.002643,33.3101,31.7582,31.8075
S02,574,0.104731,0.000192,33.3066,0.013541,0.002644,33.3066,31.7678,31.8231
S02,575,0.104922,0.000192,33.3433,0.013535,0.002639,33.3433,31.7874,31.8387
S02,576,0.105114,0.000192,33.3153,0.013552,0.002642,33.3153,31.7997,31.8541
S02,577,0.105306,0.000192,33.3145,0.013533,0.002631,33.3145,31.8038,31.8709
S02,578,0.105498,0.000192,33.3467,0.013529,0.002627,33.3467,31.8085,31.8847
S02,579,0.10569,0.000192,33.3657,0.013543,0.002628,33.3657,31.817,31.8998
S02,580,0.105882,0.000192,33.3771,0.01355,0.002628,33.3771,31.8242,31.9149
S02,581,0.106074,0.000192,33.3852,0.013553,0.002625,33.3852,31.8502,31.9299
S02,582,0.106266,0.000192,33.4055,0.013554,0.002622,33.4055,31.8676,31.9448
S02,583,0.106458,0.000192,33.4278,0.013562,0.002622,33.4278,31.8975,31.9595
S02,584,0.106651,0.000192,33.4403,0.013571,0.002622,33.4403,31.9071,31.9742
S02,585,0.106843,0.000192,33.4586,0.013574,0.00262,33.4586,31.9222,31.9888
S02,586,0.107035,0.000192,33.4595,0.013581,0.002619,33.4595,31.9404,32.0111
S02,587,0.107228,0.000192,33.4939,0.013578,0.002615,33.4939,31.9577,32.0177
S02,588,0.10742,0.000193,33.5147,0.013594,0.002618,33.5147,31.9613,32.032
S02,589,0.107613,0.000193,33.5147,0.013602,0.002617,33.5147,31.9496,32.0578
S02,590,0.107806,0.000193,33.5325,0.013599,0.002613,33.5325,31.9573,32.0624
S02,591,0.107999,0.000193,33.5086,0.013606,0.002612,33.5086,31.9631,32.0744
S02,592,0.108191,0.000193,33.4991,0.013589,0.002603,33.4991,31.9646,32.0883
S02,593,0.108384,0.000193,33.512,0.01358,0.002597,33.512,31.9734,32.1021
S02,594,0.108577,0.000193,33.5122,0.013584,0.002595,33.5122,31.9778,32.1158
S02,595,0.108769,0.000193,33.5343,0.01358,0.002591,33.5343,31.9879,32.1295
S02,596,0.108962,0.000193,33.5601,0.01359,0.002591,33.5601,32.0067,32.143
S02,597,0.109155,0.000193,33.5649,0.013601,0.002592,33.5649,32.0235,32.1569
S02,598,0.109348,0.000193,33.5933,0.0136,0.002589,33.5933,32.0393,32.1698
S02,599,0.109541,0.000193,33.5811,0.013613,0.00259,33.5811,32.0398,32.183
S02,600,0.109734,0.000193,33.5844,0.013603,0.002584,33.5844,32.0539,32.1962
S02,601,0.109927,0.000193,33.612,0.013602,0.00258,33.612,32.054,32.2092
S02,602,0.11012,0.000193,33.5889,0.013614,0.002582,33.5889,32.0598,32.2221
S02,603,0.110313,0.000193,33.5796,0.013598,0.002573,33.5796,32.0672,32.235
S02,604,0.110506,0.000193,33.594,0.013589,0.002567,33.594,32.097,32.2477
S02,605,0.110699,0.000193,33.5959,0.013595,0.002566,33.5959,32.1124,32.2604
S02,606,0.110892,0.000193,33.6139,0.013592,0.002562,33.6139,32.13,32.2729
S02,607,0.111085,0.000193,33.6271,0.0136,0.002562,33.6271,32.1365,32.2853
S02,608,0.111278,0.000193,33.634,0.013604,0.002561,33.634,32.1378,32.2977
S02,609,0.111472,0.000193,33.647,0.013605,0.002558,33.647,32.1659,32.3099
S02,610,0.111665,0.000193,33.6327,0.013609,0.002557,33.6327,32.1773,32.3221
S02,611,0.111858,0.000193,33.6265,0.013598,0.00255,33.6265,32.191,32.3341
S02,612,0.112051,0.000193,33.6353,0.013592,0.002545,33.6353,32.216,32.346
S02,613,0.112245,0.000193,33.6165,0.013594,0.002543,33.6165,32.2183,32.3629
S02,614,0.112438,0.000193,33.6239,0.01358,0.002535,33.6239,32.2134,32.3696
S02,615,0.112631,0.000193,33.6437,0.013582,0.002533,33.6437,32.2404,32.3812
S02,616,0.112824,0.000193,33.6698,0.01359,0.002533,33.6698,32.2622,32.3928
S02,617,0.113018,0.000193,33.6768,0.013602,0.002534,33.6768,32.2683,32.4042
S02,618,0.113211,0.000193,33.6825,0.013603,0.002532,33.6825,32.2723,32.4155
S02,619,0.113404,0.000193,33.6822,0.013604,0.00253,33.6822,32.2941,32.4267
S02,620,0.113598,0.000193,33.6792,0.013601,0.002526,33.6792,32.2801,32.4378
S02,621,0.113791,0.000193,33.7269,0.013596,0.002521,33.7269,32.2766,32.4489
S02,622,0.113985,0.000194,33.7499,0.013621,0.002527,33.7499,32.2896,32.4623
S02,623,0.114179,0.000194,33.8068,0.013631,0.002528,33.8068,32.2964,32.4706
S02,624,0.114373,0.000194,33.8373,0.013661,0.002536,33.8373,32.299,32.4813
S02,625,0.114567,0.000194,33.853,0.013676,0.002539,33.853,32.3015,32.4919
S02,626,0.114761,0.000194,33.8494,0.013682,0.002538,33.8494,32.3081,32.5024
S02,627,0.114955,0.000194,33.84,0.013677,0.002534,33.84,32.3475,32.5127
S02,628,0.11515,0.000194,33.876,0.013669,0.002529,33.876,32.3535,32.523
S02,629,0.115344,0.000194,33.8806,0.013688,0.002532,33.8806,32.3725,32.5332
S02,630,0.115538,0.000194,33.8874,0.013688,0.00253,33.8874,32.3791,32.5433
S02,631,0.115733,0.000194,33.9189,0.013689,0.002528,33.9189,32.3948,32.5532
S02,632,0.115927,0.000195,33.9487,0.013705,0.00253,33.9487,32.4135,32.5631
S02,633,0.116122,0.000195,33.9535,0.013719,0.002533,33.9535,32.4226,32.5729
S02,634,0.116317,0.000195,33.987,0.01372,0.002531,33.987,32.4321,32.5825
S02,635,0.116511,0.000195,34.0089,0.013737,0.002534,34.0089,32.4266,32.592
S02,636,0.116706,0.000195,34.0459,0.013747,0.002535,34.0459,32.4328,32.6015
S02,637,0.116901,0.000195,34.085,0.013766,0.002539,34.085,32.4289,32.6132
S02,638,0.117097,0.000195,34.1082,0.013786,0.002544,34.1082,32.4418,32.62
S02,639,0.117292,0.000195,34.1329,0.013797,0.002545,34.1329,32.4443,32.6291
S02,640,0.117488,0.000196,34.1464,0.013809,0.002547,34.1464,32.4566,32.6382
S02,641,0.117683,0.000196,34.1296,0.013815,0.002546,34.1296,32.4642,32.6471
S02,642,0.117879,0.000196,34.1315,0.013803,0.00254,34.1315,32.4594,32.6558
S02,643,0.118074,0.000196,34.1432,0.013801,0.002537,34.1432,32.4701,32.6645
S02,644,0.11827,0.000196,34.1268,0.013806,0.002536,34.1268,32.4729,32.6731
S02,645,0.118465,0.000195,34.1518,0.013794,0.00253,34.1518,32.4854,32.6816
S02,646,0.118661,0.000196,34.2035,0.013807,0.002532,34.2035,32.4986,32.6899
S02,647,0.118857,0.000196,34.2172,0.013835,0.002539,34.2172,32.4826,32.6982
S02,648,0.119053,0.000196,34.2227,0.01384,0.002539,34.2227,32.4774,32.7063
S02,649,0.119249,0.000196,34.2469,0.013842,0.002537,34.2469,32.485,32.7144
S02,650,0.119445,0.000196,34.268,0.013854,0.002539,34.268,32.4985,32.7223
S02,651,0.119641,0.000196,34.2659,0.013864,0.00254,34.2659,32.5103,32.7421
S02,652,0.119837,0.000196,34.2837,0.013861,0.002537,34.2837,32.5177,32.7491
S02,653,0.120033,0.000196,34.3065,0.013869,0.002537,34.3065,32.5478,32.7464
S02,654,0.12023,0.000196,34.3215,0.01388,0.002539,34.3215,32.5675,32.7529
S02,655,0.120426,0.000196,34.3248,0.013887,0.002539,34.3248,32.5909,32.7603
S02,656,0.120622,0.000196,34.3364,0.013887,0.002537,34.3364,32.6046,32.7676
S02,657,0.120819,0.000196,34.3546,0.013892,0.002536,34.3546,32.6119,32.7747
S02,658,0.121015,0.000197,34.3562,0.013901,0.002537,34.3562,32.64,32.7818
S02,659,0.121212,0.000197,34.3236,0.0139,0.002535,34.3236,32.6544,32.7887
S02,660,0.121408,0.000196,34.3227,0.013879,0.002526,34.3227,32.6628,32.7956
S02,661,0.121605,0.000196,34.3402,0.013877,0.002523,34.3402,32.6671,32.8023
S02,662,0.121801,0.000196,34.3292,0.013886,0.002524,34.3292,32.6919,32.8089
S02,663,0.121998,0.000196,34.3323,0.013877,0.002519,34.3323,32.671,32.8154
S02,664,0.122194,0.000196,34.3198,0.013878,0.002517,34.3198,32.6848,32.8218
S02,665,0.122391,0.000196,34.3672,0.013869,0.002512,34.3672,32.7106,32.8281
S02,666,0.122587,0.000197,34.4018,0.013895,0.002518,34.4018,32.7267,32.8342
S02,667,0.122784,0.000197,34.3933,0.013913,0.002523,34.3933,32.7339,32.8403
S02,668,0.122981,0.000197,34.4273,0.013907,0.002519,34.4273,32.7351,32.8462
S02,669,0.123178,0.000197,34.4088,0.013925,0.002523,34.4088,32.7533,32.8521
S02,670,0.123374,0.000197,34.4253,0.013913,0.002517,34.4253,32.7667,32.8578
S02,671,0.123571,0.000197,34.4457,0.013921,0.002518,34.4457,32.7801,32.8634
S02,672,0.123768,0.000197,34.4432,0.013931,0.002519,34.4432,32.8008,32.8689
S02,673,0.123965,0.000197,34.4649,0.013928,0.002516,34.4649,32.804,32.8743
S02,674,0.124162,0.000197,34.488,0.01394,0.002518,34.488,32.8335,32.8795
S02,675,0.124359,0.000197,34.4977,0.013952,0.002521,34.4977,32.8504,32.8847
S02,676,0.124557,0.000197,34.5112,0.013956,0.00252,34.5112,32.8555,32.8898
S02,677,0.124754,0.000197,34.5548,0.013963,0.002521,34.5548,32.8624,32.8947
S02,678,0.124951,0.000197,34.5568,0.013987,0.002527,34.5568,32.8628,32.8995
S02,679,0.125149,0.000197,34.5115,0.013987,0.002525,34.5115,32.8755,32.9042
S02,680,0.125346,0.000197,34.482,0.013959,0.002514,34.482,32.8978,32.9106
S02,681,0.125543,0.000197,34.4654,0.013941,0.002506,34.4654,32.9186,32.9152
S02,682,0.12574,0.000197,34.4728,0.01393,0.0025,34.4728,32.9265,32.9177
S02,683,0.125938,0.000197,34.4737,0.013933,0.0025,34.4737,32.9582,32.922
S02,684,0.126135,0.000197,34.4689,0.013933,0.002498,34.4689,32.9724,32.9261
S02,685,0.126332,0.000197,34.458,0.013929,0.002495,34.458,32.9775,32.9302
S02,686,0.126529,0.000197,34.504,0.013921,0.002491,34.504,32.9919,32.9341
S02,687,0.126726,0.000197,34.5137,0.013947,0.002498,34.5137,33.016,32.9379
S02,688,0.126923,0.000197,34.5238,0.013952,0.002498,34.5238,33.0281,32.9416
S02,689,0.127121,0.000197,34.5439,0.013957,0.002498,34.5439,33.0248,32.9457
S02,690,0.127318,0.000197,34.5822,0.013968,0.0025,34.5822,33.0327,32.952
S02,691,0.127516,0.000198,34.579,0.013989,0.002506,34.579,33.0459,32.952
S02,692,0.127713,0.000198,34.5384,0.013986,0.002503,34.5384,33.0562,32.9587
S02,693,0.127911,0.000197,34.5413,0.013962,0.002493,34.5413,33.0581,32.9584
S02,694,0.128108,0.000197,34.5604,0.013963,0.002492,34.5604,33.082,32.968
S02,695,0.128305,0.000197,34.5828,0.013973,0.002494,34.5828,33.0829,32.9643
S02,696,0.128503,0.000198,34.5424,0.013985,0.002497,34.5424,33.0899,32.9671
S02,697,0.1287,0.000197,34.5868,0.013961,0.002487,34.5868,33.0693,32.9698
S02,698,0.128898,0.000198,34.568,0.013986,0.002494,34.568,33.0769,32.9724
S02,699,0.129096,0.000198,34.6232,0.013975,0.002488,34.6232,33.0996,32.9748
S02,700,0.129293,0.000198,34.6352,0.014006,0.002498,34.6352,33.0855,32.9772
S02,701,0.129491,0.000198,34.6364,0.014013,0.002499,34.6364,33.1018,32.9794
S02,702,0.129689,0.000198,34.6239,0.014013,0.002497,34.6239,33.1222,32.9815
S02,703,0.129887,0.000198,34.638,0.014005,0.002493,34.638,33.1372,33.0016
S02,704,0.130085,0.000198,34.6486,0.014013,0.002494,34.6486,33.149,33.0115
S02,705,0.130283,0.000198,34.6827,0.014018,0.002495,34.6827,33.1491,33.0136
S02,706,0.130481,0.000198,34.7209,0.014038,0.0025,34.7209,33.1437,33.0202
S02,707,0.130679,0.000198,34.6632,0.01406,0.002506,34.6632,33.1522,33.0154
S02,708,0.130877,0.000198,34.6835,0.014026,0.002493,34.6835,33.164,33.0152
S02,709,0.131075,0.000198,34.712,0.014037,0.002496,34.712,33.1672,33.0051
S02,710,0.131273,0.000198,34.6882,0.014053,0.0025,34.6882,33.1774,33.0276
S02,711,0.131471,0.000198,34.7113,0.014039,0.002494,34.7113,33.1882,33.0077
S02,712,0.131669,0.000198,34.7425,0.014052,0.002497,34.7425,33.2119,33.0028
S02,713,0.131868,0.000198,34.7295,0.01407,0.002502,34.7295,33.2056,32.9972
S02,714,0.132066,0.000198,34.7449,0.014062,0.002499,34.7449,33.2242,33.0015
S02,715,0.132264,0.000198,34.7861,0.014071,0.0025,34.7861,33.2332,32.999
S02,716,0.132463,0.000199,34.789,0.014095,0.002507,34.789,33.2415,33.022
S02,717,0.132662,0.000199,34.8109,0.014097,0.002507,34.8109,33.2589,33.0385
S02,718,0.13286,0.000199,34.8052,0.01411,0.00251,34.8052,33.2913,33.03
S02,719,0.133059,0.000199,34.8306,0.014106,0.002508,34.8306,33.3154,33.0332
S02,720,0.133258,0.000199,34.852,0.014121,0.002512,34.852,33.3208,33.0297
S02,721,0.133456,0.000199,34.8664,0.014134,0.002515,34.8664,33.3271,33.0299
S02,722,0.133655,0.000199,34.8821,0.014142,0.002517,34.8821,33.343,33.0329
S02,723,0.133854,0.000199,34.8695,0.014151,0.002519,34.8695,33.3509,33.0272
S02,724,0.134053,0.000199,34.8853,0.014144,0.002515,34.8853,33.3671,33.0334
S02,725,0.134252,0.000199,34.8985,0.014153,0.002517,34.8985,33.3806,33.0284
S02,726,0.134451,0.000199,34.9404,0.014161,0.002519,34.9404,33.4015,33.0226
S02,727,0.134651,0.000199,34.9474,0.014186,0.002526,34.9474,33.4153,33.0285
S02,728,0.13485,0.000199,34.9576,0.01419,0.002527,34.9576,33.4133,33.0404
S02,729,0.135049,0.000199,34.9774,0.014197,0.002528,34.9774,33.4198,33.0381
S02,730,0.135249,0.000199,34.9673,0.014209,0.002531,34.9673,33.413,33.0404
S02,731,0.135448,0.000199,35.0085,0.014203,0.002528,35.0085,33.4322,33.0443
S02,732,0.135648,0.0002,35.0378,0.014227,0.002536,35.0378,33.442,33.0313
S02,733,0.135848,0.0002,35.0078,0.014245,0.002541,35.0078,33.4621,33.0223
S02,734,0.136047,0.0002,35.0337,0.014228,0.002534,35.0337,33.4706,33.0286
S02,735,0.136247,0.0002,35.0424,0.014243,0.002539,35.0424,33.496,33.0321
S02,736,0.136447,0.0002,35.0468,0.014249,0.00254,35.0468,33.5142,33.0454
S02,737,0.136646,0.0002,35.0632,0.014252,0.00254,35.0632,33.518,33.0276
S02,738,0.136846,0.0002,35.0818,0.014262,0.002543,35.0818,33.5221,33.0256
S02,739,0.137046,0.0002,35.1007,0.014274,0.002546,35.1007,33.5359,33.0467
S02,740,0.137246,0.0002,35.1097,0.014285,0.002549,35.1097,33.5338,33.0576
S02,741,0.137446,0.0002,35.1519,0.014291,0.00255,35.1519,33.5456,33.0418
S02,742,0.137647,0.0002,35.1421,0.014317,0.002558,35.1421,33.5588,33.0646
S02,743,0.137847,0.0002,35.1697,0.014312,0.002556,35.1697,33.5783,33.0697
S02,744,0.138047,0.0002,35.1378,0.014329,0.002561,35.1378,33.5898,33.0685
S02,745,0.138247,0.0002,35.1108,0.01431,0.002554,35.1108,33.6036,33.0741
S02,746,0.138447,0.0002,35.1158,0.014295,0.002548,35.1158,33.6133,33.0859
S02,747,0.138648,0.0002,35.0921,0.014299,0.002549,35.0921,33.621,33.0757
S02,748,0.138848,0.0002,35.1134,0.014285,0.002544,35.1134,33.6107,33.0819
S02,749,0.139048,0.0002,35.1171,0.014299,0.002548,35.1171,33.6136,33.0923
S02,750,0.139248,0.0002,35.1513,0.014302,0.002548,35.1513,33.6327,33.0944
S02,751,0.139448,0.0002,35.2013,0.014323,0.002555,35.2013,33.6392,33.105
S02,752,0.139648,0.000201,35.2076,0.014353,0.002564,35.2076,33.635,33.1108
S02,753,0.139849,0.000201,35.2082,0.014358,0.002565,35.2082,33.6492,33.1266
S02,754,0.14005,0.000201,35.2399,0.014359,0.002565,35.2399,33.6695,33.1466
S02,755,0.14025,0.000201,35.2381,0.014379,0.002572,35.2381,33.6738,33.1599
S02,756,0.140451,0.000201,35.265,0.014379,0.002571,35.265,33.6762,33.1538
S02,757,0.140652,0.000201,35.2774,0.014396,0.002576,35.2774,33.7014,33.1466
S02,758,0.140853,0.000201,35.2736,0.014405,0.002579,35.2736,33.7043,33.1296
S02,759,0.141053,0.000201,35.3122,0.014403,0.002578,35.3122,33.7223,33.1233
S02,760,0.141254,0.000201,35.3295,0.014428,0.002586,35.3295,33.7378,33.1259
S02,761,0.141456,0.000201,35.3137,0.014439,0.002589,35.3137,33.7619,33.1275
S02,762,0.141657,0.000201,35.3456,0.014431,0.002586,35.3456,33.7589,33.1103
S02,763,0.141858,0.000201,35.3752,0.014451,0.002593,35.3752,33.7526,33.1146
S02,764,0.142059,0.000201,35.367,0.01447,0.002599,35.367,33.7666,33.1041
S02,765,0.14226,0.000201,35.3881,0.014466,0.002597,35.3881,33.7996,33.1069
S02,766,0.142462,0.000201,35.4264,0.01448,0.002602,35.4264,33.8246,33.1054
S02,767,0.142663,0.000202,35.4512,0.014505,0.002609,35.4512,33.8322,33.1042
S02,768,0.142865,0.000202,35.4754,0.014521,0.002615,35.4754,33.8446,33.1133
S02,769,0.143067,0.000202,35.4784,0.014537,0.00262,35.4784,33.8594,33.1261
S02,770,0.143269,0.000202,35.4916,0.01454,0.00262,35.4916,33.8758,33.1091
S02,771,0.143471,0.000202,35.5101,0.014549,0.002623,35.5101,33.8611,33.1054
S02,772,0.143673,0.000202,35.5242,0.014562,0.002627,35.5242,33.8674,33.0949
S02,773,0.143875,0.000202,35.5432,0.014572,0.002631,35.5432,33.8878,33.0934
S02,774,0.144077,0.000202,35.5673,0.014585,0.002635,35.5673,33.9138,33.0903
S02,775,0.144279,0.000202,35.5617,0.014601,0.00264,35.5617,33.9415,33.1088
S02,776,0.144481,0.000202,35.5852,0.014599,0.002639,35.5852,33.9348,33.1355
S02,777,0.144684,0.000202,35.5968,0.014615,0.002645,35.5968,33.9518,33.1383
S02,778,0.144886,0.000202,35.5999,0.014623,0.002647,35.5999,33.9476,33.1298
S02,779,0.145088,0.000202,35.5933,0.014627,0.002649,35.5933,33.9493,33.1196
S02,780,0.145291,0.000202,35.5978,0.014624,0.002648,35.5978,33.9676,33.1199
S02,781,0.145493,0.000202,35.6084,0.014629,0.002649,35.6084,33.9946,33.0986
S02,782,0.145696,0.000202,35.6233,0.014637,0.002652,35.6233,34.0129,33.1035
S02,783,0.145898,0.000203,35.5924,0.014648,0.002656,35.5924,34.0145,33.1082
S02,784,0.1461,0.000202,35.592,0.014631,0.00265,35.592,34.0283,33.1076
S02,785,0.146303,0.000202,35.58,0.014632,0.002651,35.58,34.0295,33.0988
S02,786,0.146505,0.000202,35.5871,0.014627,0.002649,35.5871,34.0458,33.0989
S02,787,0.146707,0.000202,35.6043,0.014633,0.002651,35.6043,34.0497,33.103
S02,788,0.14691,0.000202,35.6158,0.014645,0.002655,35.6158,34.042,33.1165
S02,789,0.147112,0.000202,35.6516,0.014654,0.002659,35.6516,34.0434,33.1133
S02,790,0.147315,0.000203,35.6525,0.014678,0.002667,35.6525,34.0385,33.1059
S02,791,0.147518,0.000203,35.6517,0.01468,0.002668,35.6517,34.0317,33.1003
S02,792,0.14772,0.000203,35.6789,0.014682,0.002668,35.6789,34.0387,33.0974
S02,793,0.147923,0.000203,35.6842,0.0147,0.002675,35.6842,34.0645,33.1083
S02,794,0.148126,0.000203,35.6596,0.014706,0.002677,35.6596,34.0772,33.1151
S02,795,0.148329,0.000203,35.6384,0.014693,0.002673,35.6384,34.0967,33.1179
S02,796,0.148531,0.000203,35.6259,0.014682,0.002669,35.6259,34.1047,33.109
S02,797,0.148734,0.000203,35.6469,0.014676,0.002668,35.6469,34.1083,33.1051
S02,798,0.148936,0.000203,35.6399,0.014691,0.002673,35.6399,34.1187,33.1114
S02,799,0.149139,0.000203,35.6311,0.014689,0.002673,35.6311,34.1053,33.1078
S02,800,0.149341,0.000203,35.6321,0.014686,0.002672,35.6321,34.1156,33.1083
S02,801,0.149544,0.000203,35.6459,0.014689,0.002674,35.6459,34.1339,33.1051
S02,802,0.149747,0.000203,35.6472,0.0147,0.002678,35.6472,34.1378,33.103
S02,803,0.149949,0.000203,35.6633,0.014703,0.002679,35.6633,34.1497,33.1222
S02,804,0.150152,0.000203,35.6829,0.014715,0.002683,35.6829,34.1572,33.1123
S02,805,0.150355,0.000203,35.7144,0.014729,0.002689,35.7144,34.1627,33.1165
S02,806,0.150558,0.000203,35.7747,0.014751,0.002696,35.7747,34.1685,33.1265
S02,807,0.150761,0.000203,35.7793,0.01479,0.00271,35.7793,34.1881,33.137
S02,808,0.150964,0.000203,35.8104,0.014795,0.002712,35.8104,34.1864,33.146
S02,809,0.151167,0.000203,35.8256,0.014817,0.002719,35.8256,34.2009,33.1341
S02,810,0.151371,0.000203,35.8394,0.014828,0.002724,35.8394,34.2135,33.1463
S02,811,0.151574,0.000204,35.8698,0.014839,0.002728,35.8698,34.2129,33.1349
S02,812,0.151778,0.000204,35.9165,0.01486,0.002736,35.9165,34.2162,33.1525
S02,813,0.151982,0.000204,35.9565,0.014892,0.002746,35.9565,34.2353,33.1689
S02,814,0.152186,0.000204,35.9616,0.014919,0.002756,35.9616,34.2468,33.1813
S02,815,0.15239,0.000204,35.961,0.014925,0.002758,35.961,34.2498,33.1815
S02,816,0.152594,0.000204,35.9344,0.014927,0.00276,35.9344,34.2662,33.1851
S02,817,0.152798,0.000204,35.9751,0.014913,0.002756,35.9751,34.2808,33.2066
S02,818,0.153003,0.000204,36.0053,0.014941,0.002766,36.0053,34.2964,33.2235
S02,819,0.153207,0.000204,35.989,0.014962,0.002774,35.989,34.317,33.2274
S02,820,0.153411,0.000204,35.9766,0.014955,0.002772,35.9766,34.3152,33.24
S02,821,0.153615,0.000204,35.9919,0.01495,0.002771,35.9919,34.3207,33.2225
S02,822,0.15382,0.000204,36.0006,0.014962,0.002776,36.0006,34.3361,33.2161
S02,823,0.154024,0.000204,35.9991,0.014971,0.002779,35.9991,34.3362,33.2312
S02,824,0.154228,0.000204,36.0098,0.014973,0.002781,36.0098,34.3421,33.2241
S02,825,0.154433,0.000204,36.057,0.014982,0.002785,36.057,34.3457,33.2372
S02,826,0.154637,0.000205,36.0868,0.015014,0.002796,36.0868,34.3529,33.2476
S02,827,0.154842,0.000205,36.0964,0.015036,0.002804,36.0964,34.3541,33.244
S02,828,0.155047,0.000205,36.1043,0.015044,0.002808,36.1043,34.3767,33.2451
S02,829,0.155252,0.000205,36.117,0.015052,0.002811,36.117,34.3964,33.2605
S02,830,0.155456,0.000205,36.1032,0.015063,0.002816,36.1032,34.4336,33.2751
S02,831,0.155661,0.000205,36.1074,0.015058,0.002815,36.1074,34.4478,33.2934
S02,832,0.155866,0.000205,36.103,0.015063,0.002818,36.103,34.4552,33.2926
S02,833,0.156071,0.000205,36.0856,0.015064,0.002819,36.0856,34.4613,33.2951
S02,834,0.156276,0.000205,36.0722,0.015056,0.002817,36.0722,34.4701,33.3006
S02,835,0.15648,0.000205,36.0758,0.015051,0.002817,36.0758,34.4861,33.2938
S02,836,0.156685,0.000205,36.0968,0.015057,0.00282,36.0968,34.4617,33.3207
S02,837,0.15689,0.000205,36.1071,0.015073,0.002826,36.1071,34.4663,33.3314
S02,838,0.157095,0.000205,36.1141,0.015082,0.00283,36.1141,34.4738,33.3356
S02,839,0.157299,0.000205,36.1364,0.01509,0.002834,36.1364,34.4723,33.3474
S02,840,0.157504,0.000205,36.1377,0.015107,0.00284,36.1377,34.488,33.3433
S02,841,0.157709,0.000205,36.1253,0.015111,0.002843,36.1253,34.4966,33.3371
S02,842,0.157914,0.000205,36.1233,0.015107,0.002843,36.1233,34.5141,33.3489
S02,843,0.158119,0.000205,36.1219,0.015109,0.002844,36.1219,34.5211,33.3575
S02,844,0.158324,0.000205,36.1163,0.015112,0.002846,36.1163,34.5135,33.3519
S02,845,0.158529,0.000205,36.1478,0.015111,0.002848,36.1478,34.5402,33.3604
S02,846,0.158734,0.000205,36.1323,0.015134,0.002856,36.1323,34.5531,33.3691
S02,847,0.158939,0.000205,36.1515,0.015128,0.002856,36.1515,34.5801,33.3847
S02,848,0.159144,0.000205,36.1875,0.015144,0.002862,36.1875,34.583,33.3866
S02,849,0.159349,0.000205,36.1988,0.01517,0.002871,36.1988,34.6011,33.3914
S02,850,0.159554,0.000205,36.2244,0.01518,0.002876,36.2244,34.6214,33.4005
S02,851,0.15976,0.000205,36.2727,0.0152,0.002884,36.2727,34.6294,33.4126
S02,852,0.159965,0.000206,36.2674,0.015234,0.002896,36.2674,34.6397,33.4264
S02,853,0.160171,0.000206,36.311,0.015234,0.002897,36.311,34.6526,33.4448
S02,854,0.160377,0.000206,36.358,0.015265,0.002909,36.358,34.6631,33.4628
S02,855,0.160583,0.000206,36.3991,0.015298,0.002921,36.3991,34.6719,33.4756
S02,856,0.160789,0.000206,36.3736,0.015327,0.002932,36.3736,34.6628,33.4685
S02,857,0.160995,0.000206,36.3906,0.015315,0.002929,36.3906,34.6802,33.4554
S02,858,0.161201,0.000206,36.3967,0.01533,0.002935,36.3967,34.689,33.4478
S02,859,0.161408,0.000206,36.4007,0.015337,0.002939,36.4007,34.7095,33.453
S02,860,0.161614,0.000206,36.4312,0.015344,0.002943,36.4312,34.7281,33.4639
S02,861,0.16182,0.000206,36.4395,0.015367,0.002951,36.4395,34.7417,33.4587
S02,862,0.162027,0.000206,36.4753,0.015376,0.002956,36.4753,34.7704,33.4517
S02,863,0.162233,0.000207,36.4633,0.015402,0.002966,36.4633,34.7803,33.444
S02,864,0.16244,0.000207,36.4852,0.015398,0.002966,36.4852,34.778,33.4727
S02,865,0.162647,0.000207,36.5349,0.015416,0.002973,36.5349,34.7957,33.4731
S02,866,0.162854,0.000207,36.5698,0.015451,0.002986,36.5698,34.8023,33.4691
S02,867,0.163061,0.000207,36.5409,0.015478,0.002996,36.5409,34.8039,33.4899
S02,868,0.163268,0.000207,36.581,0.015463,0.002993,36.581,34.8207,33.495
S02,869,0.163475,0.000207,36.5619,0.015493,0.003004,36.5619,34.825,33.4953
S02,870,0.163682,0.000207,36.5689,0.015485,0.003003,36.5689,34.8261,33.5077
S02,871,0.163889,0.000207,36.5653,0.015493,0.003008,36.5653,34.8306,33.519
S02,872,0.164096,0.000207,36.5849,0.015495,0.00301,36.5849,34.8522,33.5164
S02,873,0.164303,0.000207,36.6128,0.015512,0.003017,36.6128,34.8457,33.5191
S02,874,0.16451,0.000207,36.6019,0.015533,0.003026,36.6019,34.8545,33.5376
S02,875,0.164718,0.000207,36.5666,0.015531,0.003027,36.5666,34.8779,33.5553
S02,876,0.164925,0.000207,36.568,0.015513,0.003023,36.568,34.8794,33.5634
S02,877,0.165132,0.000207,36.5403,0.015518,0.003026,36.5403,34.9027,33.5872
S02,878,0.165339,0.000207,36.5349,0.015504,0.003024,36.5349,34.9066,33.5985
S02,879,0.165546,0.000207,36.5289,0.015505,0.003026,36.5289,34.9094,33.6111
S02,880,0.165752,0.000207,36.5387,0.015506,0.003028,36.5387,34.9258,33.6311
S02,881,0.165959,0.000207,36.5314,0.015516,0.003033,36.5314,34.9375,33.6245
S02,882,0.166166,0.000207,36.562,0.015516,0.003035,36.562,34.9459,33.6316
S02,883,0.166373,0.000207,36.6008,0.01554,0.003044,36.6008,34.9408,33.6403
S02,884,0.16658,0.000207,36.5889,0.015569,0.003055,36.5889,34.9556,33.6266
S02,885,0.166788,0.000207,36.5899,0.015566,0.003056,36.5899,34.9608,33.644
S02,886,0.166995,0.000207,36.6085,0.015571,0.00306,36.6085,34.9585,33.6422
S02,887,0.167202,0.000207,36.6405,0.015587,0.003067,36.6405,34.9651,33.6493
S02,888,0.167409,0.000207,36.641,0.015612,0.003077,36.641,34.9839,33.6653
S02,889,0.167617,0.000207,36.696,0.015617,0.00308,36.696,34.9874,33.6639
S02,890,0.167825,0.000208,36.7096,0.015656,0.003095,36.7096,34.9937,33.6532
S02,891,0.168032,0.000208,36.7384,0.015669,0.003101,36.7384,35.0151,33.6439
S02,892,0.16824,0.000208,36.7392,0.015692,0.00311,36.7392,35.037,33.6275
S02,893,0.168448,0.000208,36.7525,0.015698,0.003114,36.7525,35.049,33.627
S02,894,0.168656,0.000208,36.7697,0.015711,0.00312,36.7697,35.0638,33.6182
S02,895,0.168864,0.000208,36.8009,0.015726,0.003127,36.8009,35.072,33.639
S02,896,0.169072,0.000208,36.7833,0.015751,0.003137,36.7833,35.0773,33.6368
S02,897,0.16928,0.000208,36.7818,0.015744,0.003137,36.7818,35.1094,33.6382
S02,898,0.169489,0.000208,36.792,0.015748,0.00314,36.792,35.118,33.6389
S02,899,0.169697,0.000208,36.7895,0.015759,0.003146,36.7895,35.1347,33.6371
S02,900,0.169905,0.000208,36.8076,0.015763,0.003149,36.8076,35.151,33.6407
S02,901,0.170113,0.000208,36.824,0.015779,0.003157,36.824,35.153,33.6451
S02,902,0.170321,0.000208,36.8013,0.015794,0.003164,36.8013,35.1539,33.6535
S02,903,0.17053,0.000208,36.8398,0.015785,0.003163,36.8398,35.1691,33.664
S02,904,0.170738,0.000208,36.8655,0.015814,0.003174,36.8655,35.171,33.667
S02,905,0.170946,0.000209,36.8676,0.015836,0.003183,36.8676,35.1636,33.6591
S02,906,0.171155,0.000209,36.8856,0.015842,0.003188,36.8856,35.1856,33.6685
S02,907,0.171364,0.000209,36.8738,0.015858,0.003195,36.8738,35.2054,33.6694
S02,908,0.171572,0.000209,36.8574,0.015856,0.003197,36.8574,35.2216,33.6825
S02,909,0.171781,0.000208,36.9044,0.01585,0.003197,36.9044,35.2276,33.7017
S02,910,0.171989,0.000209,36.9115,0.015885,0.003211,36.9115,35.2433,33.7242
S02,911,0.172198,0.000209,36.9308,0.015895,0.003216,36.9308,35.2623,33.7433
S02,912,0.172407,0.000209,36.966,0.015912,0.003224,36.966,35.2668,33.7654
S02,913,0.172616,0.000209,36.9743,0.01594,0.003235,36.9743,35.2707,33.772
S02,914,0.172825,0.000209,37.0226,0.015951,0.00324,37.0226,35.2751,33.7868
S02,915,0.173034,0.000209,37.0279,0.015987,0.003254,37.0279,35.3086,33.7788
S02,916,0.173244,0.000209,37.0118,0.015995,0.003259,37.0118,35.304,33.7828
S02,917,0.173453,0.000209,37.0302,0.01599,0.00326,37.0302,35.3006,33.7681
S02,918,0.173662,0.000209,37.0305,0.016007,0.003268,37.0305,35.3226,33.7549
S02,919,0.173872,0.000209,37.0228,0.016013,0.003272,37.0228,35.3426,33.7589
S02,920,0.174081,0.000209,37.0349,0.016013,0.003275,37.0349,35.3387,33.7681
S02,921,0.17429,0.000209,37.0519,0.016026,0.003281,37.0519,35.3576,33.7829
S02,922,0.1745,0.000209,37.0605,0.016042,0.003289,37.0605,35.3742,33.7765
S02,923,0.174709,0.000209,37.062,0.016053,0.003295,37.062,35.3914,33.7644
S02,924,0.174919,0.000209,37.0476,0.016059,0.003299,37.0476,35.3945,33.7763
S02,925,0.175128,0.000209,37.0666,0.016055,0.003301,37.0666,35.3935,33.7841
S02,926,0.175338,0.00021,37.1023,0.016073,0.003309,37.1023,35.4165,33.7726
S02,927,0.175547,0.00021,37.104,0.016101,0.00332,37.104,35.4362,33.7908
S02,928,0.175757,0.00021,37.1071,0.016108,0.003325,37.1071,35.4429,33.8055
S02,929,0.175967,0.00021,37.1502,0.016115,0.00333,37.1502,35.4484,33.7971
S02,930,0.176177,0.00021,37.1534,0.016149,0.003343,37.1534,35.4663,33.7797
S02,931,0.176386,0.00021,37.1442,0.016156,0.003348,37.1442,35.4802,33.7782
S02,932,0.176596,0.00021,37.1493,0.016156,0.00335,37.1493,35.4925,33.7848
S02,933,0.176806,0.00021,37.154,0.016164,0.003356,37.154,35.4957,33.8022
S02,934,0.177016,0.00021,37.1898,0.016173,0.003361,37.1898,35.518,33.8203
S02,935,0.177226,0.00021,37.2225,0.016202,0.003373,37.2225,35.5206,33.8267
S02,936,0.177437,0.00021,37.273,0.016229,0.003384,37.273,35.5178,33.8242
S02,937,0.177647,0.000211,37.2811,0.016267,0.003398,37.2811,35.5225,33.8432
S02,938,0.177858,0.000211,37.2836,0.016278,0.003404,37.2836,35.5268,33.8402
S02,939,0.178068,0.000211,37.2898,0.016286,0.003409,37.2898,35.5331,33.8445
S02,940,0.178279,0.000211,37.2975,0.016295,0.003415,37.2975,35.5429,33.8558
S02,941,0.17849,0.000211,37.3001,0.016306,0.003421,37.3001,35.568,33.8548
S02,942,0.1787,0.000211,37.3308,0.016313,0.003426,37.3308,35.5834,33.8619
S02,943,0.178911,0.000211,37.3332,0.016339,0.003437,37.3332,35.5906,33.8698
S02,944,0.179122,0.000211,37.3789,0.016346,0.003442,37.3789,35.6142,33.8658
S02,945,0.179333,0.000211,37.4069,0.016382,0.003456,37.4069,35.6207,33.8731
S02,946,0.179544,0.000211,37.4413,0.016406,0.003466,37.4413,35.6284,33.8846
S02,947,0.179756,0.000211,37.4683,0.016435,0.003478,37.4683,35.6358,33.8816
S02,948,0.179967,0.000212,37.4842,0.016458,0.003488,37.4842,35.6458,33.8783
S02,949,0.180179,0.000212,37.5256,0.016475,0.003496,37.5256,35.6775,33.8949
S02,950,0.18039,0.000212,37.5122,0.016508,0.003509,37.5122,35.702,33.901
S02,951,0.180602,0.000212,37.5094,0.016505,0.003511,37.5094,35.7026,33.9138
S02,952,0.180814,0.000212,37.5436,0.016509,0.003515,37.5436,35.7114,33.9381
S02,953,0.181026,0.000212,37.526,0.016537,0.003527,37.526,35.7087,33.9446
S02,954,0.181238,0.000212,37.5646,0.016532,0.003528,37.5646,35.7182,33.9468
S02,955,0.18145,0.000212,37.5845,0.016563,0.003541,37.5845,35.7351,33.9456
S02,956,0.181662,0.000212,37.577,0.016582,0.00355,37.577,35.7428,33.9605
S02,957,0.181874,0.000212,37.5719,0.016583,0.003553,37.5719,35.7602,33.9722
S02,958,0.182086,0.000212,37.6062,0.016586,0.003557,37.6062,35.7694,33.9857
S02,959,0.182298,0.000212,37.6098,0.016614,0.003569,37.6098,35.7715,33.9913
S02,960,0.18251,0.000212,37.6611,0.016623,0.003574,37.6611,35.7691,33.9964
S02,961,0.182723,0.000212,37.6734,0.016663,0.003589,37.6734,35.7832,34.0157
S02,962,0.182935,0.000213,37.6885,0.016677,0.003597,37.6885,35.7955,34.0276
S02,963,0.183148,0.000213,37.7023,0.016693,0.003605,37.7023,35.8152,34.0407
S02,964,0.183361,0.000213,37.7134,0.016709,0.003613,37.7134,35.8382,34.0694
S02,965,0.183573,0.000213,37.7164,0.016722,0.00362,37.7164,35.8466,34.0729
S02,966,0.183786,0.000213,37.6967,0.01673,0.003626,37.6967,35.863,34.0721
S02,967,0.183999,0.000213,37.7011,0.016723,0.003627,37.7011,35.859,34.0629
S02,968,0.184211,0.000213,37.6794,0.016732,0.003633,37.6794,35.8693,34.093
S02,969,0.184424,0.000213,37.6957,0.016724,0.003633,37.6957,35.8788,34.0952
S02,970,0.184637,0.000213,37.706,0.016741,0.003642,37.706,35.8863,34.1138
S02,971,0.184849,0.000213,37.732,0.016754,0.003649,37.732,35.9047,34.1302
S02,972,0.185062,0.000213,37.7085,0.016777,0.003659,37.7085,35.9111,34.1472
S02,973,0.185275,0.000213,37.7125,0.016768,0.00366,37.7125,35.9113,34.1514
S02,974,0.185488,0.000213,37.7149,0.016777,0.003666,37.7149,35.9311,34.1637
S02,975,0.1857,0.000213,37.7275,0.016785,0.003671,37.7275,35.9375,34.1802
S02,976,0.185913,0.000213,37.7383,0.016799,0.003679,37.7383,35.9464,34.1873
S02,977,0.186126,0.000213,37.7363,0.016813,0.003686,37.7363,35.9652,34.203
S02,978,0.186339,0.000213,37.7273,0.016818,0.003691,37.7273,35.9858,34.2149
S02,979,0.186552,0.000213,37.7433,0.016818,0.003695,37.7433,35.9987,34.217
S02,980,0.186764,0.000213,37.7557,0.016835,0.003703,37.7557,35.9971,34.2258
S02,981,0.186977,0.000213,37.7688,0.016849,0.003711,37.7688,35.9993,34.2323
S02,982,0.18719,0.000213,37.7582,0.016865,0.003719,37.7582,36.0119,34.2418
S02,983,0.187403,0.000213,37.7971,0.016864,0.003722,37.7971,36.0313,34.2487
S02,984,0.187617,0.000213,37.7796,0.016896,0.003735,37.7796,36.0616,34.2681
S02,985,0.18783,0.000213,37.7856,0.016891,0.003737,37.7856,36.0698,34.2649
S02,986,0.188043,0.000213,37.7807,0.016901,0.003744,37.7807,36.0692,34.2622
S02,987,0.188256,0.000213,37.7538,0.016904,0.003748,37.7538,36.0867,34.2777
S02,988,0.188469,0.000213,37.7948,0.016893,0.003748,37.7948,36.0959,34.2729
S02,989,0.188682,0.000213,37.8262,0.016927,0.003762,37.8262,36.1196,34.2665
S02,990,0.188895,0.000213,37.8046,0.016954,0.003773,37.8046,36.1152,34.2709
S02,991,0.189108,0.000213,37.7889,0.016946,0.003775,37.7889,36.1384,34.2725
S02,992,0.189321,0.000213,37.7857,0.016942,0.003777,37.7857,36.1615,34.2712
S02,993,0.189534,0.000213,37.8108,0.016946,0.003782,37.8108,36.1656,34.2757
S02,994,0.189748,0.000213,37.7808,0.016969,0.003792,37.7808,36.1686,34.2903
S02,995,0.189961,0.000213,37.8039,0.016956,0.003792,37.8039,36.1787,34.305
S02,996,0.190174,0.000213,37.8404,0.016978,0.003802,37.8404,36.1832,34.3289
S02,997,0.190387,0.000213,37.8374,0.017009,0.003815,37.8374,36.1751,34.3312
S02,998,0.190601,0.000213,37.8409,0.017013,0.00382,37.8409,36.1842,34.3426
S02,999,0.190814,0.000213,37.857,0.017022,0.003826,37.857,36.176,34.3494
S02,1000,0.191027,0.000213,37.8402,0.01704,0.003835,37.8402,36.1901,34.3597
S02,1001,0.191241,0.000213,37.8775,0.017035,0.003837,37.8775,36.1867,34.3861
S02,1002,0.191454,0.000214,37.9005,0.017067,0.00385,37.9005,36.1839,34.3935
S02,1003,0.191668,0.000214,37.9252,0.017089,0.00386,37.9252,36.2066,34.4077
S02,1004,0.191882,0.000214,37.9342,0.017112,0.003871,37.9342,36.2373,34.4144
S02,1005,0.192096,0.000214,37.9113,0.017125,0.003878,37.9113,36.2416,34.4322
S02,1006,0.192309,0.000214,37.9271,0.017116,0.003879,37.9271,36.2501,34.4327
S02,1007,0.192523,0.000214,37.9429,0.017133,0.003888,37.9429,36.2579,34.428
S02,1008,0.192737,0.000214,37.9405,0.017151,0.003897,37.9405,36.2682,34.4464
S02,1009,0.192951,0.000214,37.9703,0.017156,0.003902,37.9703,36.2861,34.4581
S02,1010,0.193165,0.000214,37.9772,0.017183,0.003914,37.9772,36.3056,34.4587
S02,1011,0.193379,0.000214,37.9672,0.017194,0.003921,37.9672,36.3125,34.4774
S02,1012,0.193593,0.000214,37.9602,0.017194,0.003925,37.9602,36.3163,34.498
S02,1013,0.193807,0.000214,37.9793,0.017196,0.003929,37.9793,36.3331,34.5031
S02,1014,0.194021,0.000214,38.028,0.017215,0.003939,38.028,36.3473,34.5212
S02,1015,0.194235,0.000214,38.0375,0.017255,0.003954,38.0375,36.3497,34.5258
S02,1016,0.194449,0.000214,38.0456,0.017269,0.003962,38.0456,36.3633,34.5183
S02,1017,0.194664,0.000214,38.0321,0.017281,0.003969,38.0321,36.3866,34.5217
S02,1018,0.194878,0.000214,38.0299,0.017278,0.003972,38.0299,36.38,34.5431
S02,1019,0.195092,0.000214,38.051,0.017284,0.003978,38.051,36.3885,34.552
S02,1020,0.195307,0.000214,38.1095,0.017305,0.003988,38.1095,36.4015,34.5453
S02,1021,0.195522,0.000215,38.1141,0.017352,0.004005,38.1141,36.4184,34.5572
S02,1022,0.195736,0.000215,38.0843,0.017362,0.004012,38.0843,36.432,34.5623
S02,1023,0.195951,0.000215,38.0843,0.017348,0.004012,38.0843,36.4398,34.5688
S02,1024,0.196166,0.000215,38.0797,0.017355,0.004018,38.0797,36.4422,34.5841
S02,1025,0.19638,0.000215,38.0887,0.017358,0.004023,38.0887,36.4563,34.59
S02,1026,0.196595,0.000215,38.051,0.017371,0.004031,38.051,36.4757,34.5948
S02,1027,0.196809,0.000214,38.0556,0.017352,0.004029,38.0556,36.4898,34.5943
S02,1028,0.197023,0.000214,38.0651,0.017362,0.004036,38.0651,36.4968,34.6066
S02,1029,0.197238,0.000214,38.0481,0.017375,0.004044,38.0481,36.4987,34.625
S02,1030,0.197452,0.000214,38.1259,0.017371,0.004046,38.1259,36.4925,34.6079
S02,1031,0.197667,0.000215,38.1772,0.017431,0.004068,38.1772,36.4987,34.6121
S02,1032,0.197882,0.000215,38.1969,0.017473,0.004084,38.1969,36.5181,34.6103
S02,1033,0.198097,0.000215,38.178,0.017494,0.004094,38.178,36.5132,34.6098
S02,1034,0.198312,0.000215,38.1702,0.017487,0.004096,38.1702,36.5185,34.6148
S02,1035,0.198527,0.000215,38.1896,0.017489,0.004101,38.1896,36.5297,34.6106
S02,1036,0.198743,0.000215,38.2089,0.017509,0.004111,38.2089,36.5273,34.6265
S02,1037,0.198958,0.000215,38.2473,0.017529,0.00412,38.2473,36.5622,34.644
S02,1038,0.199173,0.000215,38.2884,0.017563,0.004134,38.2884,36.5813,34.6609
S02,1039,0.199389,0.000216,38.3156,0.017598,0.004148,38.3156,36.5847,34.662
S02,1040,0.199605,0.000216,38.2973,0.017624,0.00416,38.2973,36.5887,34.6761
S02,1041,0.19982,0.000216,38.3584,0.017618,0.004162,38.3584,36.6069,34.6891
S02,1042,0.200036,0.000216,38.3737,0.017668,0.004181,38.3737,36.6306,34.6969
S02,1043,0.200252,0.000216,38.3777,0.017685,0.00419,38.3777,36.6387,34.695
S02,1044,0.200468,0.000216,38.387,0.017695,0.004197,38.387,36.6541,34.7068
S02,1045,0.200684,0.000216,38.4013,0.017708,0.004205,38.4013,36.6601,34.7141
S02,1046,0.200901,0.000216,38.4215,0.017725,0.004214,38.4215,36.6663,34.7129
S02,1047,0.201117,0.000216,38.4384,0.017746,0.004224,38.4384,36.6876,34.7231
S02,1048,0.201333,0.000216,38.4766,0.017765,0.004233,38.4766,36.6976,34.7423
S02,1049,0.20155,0.000217,38.5228,0.017799,0.004247,38.5228,36.7051,34.7461
S02,1050,0.201767,0.000217,38.5377,0.017838,0.004262,38.5377,36.7014,34.7382
S02,1051,0.201984,0.000217,38.5721,0.017856,0.004271,38.5721,36.7123,34.7588
S02,1052,0.202201,0.000217,38.5642,0.017887,0.004284,38.5642,36.7088,34.7759
S02,1053,0.202418,0.000217,38.5929,0.017888,0.004289,38.5929,36.7104,34.7884
S02,1054,0.202635,0.000217,38.6217,0.017916,0.004301,38.6217,36.7295,34.7953
S02,1055,0.202852,0.000217,38.6287,0.017943,0.004313,38.6287,36.7292,34.8078
S02,1056,0.20307,0.000217,38.65,0.017955,0.004321,38.65,36.733,34.8186
S02,1057,0.203287,0.000217,38.6447,0.017977,0.004331,38.6447,36.7408,34.8438
S02,1058,0.203505,0.000217,38.6417,0.01798,0.004336,38.6417,36.7502,34.8562
S02,1059,0.203722,0.000217,38.6375,0.017985,0.004342,38.6375,36.7698,34.849
S02,1060,0.203939,0.000217,38.6418,0.017989,0.004347,38.6418,36.7876,34.8686
S02,1061,0.204157,0.000217,38.6837,0.017999,0.004354,38.6837,36.8034,34.8803
S02,1062,0.204374,0.000218,38.7196,0.018036,0.004369,38.7196,36.8192,34.9031
S02,1063,0.204592,0.000218,38.7203,0.018069,0.004382,38.7203,36.8197,34.9053
S02,1064,0.20481,0.000218,38.7471,0.018076,0.004389,38.7471,36.822,34.9105
S02,1065,0.205028,0.000218,38.7617,0.018102,0.0044,38.7617,36.8258,34.9052
S02,1066,0.205246,0.000218,38.7468,0.01812,0.004409,38.7468,36.8389,34.907
S02,1067,0.205464,0.000218,38.761,0.018116,0.004413,38.761,36.8444,34.9171
S02,1068,0.205682,0.000218,38.7709,0.018133,0.004422,38.7709,36.8624,34.9405
S02,1069,0.2059,0.000218,38.7643,0.018147,0.00443,38.7643,36.8618,34.9562
S02,1070,0.206118,0.000218,38.7829,0.01815,0.004435,38.7829,36.8939,34.9503
S02,1071,0.206336,0.000218,38.7674,0.01817,0.004445,38.7674,36.9162,34.958
S02,1072,0.206555,0.000218,38.7833,0.018166,0.004448,38.7833,36.9204,34.9605
S02,1073,0.206773,0.000218,38.8023,0.018185,0.004458,38.8023,36.9354,34.9697
S02,1074,0.206991,0.000218,38.8365,0.018205,0.004468,38.8365,36.9415,34.9797
S02,1075,0.207209,0.000218,38.8585,0.018237,0.004481,38.8585,36.9489,34.9724
S02,1076,0.207428,0.000219,38.8913,0.018259,0.004492,38.8913,36.9814,35.0075
S02,1077,0.207647,0.000219,38.911,0.01829,0.004505,38.911,36.9872,35.0231
S02,1078,0.207865,0.000219,38.9535,0.018311,0.004515,38.9535,36.9983,35.0347
S02,1079,0.208084,0.000219,38.9504,0.018349,0.00453,38.9504,37.021,35.0425
S02,1080,0.208304,0.000219,38.941,0.018354,0.004536,38.941,37.0403,35.0529
S02,1081,0.208522,0.000219,38.9743,0.018354,0.00454,38.9743,37.0496,35.0657
S02,1082,0.208742,0.000219,38.9869,0.018385,0.004553,38.9869,37.0549,35.0644
S02,1083,0.208961,0.000219,39.0012,0.018401,0.004562,39.0012,37.0619,35.067
S02,1084,0.20918,0.000219,39.0238,0.018419,0.004571,39.0238,37.0592,35.0807
S02,1085,0.2094,0.000219,39.0254,0.018442,0.004582,39.0254,37.0959,35.0998
S02,1086,0.209619,0.000219,39.0544,0.01845,0.004589,39.0544,37.1083,35.0996
S02,1087,0.209839,0.00022,39.064,0.018478,0.004601,39.064,37.1233,35.1175
S02,1088,0.210058,0.00022,39.0798,0.018492,0.004609,39.0798,37.1319,35.1214
S02,1089,0.210278,0.00022,39.0926,0.018511,0.004619,39.0926,37.134,35.1269
S02,1090,0.210498,0.00022,39.1294,0.018527,0.004628,39.1294,37.1423,35.141
S02,1091,0.210718,0.00022,39.128,0.018561,0.004641,39.128,37.1734,35.1453
S02,1092,0.210937,0.00022,39.1358,0.018567,0.004648,39.1358,37.1796,35.1419
S02,1093,0.211157,0.00022,39.1844,0.01858,0.004655,39.1844,37.1782,35.1663
S02,1094,0.211378,0.00022,39.1888,0.018622,0.004672,39.1888,37.1902,35.1888
S02,1095,0.211598,0.00022,39.2052,0.018633,0.004679,39.2052,37.1866,35.1983
S02,1096,0.211818,0.00022,39.2294,0.018652,0.004689,39.2294,37.1903,35.1986
S02,1097,0.212039,0.00022,39.2274,0.018676,0.0047,39.2274,37.1914,35.1971
S02,1098,0.212259,0.00022,39.2602,0.018682,0.004706,39.2602,37.1975,35.223
S02,1099,0.21248,0.000221,39.2744,0.018713,0.004719,39.2744,37.2158,35.2227
S02,1100,0.212701,0.000221,39.2665,0.018731,0.004728,39.2665,37.2172,35.2259
S02,1101,0.212921,0.000221,39.3024,0.018732,0.004733,39.3024,37.2347,35.2468
S02,1102,0.213142,0.000221,39.3169,0.018765,0.004747,39.3169,37.2395,35.2597
S02,1103,0.213363,0.000221,39.3376,0.018783,0.004756,39.3376,37.2505,35.2681
S02,1104,0.213584,0.000221,39.3678,0.018805,0.004766,39.3678,37.2863,35.2623
S02,1105,0.213805,0.000221,39.3842,0.018834,0.004779,39.3842,37.2808,35.2775
S02,1106,0.214027,0.000221,39.433,0.018854,0.004789,39.433,37.289,35.2892
S02,1107,0.214248,0.000222,39.4495,0.018896,0.004805,39.4495,37.2923,35.2927
S02,1108,0.21447,0.000222,39.4492,0.018916,0.004814,39.4492,37.3011,35.2865
S02,1109,0.214691,0.000222,39.4711,0.018923,0.004821,39.4711,37.3146,35.3027
S02,1110,0.214913,0.000222,39.5097,0.018946,0.004832,39.5097,37.3344,35.2969
S02,1111,0.215135,0.000222,39.5319,0.018981,0.004846,39.5319,37.3604,35.3231
S02,1112,0.215357,0.000222,39.5577,0.019005,0.004857,39.5577,37.3741,35.3137
S02,1113,0.215579,0.000222,39.5919,0.019031,0.004868,39.5919,37.3906,35.3053
S02,1114,0.215802,0.000222,39.58,0.019063,0.004882,39.58,37.3937,35.3186
S02,1115,0.216024,0.000222,39.571,0.019062,0.004886,39.571,37.4079,35.3298
S02,1116,0.216246,0.000222,39.59,0.019062,0.00489,39.59,37.4221,35.3329
S02,1117,0.216469,0.000222,39.6181,0.019083,0.004901,39.6181,37.4263,35.3382
S02,1118,0.216691,0.000223,39.6082,0.019111,0.004913,39.6082,37.4514,35.3345
S02,1119,0.216914,0.000222,39.6438,0.019111,0.004917,39.6438,37.4746,35.3503
S02,1120,0.217136,0.000223,39.6579,0.019145,0.004931,39.6579,37.4897,35.3526
S02,1121,0.217359,0.000223,39.6275,0.019162,0.00494,39.6275,37.5098,35.3706
S02,1122,0.217582,0.000223,39.6431,0.019147,0.00494,39.6431,37.5199,35.3594
S02,1123,0.217804,0.000223,39.6754,0.019165,0.00495,39.6754,37.5235,35.3692
S02,1124,0.218027,0.000223,39.6745,0.019197,0.004963,39.6745,37.5287,35.3903
S02,1125,0.21825,0.000223,39.6783,0.019203,0.004969,39.6783,37.5443,35.4044
S02,1126,0.218473,0.000223,39.6629,0.019213,0.004976,39.6629,37.5516,35.4139
S02,1127,0.218695,0.000223,39.6671,0.019209,0.00498,39.6671,37.5585,35.4113
S02,1128,0.218918,0.000223,39.6713,0.019219,0.004987,39.6713,37.567,35.4235
S02,1129,0.219141,0.000223,39.7079,0.019229,0.004994,39.7079,37.5945,35.4647
S02,1130,0.219364,0.000223,39.7505,0.019263,0.005008,39.7505,37.6071,35.4871
S02,1131,0.219587,0.000223,39.7956,0.019302,0.005023,39.7956,37.6274,35.4877
S02,1132,0.219811,0.000223,39.8261,0.019343,0.005038,39.8261,37.6416,35.4701
S02,1133,0.220034,0.000224,39.8469,0.019372,0.005051,39.8469,37.6601,35.4807
S02,1134,0.220258,0.000224,39.8632,0.019395,0.005061,39.8632,37.6743,35.4895
S02,1135,0.220482,0.000224,39.9156,0.019414,0.005071,39.9156,37.6715,35.5009
S02,1136,0.220706,0.000224,39.9339,0.019461,0.005088,39.9339,37.6866,35.5167
S02,1137,0.22093,0.000224,39.9587,0.019481,0.005098,39.9587,37.6926,35.5172
S02,1138,0.221154,0.000224,39.9688,0.019507,0.005109,39.9688,37.7018,35.5341
S02,1139,0.221379,0.000224,39.967,0.019522,0.005118,39.967,37.7119,35.5423
S02,1140,0.221603,0.000224,39.9793,0.019527,0.005124,39.9793,37.7323,35.5367
S02,1141,0.221828,0.000224,39.9861,0.019544,0.005133,39.9861,37.734,35.5549
S02,1142,0.222052,0.000224,39.9819,0.019556,0.005141,39.9819,37.7555,35.5632
S02,1143,0.222276,0.000224,40.0118,0.01956,0.005146,40.0118,37.7687,35.5802
S02,1144,0.222501,0.000225,40.0378,0.019589,0.005159,40.0378,37.7788,35.5883
S02,1145,0.222726,0.000225,40.0484,0.019616,0.00517,40.0484,37.8061,35.6149
S02,1146,0.222951,0.000225,40.0729,0.019631,0.005179,40.0729,37.822,35.6166
S02,1147,0.223176,0.000225,40.0678,0.019656,0.00519,40.0678,37.8361,35.6383
S02,1148,0.2234,0.000225,40.0444,0.019659,0.005195,40.0444,37.8589,35.6553
S02,1149,0.223625,0.000225,40.0665,0.019649,0.005197,40.0665,37.8686,35.6601
S02,1150,0.22385,0.000225,40.0666,0.019672,0.005208,40.0666,37.8529,35.6712
S02,1151,0.224075,0.000225,40.1118,0.01968,0.005214,40.1118,37.8697,35.6713
S02,1152,0.2243,0.000225,40.1242,0.019721,0.00523,40.1242,37.8985,35.6692
S02,1153,0.224525,0.000225,40.1204,0.019737,0.005239,40.1204,37.9157,35.6854
S02,1154,0.22475,0.000225,40.136,0.019741,0.005244,40.136,37.9152,35.6887
S02,1155,0.224976,0.000225,40.1338,0.01976,0.005254,40.1338,37.9159,35.681
S02,1156,0.225201,0.000225,40.1365,0.019765,0.00526,40.1365,37.9207,35.684
S02,1157,0.225426,0.000225,40.1191,0.019774,0.005267,40.1191,37.9349,35.6933
S02,1158,0.225651,0.000225,40.1097,0.019768,0.005269,40.1097,37.9432,35.6964
S02,1159,0.225877,0.000225,40.149,0.019768,0.005274,40.149,37.9597,35.7134
S02,1160,0.226102,0.000225,40.1802,0.019804,0.005288,40.1802,37.9828,35.7267
S02,1161,0.226327,0.000225,40.1415,0.019835,0.005301,40.1415,37.9959,35.7388
S02,1162,0.226553,0.000225,40.136,0.019812,0.005299,40.136,38.0181,35.7457
S02,1163,0.226778,0.000225,40.1411,0.019815,0.005304,40.1411,38.0526,35.7519
S02,1164,0.227003,0.000225,40.166,0.019826,0.005312,40.166,38.0878,35.7708
S02,1165,0.227229,0.000225,40.1616,0.019851,0.005323,40.1616,38.084,35.7627
S02,1166,0.227454,0.000225,40.1829,0.019855,0.005329,40.1829,38.1012,35.7681
S02,1167,0.227679,0.000225,40.1997,0.019878,0.005339,40.1997,38.1123,35.7766
S02,1168,0.227905,0.000226,40.2405,0.019897,0.005349,40.2405,38.119,35.7755
S02,1169,0.228131,0.000226,40.2589,0.019935,0.005363,40.2589,38.1522,35.7767
S02,1170,0.228357,0.000226,40.2679,0.019956,0.005373,40.2679,38.1606,35.7907
S02,1171,0.228583,0.000226,40.2778,0.01997,0.005381,40.2778,38.1768,35.7918
S02,1172,0.228809,0.000226,40.2873,0.019984,0.00539,40.2873,38.1727,35.7805
S02,1173,0.229035,0.000226,40.2921,0.019998,0.005398,40.2921,38.1877,35.7826
S02,1174,0.229261,0.000226,40.3297,0.020009,0.005405,40.3297,38.1983,35.7872
S02,1175,0.229487,0.000226,40.3532,0.020044,0.005419,40.3532,38.2133,35.7868
S02,1176,0.229713,0.000226,40.3423,0.020069,0.00543,40.3423,38.2575,35.8077
S02,1177,0.22994,0.000226,40.3484,0.020067,0.005434,40.3484,38.2773,35.8202
S02,1178,0.230166,0.000226,40.3976,0.020079,0.005441,40.3976,38.2923,35.8337
S02,1179,0.230393,0.000227,40.4486,0.020123,0.005457,40.4486,38.2916,35.8564
S02,1180,0.23062,0.000227,40.4299,0.020169,0.005474,40.4299,38.3155,35.848
S02,1181,0.230847,0.000227,40.4355,0.020161,0.005476,40.4355,38.3269,35.8612
S02,1182,0.231073,0.000227,40.4502,0.020172,0.005484,40.4502,38.3363,35.8504
S02,1183,0.2313,0.000227,40.493,0.02019,0.005493,40.493,38.3463,35.8615
S02,1184,0.231528,0.000227,40.4847,0.02023,0.005507,40.4847,38.3677,35.8586
S02,1185,0.231755,0.000227,40.4928,0.02023,0.005512,40.4928,38.3706,35.873
S02,1186,0.231982,0.000227,40.502,0.020243,0.00552,40.502,38.3888,35.8813
S02,1187,0.232209,0.000227,40.4918,0.020256,0.005528,40.4918,38.4175,35.8901
S02,1188,0.232436,0.000227,40.5113,0.020255,0.005532,40.5113,38.4295,35.8898
S02,1189,0.232663,0.000227,40.5421,0.020277,0.005542,40.5421,38.4357,35.9067
S02,1190,0.232891,0.000227,40.5575,0.020307,0.005554,40.5575,38.4517,35.9096
S02,1191,0.233118,0.000228,40.5262,0.020326,0.005563,40.5262,38.4668,35.9173
S02,1192,0.233346,0.000227,40.5177,0.020308,0.005563,40.5177,38.4755,35.9457
S02,1193,0.233573,0.000227,40.5425,0.020308,0.005568,40.5425,38.4927,35.9586
S02,1194,0.2338,0.000227,40.551,0.020334,0.005579,40.551,38.5016,35.9689
S02,1195,0.234028,0.000227,40.5369,0.020347,0.005587,40.5369,38.5173,35.9791
S02,1196,0.234255,0.000227,40.5478,0.020342,0.00559,40.5478,38.5217,36.0009
S02,1197,0.234483,0.000227,40.5809,0.020357,0.005598,40.5809,38.5435,36.0138
S02,1198,0.23471,0.000228,40.5858,0.020389,0.005611,40.5858,38.5504,36.0306
S02,1199,0.234938,0.000228,40.6229,0.020399,0.005618,40.6229,38.5607,36.0278
S02,1200,0.235166,0.000228,40.6446,0.020435,0.005631,40.6446,38.5763,36.0391
S02,1201,0.235394,0.000228,40.6278,0.020458,0.005642,40.6278,38.5876,36.0605
S02,1202,0.235622,0.000228,40.6318,0.020451,0.005644,40.6318,38.5967,36.068
S02,1203,0.235849,0.000228,40.6459,0.020461,0.005651,40.6459,38.5993,36.0707
S02,1204,0.236077,0.000228,40.6565,0.020478,0.00566,40.6565,38.6227,36.0932
S02,1205,0.236305,0.000228,40.6641,0.020493,0.005668,40.6641,38.6214,36.09
S02,1206,0.236534,0.000228,40.6703,0.020505,0.005676,40.6703,38.6165,36.1047
S02,1207,0.236762,0.000228,40.6978,0.020516,0.005683,40.6978,38.6339,36.111
S02,1208,0.23699,0.000228,40.7037,0.020544,0.005694,40.7037,38.6598,36.1313
S02,1209,0.237218,0.000228,40.7187,0.020554,0.005702,40.7187,38.6742,36.1388
S02,1210,0.237447,0.000228,40.7251,0.020572,0.005711,40.7251,38.6692,36.1375
S02,1211,0.237675,0.000228,40.7487,0.020584,0.005718,40.7487,38.6647,36.1582
S02,1212,0.237903,0.000229,40.8125,0.020608,0.005728,40.8125,38.6835,36.1706
S02,1213,0.238132,0.000229,40.8444,0.020665,0.005747,40.8444,38.6838,36.1944
S02,1214,0.238361,0.000229,40.8451,0.020696,0.005759,40.8451,38.6972,36.1996
S02,1215,0.23859,0.000229,40.8434,0.020703,0.005765,40.8434,38.6939,36.2051
S02,1216,0.238819,0.000229,40.8579,0.020707,0.005771,40.8579,38.6992,36.2086
S02,1217,0.239049,0.000229,40.8764,0.020725,0.00578,40.8764,38.6984,36.2154
S02,1218,0.239278,0.000229,40.9153,0.020746,0.005789,40.9153,38.7035,36.2433
S02,1219,0.239507,0.000229,40.8998,0.020782,0.005803,40.8998,38.696,36.2578
S02,1220,0.239737,0.000229,40.9181,0.020776,0.005806,40.9181,38.7276,36.2494
S02,1221,0.239966,0.000229,40.9257,0.020797,0.005815,40.9257,38.7385,36.2758
S02,1222,0.240196,0.000229,40.958,0.020809,0.005823,40.958,38.7461,36.303
S02,1223,0.240425,0.00023,40.957,0.02084,0.005835,40.957,38.7643,36.3121
S02,1224,0.240655,0.00023,40.9592,0.020845,0.00584,40.9592,38.7747,36.32
S02,1225,0.240884,0.00023,40.9531,0.020853,0.005847,40.9531,38.7831,36.3442
S02,1226,0.241114,0.00023,40.9526,0.020854,0.005851,40.9526,38.7975,36.3639
S02,1227,0.241344,0.00023,40.9587,0.02086,0.005857,40.9587,38.8189,36.3829
S02,1228,0.241573,0.00023,40.9666,0.020871,0.005864,40.9666,38.8427,36.403
S02,1229,0.241803,0.00023,40.9918,0.020883,0.005871,40.9918,38.8652,36.4109
S02,1230,0.242033,0.00023,41.0256,0.020909,0.005882,41.0256,38.8976,36.4177
S02,1231,0.242263,0.00023,41.0523,0.020941,0.005894,41.0523,38.913,36.4129
S02,1232,0.242493,0.00023,41.0955,0.020968,0.005905,41.0955,38.917,36.4453
S02,1233,0.242724,0.00023,41.0728,0.021009,0.00592,41.0728,38.9312,36.469
S02,1234,0.242954,0.00023,41.0959,0.020996,0.005921,41.0959,38.9447,36.4871
S02,1235,0.243184,0.00023,41.1223,0.021021,0.005931,41.1223,38.9447,36.4685
S02,1236,0.243415,0.000231,41.1434,0.021047,0.005942,41.1434,38.9562,36.4771
S02,1237,0.243645,0.000231,41.1697,0.02107,0.005952,41.1697,38.9852,36.4954
S02,1238,0.243876,0.000231,41.1589,0.021097,0.005963,41.1589,39.0,36.5095
S02,1239,0.244107,0.000231,41.1713,0.021094,0.005966,41.1713,39.002,36.5282
S02,1240,0.244338,0.000231,41.1725,0.021109,0.005974,41.1725,39.0108,36.5422
S02,1241,0.244569,0.000231,41.2026,0.021116,0.00598,41.2026,39.0195,36.5557
S02,1242,0.2448,0.000231,41.2182,0.021146,0.005992,41.2182,39.0411,36.5554
S02,1243,0.245031,0.000231,41.2049,0.021164,0.006,41.2049,39.0463,36.5645
S02,1244,0.245262,0.000231,41.2145,0.021159,0.006003,41.2145,39.0469,36.5845
S02,1245,0.245493,0.000231,41.1946,0.021172,0.006011,41.1946,39.0456,36.5835
S02,1246,0.245724,0.000231,41.2228,0.021162,0.006012,41.2228,39.0481,36.5916
S02,1247,0.245955,0.000231,41.2023,0.02119,0.006023,41.2023,39.0615,36.5891
S02,1248,0.246186,0.000231,41.2379,0.021179,0.006025,41.2379,39.0847,36.6169
S02,1249,0.246417,0.000231,41.2463,0.021213,0.006037,41.2463,39.0879,36.6133
S02,1250,0.246648,0.000231,41.2969,0.021226,0.006044,41.2969,39.1076,36.6133
S02,1251,0.24688,0.000231,41.302,0.021272,0.00606,41.302,39.1243,36.619
S02,1252,0.247111,0.000232,41.3428,0.021281,0.006066,41.3428,39.1514,36.6125
S02,1253,0.247343,0.000232,41.3858,0.021319,0.00608,41.3858,39.1724,36.6137
S02,1254,0.247575,0.000232,41.3928,0.021359,0.006094,41.3928,39.171,36.6232
S02,1255,0.247807,0.000232,41.3878,0.02137,0.006101,41.3878,39.1784,36.629
S02,1256,0.248039,0.000232,41.386,0.021372,0.006105,41.386,39.198,36.6213
S02,1257,0.248271,0.000232,41.4138,0.021376,0.00611,41.4138,39.2124,36.6261
S02,1258,0.248503,0.000232,41.4002,0.021403,0.006121,41.4002,39.1981,36.6495
S02,1259,0.248735,0.000232,41.3818,0.021398,0.006123,41.3818,39.2166,36.6495
S02,1260,0.248967,0.000232,41.3996,0.021388,0.006125,41.3996,39.2145,36.664
S02,1261,0.249199,0.000232,41.3869,0.021408,0.006134,41.3869,39.2347,36.6778
S02,1262,0.249431,0.000232,41.3383,0.021403,0.006136,41.3383,39.2361,36.7144
S02,1263,0.249663,0.000232,41.3665,0.021369,0.006132,41.3665,39.2635,36.7189
S02,1264,0.249895,0.000232,41.3528,0.021397,0.006143,41.3528,39.2622,36.725
S02,1265,0.250127,0.000232,41.3507,0.021391,0.006145,41.3507,39.276,36.7225
S02,1266,0.250358,0.000232,41.3721,0.021395,0.00615,41.3721,39.2728,36.7225
S02,1267,0.25059,0.000232,41.3928,0.021417,0.006159,41.3928,39.2978,36.745
S02,1268,0.250822,0.000232,41.4095,0.021439,0.006169,41.4095,39.316,36.7402
S02,1269,0.251054,0.000232,41.4392,0.021457,0.006177,41.4392,39.3338,36.7473
S02,1270,0.251287,0.000232,41.4705,0.021486,0.006188,41.4705,39.3492,36.7577
S02,1271,0.251519,0.000232,41.4789,0.021517,0.0062,41.4789,39.3605,36.7703
S02,1272,0.251751,0.000232,41.4478,0.021529,0.006206,41.4478,39.3791,36.7929
S02,1273,0.251984,0.000232,41.435,0.021508,0.006205,41.435,39.3796,36.8022
S02,1274,0.252216,0.000232,41.4754,0.021503,0.006208,41.4754,39.3908,36.8069
S02,1275,0.252449,0.000232,41.4699,0.021541,0.006221,41.4699,39.4278,36.8306
S02,1276,0.252681,0.000232,41.4738,0.021541,0.006225,41.4738,39.4622,36.8439
S02,1277,0.252913,0.000232,41.4554,0.021549,0.006231,41.4554,39.4641,36.8539
S02,1278,0.253146,0.000232,41.4335,0.021539,0.006232,41.4335,39.462,36.8622
S02,1279,0.253378,0.000232,41.4531,0.021526,0.006232,41.4531,39.4705,36.8861
S02,1280,0.25361,0.000232,41.4555,0.021547,0.006241,41.4555,39.4798,36.8946
S02,1281,0.253843,0.000232,41.4471,0.021554,0.006247,41.4471,39.4951,36.9017
S02,1282,0.254075,0.000232,41.4799,0.021552,0.00625,41.4799,39.4925,36.9072
S02,1283,0.254307,0.000232,41.4592,0.021583,0.006261,41.4592,39.4908,36.913
S02,1284,0.25454,0.000232,41.4541,0.021571,0.006262,41.4541,39.5123,36.9363
S02,1285,0.254772,0.000232,41.4518,0.021571,0.006266,41.4518,39.5221,36.9471
S02,1286,0.255004,0.000232,41.4667,0.021574,0.00627,41.4667,39.5302,36.9732
S02,1287,0.255237,0.000232,41.4708,0.021591,0.006278,41.4708,39.5477,36.9769
S02,1288,0.255469,0.000232,41.4899,0.021599,0.006284,41.4899,39.5687,36.9852
S02,1289,0.255702,0.000233,41.5267,0.021619,0.006292,41.5267,39.5776,36.9974
S02,1290,0.255934,0.000233,41.5418,0.021654,0.006304,41.5418,39.6,36.9973
S02,1291,0.256167,0.000233,41.5383,0.02167,0.006312,41.5383,39.6026,37.0002
S02,1292,0.2564,0.000233,41.5355,0.021672,0.006316,41.5355,39.6018,37.0068
S02,1293,0.256633,0.000233,41.5644,0.021674,0.00632,41.5644,39.6163,37.0355
S02,1294,0.256866,0.000233,41.5615,0.021702,0.006331,41.5615,39.6143,37.0365
S02,1295,0.257099,0.000233,41.5614,0.021704,0.006335,41.5614,39.6238,37.0472
S02,1296,0.257332,0.000233,41.5598,0.021709,0.006339,41.5598,39.6581,37.0705
S02,1297,0.257565,0.000233,41.568,0.021712,0.006344,41.568,39.6606,37.0751
S02,1298,0.257797,0.000233,41.598,0.021723,0.00635,41.598,39.675,37.0747
S02,1299,0.258031,0.000233,41.597,0.021751,0.006361,41.597,39.6758,37.0901
S02,1300,0.258264,0.000233,41.6419,0.021755,0.006365,41.6419,39.7003,37.0954
S02,1301,0.258497,0.000233,41.6609,0.021796,0.006378,41.6609,39.7024,37.1097
S02,1302,0.258731,0.000233,41.6857,0.021816,0.006387,41.6857,39.6925,37.1161
S02,1303,0.258964,0.000234,41.6864,0.02184,0.006396,41.6864,39.6961,37.1177
S02,1304,0.259198,0.000234,41.7436,0.021845,0.006401,41.7436,39.7097,37.1228
S02,1305,0.259432,0.000234,41.7411,0.021896,0.006417,41.7411,39.7171,37.1243
S02,1306,0.259666,0.000234,41.7544,0.021898,0.006421,41.7544,39.7164,37.1296
S02,1307,0.2599,0.000234,41.7805,0.021913,0.006428,41.7805,39.7367,37.1192
S02,1308,0.260134,0.000234,41.8061,0.021939,0.006437,41.8061,39.7418,37.1407
S02,1309,0.260368,0.000234,41.7971,0.021964,0.006447,41.7971,39.7506,37.1519
S02,1310,0.260602,0.000234,41.8265,0.02196,0.006449,41.8265,39.7714,37.1543
S02,1311,0.260837,0.000234,41.8236,0.021989,0.00646,41.8236,39.7944,37.1585
S02,1312,0.261071,0.000234,41.8713,0.02199,0.006463,41.8713,39.813,37.1578
S02,1313,0.261306,0.000235,41.9021,0.022033,0.006477,41.9021,39.8284,37.1669
S02,1314,0.26154,0.000235,41.9073,0.022063,0.006488,41.9073,39.8485,37.1693
S02,1315,0.261775,0.000235,41.9051,0.022071,0.006493,41.9051,39.8545,37.1748
S02,1316,0.26201,0.000235,41.922,0.022073,0.006497,41.922,39.8697,37.193
S02,1317,0.262245,0.000235,41.977,0.022091,0.006504,41.977,39.8893,37.1992
S02,1318,0.26248,0.000235,41.9941,0.02214,0.006519,41.9941,39.9017,37.1973
S02,1319,0.262715,0.000235,42.0138,0.022158,0.006527,42.0138,39.9026,37.2101
S02,1320,0.262951,0.000235,42.0211,0.022178,0.006535,42.0211,39.8999,37.2283
S02,1321,0.263186,0.000235,42.0448,0.022188,0.006541,42.0448,39.9234,37.2311
S02,1322,0.263422,0.000236,42.0554,0.022211,0.00655,42.0554,39.9413,37.2642
S02,1323,0.263658,0.000236,42.0692,0.022224,0.006556,42.0692,39.9495,37.267
S02,1324,0.263893,0.000236,42.11,0.022239,0.006563,42.11,39.9742,37.2752
S02,1325,0.264129,0.000236,42.1302,0.022277,0.006575,42.1302,40.003,37.2919
S02,1326,0.264365,0.000236,42.1295,0.022297,0.006583,42.1295,40.0131,37.3054
S02,1327,0.264601,0.000236,42.1818,0.0223,0.006587,42.1818,40.01,37.3213
S02,1328,0.264838,0.000236,42.1964,0.022347,0.006601,42.1964,40.0431,37.3397
S02,1329,0.265074,0.000236,42.2082,0.022363,0.006608,42.2082,40.0556,37.3496
S02,1330,0.265311,0.000237,42.2303,0.022376,0.006614,42.2303,40.0752,37.3509
S02,1331,0.265547,0.000237,42.2327,0.022398,0.006623,42.2327,40.0916,37.3638
S02,1332,0.265784,0.000237,42.2378,0.022404,0.006627,42.2378,40.0849,37.366
S02,1333,0.266021,0.000237,42.2437,0.022411,0.006632,42.2437,40.0934,37.3879
S02,1334,0.266257,0.000237,42.2481,0.02242,0.006637,42.2481,40.101,37.4068
S02,1335,0.266494,0.000237,42.2767,0.022427,0.006642,42.2767,40.1012,37.428
S02,1336,0.266731,0.000237,42.3073,0.022454,0.006651,42.3073,40.1081,37.4264
S02,1337,0.266968,0.000237,42.3353,0.022483,0.006661,42.3353,40.1192,37.4304
S02,1338,0.267205,0.000237,42.3421,0.022509,0.00667,42.3421,40.1186,37.4432
S02,1339,0.267443,0.000237,42.3709,0.022518,0.006675,42.3709,40.1343,37.4576
S02,1340,0.26768,0.000237,42.3769,0.022546,0.006685,42.3769,40.1514,37.4782
S02,1341,0.267918,0.000237,42.3634,0.022554,0.00669,42.3634,40.1514,37.4903
S02,1342,0.268155,0.000237,42.3723,0.022546,0.006691,42.3723,40.1553,37.5098
S02,1343,0.268392,0.000237,42.3919,0.022556,0.006696,42.3919,40.1633,37.5334
S02,1344,0.26863,0.000238,42.3863,0.022576,0.006704,42.3863,40.1569,37.5308
S02,1345,0.268867,0.000238,42.3886,0.022574,0.006706,42.3886,40.1716,37.5466
S02,1346,0.269105,0.000238,42.3888,0.022579,0.00671,42.3888,40.1913,37.5622
S02,1347,0.269342,0.000238,42.3873,0.022582,0.006714,42.3873,40.2221,37.5885
S02,1348,0.26958,0.000238,42.3983,0.022584,0.006717,42.3983,40.2435,37.5963
S02,1349,0.269818,0.000238,42.41,0.022596,0.006723,42.41,40.252,37.6102
S02,1350,0.270055,0.000238,42.3967,0.022609,0.006728,42.3967,40.2699,37.6217
S02,1351,0.270293,0.000238,42.4275,0.022601,0.006729,42.4275,40.2939,37.635
S02,1352,0.27053,0.000238,42.4469,0.022629,0.006739,42.4469,40.3007,37.6312
S02,1353,0.270768,0.000238,42.4666,0.022648,0.006746,42.4666,40.3239,37.6493
S02,1354,0.271006,0.000238,42.4742,0.022668,0.006753,42.4742,40.3272,37.659
S02,1355,0.271244,0.000238,42.4982,0.022677,0.006758,42.4982,40.3376,37.6768
S02,1356,0.271482,0.000238,42.5203,0.0227,0.006766,42.5203,40.339,37.6798
S02,1357,0.271721,0.000238,42.529,0.022721,0.006774,42.529,40.3711,37.6941
S02,1358,0.271959,0.000238,42.5632,0.022731,0.006779,42.5632,40.3776,37.6941
S02,1359,0.272197,0.000238,42.5729,0.022763,0.006789,42.5729,40.395,37.7087
S02,1360,0.272436,0.000239,42.5827,0.022774,0.006794,42.5827,40.4208,37.7247
S02,1361,0.272675,0.000239,42.5831,0.022785,0.0068,42.5831,40.4583,37.7432
S02,1362,0.272913,0.000239,42.5931,0.022787,0.006803,42.5931,40.473,37.7554
S02,1363,0.273152,0.000239,42.57,0.022798,0.006808,42.57,40.48,37.772
S02,1364,0.27339,0.000239,42.5909,0.022781,0.006806,42.5909,40.4989,37.7859
S02,1365,0.273629,0.000239,42.6479,0.022801,0.006814,42.6479,40.5092,37.7941
S02,1366,0.273868,0.000239,42.6561,0.022852,0.006828,42.6561,40.5176,37.8351
S02,1367,0.274107,0.000239,42.6657,0.022861,0.006833,42.6657,40.5306,37.8588
S02,1368,0.274346,0.000239,42.6699,0.022872,0.006838,42.6699,40.5622,37.8738
S02,1369,0.274585,0.000239,42.6766,0.022878,0.006842,42.6766,40.5798,37.887
S02,1370,0.274824,0.000239,42.7047,0.022886,0.006846,42.7047,40.5866,37.8944
S02,1371,0.275064,0.000239,42.7598,0.022912,0.006855,42.7598,40.6044,37.8995
S02,1372,0.275303,0.00024,42.7677,0.022961,0.006869,42.7677,40.6225,37.903
S02,1373,0.275543,0.00024,42.7961,0.02297,0.006873,42.7961,40.6387,37.8976
S02,1374,0.275783,0.00024,42.7946,0.022996,0.006882,42.7946,40.6517,37.9049
S02,1375,0.276023,0.00024,42.8103,0.022997,0.006884,42.8103,40.6534,37.9087
S02,1376,0.276262,0.00024,42.8426,0.023013,0.00689,42.8426,40.6618,37.9092
S02,1377,0.276502,0.00024,42.843,0.023042,0.006899,42.843,40.6747,37.9214
S02,1378,0.276743,0.00024,42.8546,0.023045,0.006902,42.8546,40.6834,37.938
S02,1379,0.276983,0.00024,42.8788,0.023056,0.006907,42.8788,40.6829,37.9728
S02,1380,0.277223,0.00024,42.9136,0.023079,0.006915,42.9136,40.6963,37.9866
S02,1381,0.277463,0.00024,42.9309,0.023111,0.006925,42.9309,40.7216,37.9951
S02,1382,0.277704,0.000241,42.9333,0.023128,0.006931,42.9333,40.7349,37.9913
S02,1383,0.277945,0.000241,42.8812,0.023131,0.006934,42.8812,40.7472,38.0106
S02,1384,0.278185,0.00024,42.856,0.023089,0.006926,42.856,40.7502,38.0143
S02,1385,0.278425,0.00024,42.8783,0.023069,0.006924,42.8783,40.7731,38.0294
S02,1386,0.278665,0.00024,42.8888,0.02309,0.006931,42.8888,40.7884,38.049
S02,1387,0.278906,0.00024,42.9126,0.0231,0.006935,42.9126,40.7961,38.0433
S02,1388,0.279146,0.00024,42.9635,0.023122,0.006943,42.9635,40.7881,38.0714
S02,1389,0.279387,0.000241,42.9774,0.023168,0.006955,42.9774,40.8075,38.0871
S02,1390,0.279628,0.000241,42.998,0.023181,0.00696,42.998,40.8261,38.091
S02,1391,0.279869,0.000241,43.0205,0.023201,0.006967,43.0205,40.8219,38.1123
S02,1392,0.28011,0.000241,42.9993,0.023221,0.006974,42.9993,40.8276,38.1292
S02,1393,0.280351,0.000241,43.0468,0.023205,0.006972,43.0468,40.8466,38.1187
S02,1394,0.280592,0.000241,43.0661,0.023247,0.006984,43.0661,40.8542,38.1302
S02,1395,0.280833,0.000241,43.1163,0.023265,0.00699,43.1163,40.872,38.1387
S02,1396,0.281075,0.000242,43.0989,0.02331,0.007003,43.0989,40.8721,38.1481
S02,1397,0.281316,0.000242,43.1236,0.023296,0.007001,43.1236,40.8869,38.15
S02,1398,0.281558,0.000242,43.1539,0.023319,0.007009,43.1539,40.8902,38.1593
S02,1399,0.2818,0.000242,43.1941,0.023346,0.007017,43.1941,40.8949,38.1678
S02,1400,0.282042,0.000242,43.2158,0.023382,0.007027,43.2158,40.8881,38.18
S02,1401,0.282284,0.000242,43.2333,0.023402,0.007034,43.2333,40.8842,38.1933
S02,1402,0.282527,0.000242,43.2125,0.023419,0.007039,43.2125,40.9129,38.2052
S02,1403,0.282769,0.000242,43.2015,0.023402,0.007037,43.2015,40.9066,38.2345
S02,1404,0.283011,0.000242,43.2166,0.023394,0.007037,43.2166,40.9379,38.2286
S02,1405,0.283253,0.000242,43.2365,0.023408,0.007042,43.2365,40.9568,38.2365
S02,1406,0.283495,0.000242,43.2245,0.023426,0.007048,43.2245,40.9713,38.2445
S02,1407,0.283738,0.000242,43.2634,0.023417,0.007048,43.2634,40.9809,38.2549
S02,1408,0.28398,0.000242,43.2798,0.023451,0.007058,43.2798,41.0096,38.2722
S02,1409,0.284223,0.000243,43.3077,0.023467,0.007063,43.3077,41.0107,38.3037
S02,1410,0.284465,0.000243,43.2946,0.023492,0.00707,43.2946,41.0256,38.3012
S02,1411,0.284708,0.000243,43.3294,0.023481,0.00707,43.3294,41.031,38.2968
S02,1412,0.284951,0.000243,43.3359,0.023512,0.007079,43.3359,41.0512,38.3138
S02,1413,0.285194,0.000243,43.3062,0.023519,0.007082,43.3062,41.0478,38.3251
S02,1414,0.285437,0.000243,43.3487,0.023494,0.007078,43.3487,41.0684,38.3229
S02,1415,0.285679,0.000243,43.3281,0.023532,0.007088,43.3281,41.0755,38.3245
S02,1416,0.285922,0.000243,43.3618,0.023514,0.007086,43.3618,41.0948,38.3194
S02,1417,0.286165,0.000243,43.3706,0.023544,0.007094,43.3706,41.1035,38.3243
S02,1418,0.286408,0.000243,43.4076,0.023553,0.007098,43.4076,41.1204,38.346
S02,1419,0.286652,0.000243,43.4163,0.023586,0.007107,43.4163,41.1485,38.333
S02,1420,0.286895,0.000243,43.4036,0.023594,0.00711,43.4036,41.1538,38.3376
S02,1421,0.287138,0.000243,43.4097,0.023583,0.007109,43.4097,41.1721,38.3519
S02,1422,0.287382,0.000243,43.4414,0.023589,0.007112,43.4414,41.1834,38.3575
S02,1423,0.287625,0.000243,43.4364,0.023617,0.00712,43.4364,41.2042,38.3779
S02,1424,0.287869,0.000243,43.4668,0.023613,0.007121,43.4668,41.2025,38.3922
S02,1425,0.288112,0.000244,43.4898,0.02364,0.007128,43.4898,41.2227,38.4007
S02,1426,0.288356,0.000244,43.5283,0.023661,0.007134,43.5283,41.2437,38.4138
S02,1427,0.2886,0.000244,43.5261,0.023695,0.007143,43.5261,41.2287,38.4372
S02,1428,0.288844,0.000244,43.5389,0.023693,0.007144,43.5389,41.2468,38.4534
S02,1429,0.289088,0.000244,43.5535,0.023705,0.007148,43.5535,41.2634,38.4581
S02,1430,0.289332,0.000244,43.5951,0.023718,0.007153,43.5951,41.2964,38.4779
S02,1431,0.289577,0.000244,43.5949,0.023754,0.007162,43.5949,41.29,38.5009
S02,1432,0.289821,0.000244,43.6017,0.023754,0.007164,43.6017,41.2929,38.5137
S02,1433,0.290065,0.000244,43.636,0.02376,0.007166,43.636,41.3117,38.5301
S02,1434,0.29031,0.000245,43.689,0.023791,0.007175,43.689,41.3271,38.5406
S02,1435,0.290555,0.000245,43.7122,0.023837,0.007186,43.7122,41.3369,38.5571
S02,1436,0.2908,0.000245,43.7689,0.023858,0.007192,43.7689,41.3537,38.5724
S02,1437,0.291045,0.000245,43.7652,0.023908,0.007205,43.7652,41.3554,38.5914
S02,1438,0.291291,0.000245,43.7432,0.023905,0.007205,43.7432,41.3789,38.6055
S02,1439,0.291536,0.000245,43.7789,0.023885,0.007202,43.7789,41.3732,38.6249
S02,1440,0.291781,0.000245,43.8201,0.023916,0.00721,43.8201,41.3847,38.632
S03,0,0.001276,0.000276,29.5438,0.021555,0.003995,29.5438,29.2031,29.0539
S03,1,0.001552,0.000276,29.5815,0.021593,0.004004,29.5815,29.2136,29.0603
S03,2,0.001828,0.000276,29.5889,0.021625,0.004013,29.5889,29.2057,29.0647
S03,3,0.002104,0.000276,29.5936,0.021632,0.004016,29.5936,29.2163,29.0674
S03,4,0.00238,0.000276,29.5937,0.021635,0.004018,29.5937,29.2212,29.0751
S03,5,0.002657,0.000276,29.6122,0.021635,0.004019,29.6122,29.2157,29.0783
S03,6,0.002933,0.000276,29.6344,0.021651,0.004023,29.6344,29.2265,29.0861
S03,7,0.00321,0.000277,29.6312,0.02167,0.004029,29.6312,29.2239,29.0927
S03,8,0.003486,0.000277,29.6122,0.021666,0.004029,29.6122,29.234,29.0849
S03,9,0.003763,0.000276,29.6188,0.02165,0.004026,29.6188,29.2508,29.0849
S03,10,0.004039,0.000276,29.6277,0.021655,0.004028,29.6277,29.2559,29.0846
S03,11,0.004316,0.000277,29.6302,0.021662,0.004031,29.6302,29.2606,29.1067
S03,12,0.004592,0.000277,29.6636,0.021663,0.004032,29.6636,29.2674,29.1099
S03,13,0.004869,0.000277,29.6945,0.021692,0.004039,29.6945,29.2762,29.102
S03,14,0.005146,0.000277,29.7197,0.021718,0.004046,29.7197,29.2794,29.1199
S03,15,0.005423,0.000277,29.7305,0.021739,0.004052,29.7305,29.2946,29.109
S03,16,0.0057,0.000277,29.7518,0.021748,0.004055,29.7518,29.2902,29.101
S03,17,0.005977,0.000277,29.7826,0.021766,0.00406,29.7826,29.2834,29.1003
S03,18,0.006255,0.000278,29.7836,0.021792,0.004067,29.7836,29.2903,29.1039
S03,19,0.006532,0.000278,29.7554,0.021792,0.004067,29.7554,29.3001,29.0985
S03,20,0.00681,0.000277,29.8106,0.021766,0.004062,29.8106,29.312,29.109
S03,21,0.007087,0.000278,29.7786,0.021813,0.004074,29.7786,29.3324,29.1105
S03,22,0.007365,0.000277,29.7676,0.021784,0.004068,29.7676,29.3383,29.1244
S03,23,0.007642,0.000277,29.7518,0.021774,0.004066,29.7518,29.3515,29.1224
S03,24,0.00792,0.000277,29.7563,0.021759,0.004064,29.7563,29.35,29.1154
S03,25,0.008197,0.000277,29.7757,0.021762,0.004065,29.7757,29.3552,29.1268
S03,26,0.008474,0.000277,29.8186,0.021778,0.004069,29.8186,29.3551,29.1385
S03,27,0.008752,0.000278,29.8113,0.021814,0.004078,29.8113,29.3642,29.1288
S03,28,0.00903,0.000278,29.8158,0.021806,0.004077,29.8158,29.373,29.1228
S03,29,0.009308,0.000278,29.8408,0.021809,0.004078,29.8408,29.3618,29.117
S03,30,0.009585,0.000278,29.8666,0.021829,0.004084,29.8666,29.3796,29.1069
S03,31,0.009864,0.000278,29.9126,0.021851,0.004089,29.9126,29.3855,29.1302
S03,32,0.010142,0.000278,29.9221,0.021889,0.004098,29.9221,29.3839,29.1344
S03,33,0.01042,0.000278,29.9164,0.021896,0.0041,29.9164,29.3884,29.1349
S03,34,0.010699,0.000278,29.9574,0.02189,0.004099,29.9574,29.3952,29.1239
S03,35,0.010977,0.000279,29.9473,0.021924,0.004108,29.9473,29.3893,29.105
S03,36,0.011256,0.000279,29.9208,0.021914,0.004106,29.9208,29.4132,29.0982
S03,37,0.011534,0.000278,29.9612,0.021889,0.004101,29.9612,29.4093,29.0956
S03,38,0.011813,0.000279,29.9432,0.021923,0.004109,29.9432,29.4249,29.0931
S03,39,0.012092,0.000279,29.9911,0.021905,0.004105,29.9911,29.4216,29.1071
S03,40,0.01237,0.000279,30.0355,0.021946,0.004115,30.0355,29.4106,29.1129
S03,41,0.01265,0.000279,30.0307,0.021983,0.004124,30.0307,29.4031,29.1153
S03,42,0.012929,0.000279,30.0619,0.021977,0.004123,30.0619,29.4204,29.1132
S03,43,0.013208,0.000279,30.0967,0.022003,0.004129,30.0967,29.43,29.1144
S03,44,0.013488,0.00028,30.0933,0.022031,0.004136,30.0933,29.4344,29.1503
S03,45,0.013767,0.00028,30.0902,0.022026,0.004135,30.0902,29.4366,29.1426
S03,46,0.014047,0.00028,30.1325,0.022022,0.004134,30.1325,29.4586,29.1571
S03,47,0.014327,0.00028,30.1867,0.022057,0.004142,30.1867,29.4622,29.1748
S03,48,0.014607,0.00028,30.1856,0.022103,0.004153,30.1856,29.4818,29.1907
S03,49,0.014887,0.00028,30.1884,0.0221,0.004153,30.1884,29.4953,29.1812
S03,50,0.015167,0.00028,30.1757,0.0221,0.004153,30.1757,29.4855,29.1713
S03,51,0.015447,0.00028,30.1681,0.022087,0.00415,30.1681,29.4884,29.1898
S03,52,0.015727,0.00028,30.178,0.022078,0.004148,30.178,29.4839,29.1975
S03,53,0.016007,0.00028,30.188,0.022084,0.00415,30.188,29.4889,29.2024
S03,54,0.016287,0.00028,30.2115,0.022091,0.004151,30.2115,29.4862,29.2009
S03,55,0.016568,0.00028,30.245,0.022109,0.004156,30.245,29.4868,29.1995
S03,56,0.016848,0.000281,30.2659,0.022136,0.004162,30.2659,29.4955,29.1973
S03,57,0.017129,0.000281,30.292,0.022153,0.004166,30.292,29.5,29.1852
S03,58,0.01741,0.000281,30.3198,0.022173,0.00417,30.3198,29.4961,29.2169
S03,59,0.017691,0.000281,30.3406,0.022195,0.004175,30.3406,29.4981,29.2263
S03,60,0.017972,0.000281,30.3848,0.022211,0.004179,30.3848,29.5184,29.2304
S03,61,0.018254,0.000281,30.4213,0.022248,0.004187,30.4213,29.5308,29.2324
S03,62,0.018535,0.000282,30.4062,0.022278,0.004194,30.4062,29.5361,29.2078
S03,63,0.018817,0.000282,30.4037,0.022262,0.00419,30.4037,29.5549,29.2109
S03,64,0.019099,0.000282,30.418,0.022257,0.004189,30.418,29.5512,29.2036
S03,65,0.01938,0.000282,30.4195,0.022267,0.004191,30.4195,29.5424,29.1822
S03,66,0.019662,0.000282,30.4552,0.022265,0.004191,30.4552,29.5643,29.1772
S03,67,0.019944,0.000282,30.4857,0.022294,0.004197,30.4857,29.5574,29.1821
S03,68,0.020226,0.000282,30.4731,0.022319,0.004203,30.4731,29.5718,29.184
S03,69,0.020508,0.000282,30.4627,0.022305,0.004199,30.4627,29.5825,29.202
S03,70,0.02079,0.000282,30.4779,0.022292,0.004196,30.4779,29.5874,29.2035
S03,71,0.021072,0.000282,30.4955,0.022303,0.004199,30.4955,29.6052,29.2179
S03,72,0.021354,0.000282,30.4684,0.022316,0.004201,30.4684,29.6223,29.2173
S03,73,0.021636,0.000282,30.5169,0.022288,0.004195,30.5169,29.6321,29.2284
S03,74,0.021919,0.000282,30.5217,0.022329,0.004204,30.5217,29.6239,29.2323
S03,75,0.022201,0.000282,30.556,0.02233,0.004204,30.556,29.6367,29.2415
S03,76,0.022484,0.000283,30.5757,0.022357,0.004209,30.5757,29.6493,29.2348
S03,77,0.022767,0.000283,30.5879,0.022372,0.004212,30.5879,29.6392,29.2357
S03,78,0.023049,0.000283,30.5968,0.022379,0.004214,30.5968,29.6453,29.2476
S03,79,0.023332,0.000283,30.6131,0.022384,0.004214,30.6131,29.6219,29.2626
S03,80,0.023615,0.000283,30.6313,0.022395,0.004217,30.6313,29.6355,29.256
S03,81,0.023898,0.000283,30.663,0.022408,0.004219,30.663,29.6569,29.2412
S03,82,0.024182,0.000283,30.7027,0.022433,0.004224,30.7027,29.6536,29.235
S03,83,0.024465,0.000284,30.7179,0.022465,0.004231,30.7179,29.6807,29.2185
S03,84,0.024749,0.000284,30.7202,0.022475,0.004233,30.7202,29.6872,29.2267
S03,85,0.025033,0.000284,30.7331,0.022474,0.004232,30.7331,29.6976,29.218
S03,86,0.025317,0.000284,30.7637,0.022482,0.004233,30.7637,29.7143,29.2088
S03,87,0.025601,0.000284,30.7631,0.022506,0.004238,30.7631,29.7244,29.214
S03,88,0.025885,0.000284,30.7889,0.022502,0.004237,30.7889,29.7184,29.2119
S03,89,0.026169,0.000284,30.7943,0.022521,0.00424,30.7943,29.7383,29.2129
S03,90,0.026453,0.000284,30.7993,0.022522,0.00424,30.7993,29.7354,29.2148
S03,91,0.026737,0.000284,30.8386,0.022523,0.00424,30.8386,29.7263,29.2179
S03,92,0.027022,0.000285,30.8641,0.022554,0.004246,30.8641,29.753,29.2268
S03,93,0.027306,0.000285,30.9067,0.022574,0.00425,30.9067,29.7603,29.2148
S03,94,0.027591,0.000285,30.8934,0.022608,0.004257,30.8934,29.7597,29.2182
S03,95,0.027876,0.000285,30.9028,0.022592,0.004253,30.9028,29.7617,29.2384
S03,96,0.028161,0.000285,30.8698,0.022597,0.004253,30.8698,29.7576,29.2645
S03,97,0.028446,0.000285,30.8913,0.022563,0.004245,30.8913,29.7575,29.255
S03,98,0.028731,0.000285,30.9228,0.022578,0.004247,30.9228,29.7713,29.265
S03,99,0.029016,0.000285,30.912,0.022603,0.004252,30.912,29.7794,29.2647
S03,100,0.029301,0.000285,30.9362,0.022589,0.004248,30.9362,29.7698,29.2726
S03,101,0.029586,0.000285,30.9824,0.022606,0.004251,30.9824,29.7631,29.2832
S03,102,0.029871,0.000285,31.0315,0.022644,0.004259,31.0315,29.7796,29.2846
S03,103,0.030157,0.000286,31.0496,0.022684,0.004267,31.0496,29.7817,29.2887
S03,104,0.030443,0.000286,31.0441,0.022696,0.004269,31.0441,29.7898,29.2821
S03,105,0.030729,0.000286,31.0302,0.022687,0.004266,31.0302,29.8123,29.2654
S03,106,0.031015,0.000286,31.0819,0.02267,0.004261,31.0819,29.7978,29.277
S03,107,0.031301,0.000286,31.1013,0.022712,0.00427,31.1013,29.7892,29.2739
S03,108,0.031587,0.000286,31.0962,0.022726,0.004272,31.0962,29.7874,29.2848
S03,109,0.031873,0.000286,31.088,0.022717,0.004269,31.088,29.7756,29.298
S03,110,0.03216,0.000286,31.1115,0.022705,0.004265,31.1115,29.7836,29.2971
S03,111,0.032446,0.000286,31.1412,0.022721,0.004268,31.1412,29.7955,29.2979
S03,112,0.032733,0.000287,31.1449,0.022744,0.004272,31.1449,29.8145,29.3147
S03,113,0.033019,0.000287,31.1701,0.022742,0.004271,31.1701,29.853,29.3191
S03,114,0.033306,0.000287,31.1896,0.022761,0.004274,31.1896,29.8765,29.3243
S03,115,0.033593,0.000287,31.2106,0.022774,0.004276,31.2106,29.8808,29.3314
S03,116,0.03388,0.000287,31.1922,0.022788,0.004278,31.1922,29.8813,29.3227
S03,117,0.034167,0.000287,31.1636,0.022767,0.004272,31.1636,29.9001,29.3216
S03,118,0.034453,0.000287,31.1614,0.022736,0.004264,31.1614,29.9115,29.3113
S03,119,0.03474,0.000287,31.1953,0.022729,0.004261,31.1953,29.9335,29.2993
S03,120,0.035027,0.000287,31.2352,0.022755,0.004266,31.2352,29.9434,29.3134
S03,121,0.035314,0.000287,31.255,0.022786,0.004272,31.255,29.9427,29.2997
S03,122,0.035601,0.000287,31.2482,0.022799,0.004273,31.2482,29.9455,29.313
S03,123,0.035889,0.000287,31.2769,0.022788,0.00427,31.2769,29.9565,29.3305
S03,124,0.036176,0.000287,31.2553,0.022809,0.004273,31.2553,29.9524,29.3214
S03,125,0.036463,0.000287,31.2725,0.022785,0.004267,31.2725,29.9435,29.318
S03,126,0.036751,0.000287,31.316,0.022795,0.004268,31.316,29.9619,29.3364
S03,127,0.037038,0.000288,31.3204,0.02283,0.004274,31.3204,29.9597,29.3417
S03,128,0.037326,0.000288,31.3176,0.022828,0.004273,31.3176,29.967,29.3429
S03,129,0.037614,0.000288,31.3444,0.022821,0.00427,31.3444,29.9899,29.3596
S03,130,0.037902,0.000288,31.3794,0.02284,0.004272,31.3794,29.9963,29.369
S03,131,0.03819,0.000288,31.3878,0.022866,0.004277,31.3878,29.9955,29.3562
S03,132,0.038478,0.000288,31.3922,0.022869,0.004276,31.3922,30.0092,29.3659
S03,133,0.038766,0.000288,31.4092,0.022867,0.004274,31.4092,30.0236,29.363
S03,134,0.039055,0.000288,31.4592,0.022878,0.004275,31.4592,30.034,29.3627
S03,135,0.039343,0.000289,31.489,0.022918,0.004283,31.489,30.0414,29.3691
S03,136,0.039632,0.000289,31.5355,0.02294,0.004286,31.5355,30.0425,29.3692
S03,137,0.039922,0.000289,31.5484,0.022977,0.004293,31.5484,30.0523,29.3916
S03,138,0.040211,0.000289,31.5835,0.022983,0.004293,31.5835,30.0752,29.3689
S03,139,0.0405,0.00029,31.6106,0.023009,0.004297,31.6106,30.0878,29.3778
S03,140,0.04079,0.00029,31.6282,0.023029,0.0043,31.6282,30.091,29.3885
S03,141,0.04108,0.00029,31.6414,0.023039,0.0043,31.6414,30.1009,29.386
S03,142,0.04137,0.00029,31.6545,0.023046,0.0043,31.6545,30.1162,29.3978
S03,143,0.04166,0.00029,31.671,0.023052,0.0043,31.671,30.127,29.3993
S03,144,0.04195,0.00029,31.7061,0.023061,0.004301,31.7061,30.1327,29.3998
S03,145,0.042241,0.00029,31.7254,0.023088,0.004305,31.7254,30.1385,29.4063
S03,146,0.042531,0.000291,31.7758,0.0231,0.004306,31.7758,30.1488,29.4248
S03,147,0.042822,0.000291,31.8119,0.02314,0.004313,31.8119,30.1613,29.4354
S03,148,0.043113,0.000291,31.8585,0.023168,0.004317,31.8585,30.1636,29.4462
S03,149,0.043404,0.000291,31.9011,0.023205,0.004324,31.9011,30.1674,29.4634
S03,150,0.043696,0.000292,31.9321,0.023238,0.004329,31.9321,30.1706,29.4717
S03,151,0.043988,0.000292,31.9212,0.023261,0.004332,31.9212,30.1695,29.46
S03,152,0.04428,0.000292,31.9438,0.023245,0.004327,31.9438,30.1769,29.4557
S03,153,0.044572,0.000292,31.9502,0.023259,0.004329,31.9502,30.1872,29.4557
S03,154,0.044864,0.000292,31.9571,0.023259,0.004327,31.9571,30.1998,29.4495
S03,155,0.045156,0.000292,31.963,0.023259,0.004325,31.963,30.2224,29.4564
S03,156,0.045448,0.000292,31.9434,0.023259,0.004323,31.9434,30.2487,29.4514
S03,157,0.04574,0.000292,31.9935,0.023234,0.004316,31.9935,30.2606,29.4647
S03,158,0.046033,0.000292,31.9746,0.023274,0.004323,31.9746,30.2633,29.4616
S03,159,0.046325,0.000292,31.9798,0.023251,0.004316,31.9798,30.2659,29.4587
S03,160,0.046617,0.000292,31.9937,0.023249,0.004314,31.9937,30.2703,29.4605
S03,161,0.04691,0.000292,32.0166,0.023256,0.004313,32.0166,30.263,29.4614
S03,162,0.047202,0.000293,32.0134,0.02327,0.004315,32.0134,30.2726,29.4708
S03,163,0.047495,0.000293,32.0015,0.023261,0.004311,32.0015,30.2791,29.4832
S03,164,0.047787,0.000292,32.0386,0.023244,0.004305,32.0386,30.2844,29.4954
S03,165,0.04808,0.000293,32.0607,0.023271,0.004309,32.0607,30.2956,29.4936
S03,166,0.048373,0.000293,32.0823,0.023285,0.00431,32.0823,30.3132,29.4903
S03,167,0.048666,0.000293,32.1079,0.023299,0.004311,32.1079,30.3125,29.4818
S03,168,0.048959,0.000293,32.135,0.023316,0.004313,32.135,30.3212,29.4771
S03,169,0.049252,0.000293,32.1582,0.023335,0.004315,32.1582,30.3393,29.4811
S03,170,0.049546,0.000294,32.2037,0.023349,0.004316,32.2037,30.3437,29.4781
S03,171,0.04984,0.000294,32.2383,0.023385,0.004322,32.2383,30.3451,29.4887
S03,172,0.050134,0.000294,32.2225,0.023411,0.004325,32.2225,30.3465,29.4904
S03,173,0.050428,0.000294,32.2307,0.023389,0.004318,32.2307,30.373,29.4844
S03,174,0.050722,0.000294,32.2463,0.02339,0.004316,32.2463,30.3858,29.487
S03,175,0.051016,0.000294,32.2851,0.023397,0.004316,32.2851,30.3916,29.4855
S03,176,0.05131,0.000294,32.2818,0.023427,0.00432,32.2818,30.4117,29.4918
S03,177,0.051604,0.000294,32.3035,0.023417,0.004316,32.3035,30.4252,29.4845
S03,178,0.051899,0.000295,32.3297,0.02343,0.004317,32.3297,30.4398,29.5026
S03,179,0.052194,0.000295,32.3545,0.023448,0.004318,32.3545,30.4436,29.5034
S03,180,0.052489,0.000295,32.4065,0.023464,0.004319,32.4065,30.4436,29.4938
S03,181,0.052784,0.000295,32.4277,0.023505,0.004326,32.4277,30.4699,29.4985
S03,182,0.053079,0.000295,32.4211,0.023518,0.004327,32.4211,30.5033,29.4951
S03,183,0.053374,0.000295,32.4539,0.023505,0.004322,32.4539,30.5294,29.5003
S03,184,0.05367,0.000296,32.4824,0.023528,0.004324,32.4824,30.5559,29.492
S03,185,0.053966,0.000296,32.5146,0.023548,0.004326,32.5146,30.5795,29.5089
S03,186,0.054262,0.000296,32.523,0.023571,0.004329,32.523,30.5957,29.5077
S03,187,0.054558,0.000296,32.5278,0.023571,0.004327,32.5278,30.5982,29.5184
S03,188,0.054854,0.000296,32.5483,0.023569,0.004324,32.5483,30.6213,29.4994
S03,189,0.05515,0.000296,32.5473,0.023581,0.004324,32.5473,30.6362,29.5213
S03,190,0.055446,0.000296,32.5499,0.023572,0.00432,32.5499,30.6304,29.5202
S03,191,0.055743,0.000296,32.5653,0.023567,0.004316,32.5653,30.6504,29.5362
S03,192,0.056039,0.000296,32.5964,0.023574,0.004316,32.5964,30.6615,29.5618
S03,193,0.056336,0.000297,32.6,0.023596,0.004318,32.6,30.6735,29.5725
S03,194,0.056632,0.000297,32.6071,0.023592,0.004314,32.6071,30.6833,29.5837
S03,195,0.056929,0.000297,32.6066,0.023591,0.004312,32.6066,30.6935,29.5871
S03,196,0.057225,0.000297,32.6688,0.023583,0.004308,32.6688,30.714,29.5855
S03,197,0.057522,0.000297,32.7014,0.023634,0.004316,32.7014,30.7162,29.5949
S03,198,0.05782,0.000297,32.6869,0.023657,0.004319,32.6869,30.736,29.5987
S03,199,0.058117,0.000297,32.6788,0.023636,0.004312,32.6788,30.7526,29.6124
S03,200,0.058414,0.000297,32.7046,0.023621,0.004306,32.7046,30.7669,29.605
S03,201,0.058711,0.000297,32.7386,0.023637,0.004307,32.7386,30.7583,29.6049
S03,202,0.059009,0.000298,32.7955,0.023662,0.004309,32.7955,30.7578,29.5928
S03,203,0.059307,0.000298,32.7954,0.023708,0.004317,32.7954,30.7744,29.5975
S03,204,0.059605,0.000298,32.8329,0.0237,0.004312,32.8329,30.788,29.5927
S03,205,0.059903,0.000298,32.8689,0.023727,0.004316,32.8689,30.7956,29.6047
S03,206,0.060202,0.000298,32.9139,0.023753,0.004318,32.9139,30.814,29.623
S03,207,0.0605,0.000299,32.9082,0.023788,0.004323,32.9082,30.8231,29.6303
S03,208,0.060799,0.000299,32.9033,0.023775,0.004318,32.9033,30.8494,29.6481
S03,209,0.061098,0.000299,32.9307,0.023762,0.004312,32.9307,30.8686,29.6526
S03,210,0.061397,0.000299,32.9283,0.02378,0.004314,32.9283,30.8758,29.6559
S03,211,0.061696,0.000299,32.9512,0.02377,0.004309,32.9512,30.8879,29.6645
S03,212,0.061995,0.000299,32.9438,0.023784,0.004309,32.9438,30.8938,29.672
S03,213,0.062294,0.000299,32.9811,0.023769,0.004303,32.9811,30.8914,29.6811
S03,214,0.062593,0.000299,33.0139,0.023796,0.004306,33.0139,30.9045,29.6878
S03,215,0.062893,0.0003,33.0246,0.023819,0.004308,33.0246,30.9179,29.6901
S03,216,0.063192,0.0003,33.0138,0.023821,0.004306,33.0138,30.9446,29.6992
S03,217,0.063492,0.000299,33.0222,0.023802,0.004299,33.0222,30.971,29.7026
S03,218,0.063791,0.0003,33.0533,0.023802,0.004296,33.0533,30.9683,29.7029
S03,219,0.064091,0.0003,33.093,0.023824,0.004298,33.093,30.9964,29.7274
S03,220,0.064391,0.0003,33.1396,0.023853,0.004301,33.1396,31.0279,29.727
S03,221,0.064691,0.0003,33.131,0.023889,0.004306,33.131,31.0181,29.7343
S03,222,0.064992,0.0003,33.1452,0.023873,0.0043,33.1452,31.047,29.7385
S03,223,0.065292,0.0003,33.1961,0.023878,0.004298,33.1961,31.0456,29.7622
S03,224,0.065593,0.000301,33.2137,0.023918,0.004304,33.2137,31.0733,29.7784
S03,225,0.065894,0.000301,33.2157,0.023926,0.004303,33.2157,31.0963,29.779
S03,226,0.066195,0.000301,33.2526,0.02392,0.004298,33.2526,31.1163,29.7898
S03,227,0.066496,0.000301,33.2688,0.023946,0.004301,33.2688,31.1282,29.7971
S03,228,0.066797,0.000301,33.2405,0.023953,0.004299,33.2405,31.1519,29.8031
S03,229,0.067098,0.000301,33.2642,0.023918,0.004289,33.2642,31.1567,29.8129
S03,230,0.0674,0.000301,33.2744,0.023932,0.004289,33.2744,31.1865,29.8057
S03,231,0.067701,0.000301,33.3185,0.023933,0.004286,33.3185,31.1926,29.8162
S03,232,0.068003,0.000302,33.3327,0.023967,0.00429,33.3327,31.1971,29.8025
S03,233,0.068305,0.000302,33.3667,0.023971,0.004288,33.3667,31.1942,29.8046
S03,234,0.068607,0.000302,33.4119,0.023995,0.00429,33.4119,31.2221,29.8144
S03,235,0.068909,0.000302,33.3987,0.02403,0.004295,33.3987,31.235,29.8219
S03,236,0.069211,0.000302,33.4016,0.024009,0.004287,33.4016,31.2624,29.8311
S03,237,0.069513,0.000302,33.4269,0.024003,0.004283,33.4269,31.2754,29.8244
S03,238,0.069816,0.000302,33.4272,0.024018,0.004283,33.4272,31.2796,29.8434
S03,239,0.070118,0.000302,33.4469,0.02401,0.004278,33.4469,31.2982,29.8544
S03,240,0.070421,0.000303,33.4738,0.02402,0.004277,33.4738,31.329,29.8698
S03,241,0.070724,0.000303,33.4987,0.024037,0.004278,33.4987,31.3446,29.8913
S03,242,0.071027,0.000303,33.4818,0.024052,0.004278,33.4818,31.3719,29.8931
S03,243,0.071329,0.000303,33.5105,0.024027,0.004269,33.5105,31.3831,29.9005
S03,244,0.071632,0.000303,33.5246,0.024045,0.00427,33.5246,31.3608,29.896
S03,245,0.071936,0.000303,33.5267,0.02405,0.004268,33.5267,31.3612,29.8838
S03,246,0.072239,0.000303,33.5551,0.024043,0.004263,33.5551,31.3647,29.8913
S03,247,0.072542,0.000303,33.5967,0.024061,0.004264,33.5967,31.3677,29.8958
S03,248,0.072846,0.000304,33.6371,0.024092,0.004267,33.6371,31.3786,29.8983
S03,249,0.07315,0.000304,33.6121,0.024122,0.00427,33.6121,31.4058,29.9021
S03,250,0.073453,0.000304,33.6025,0.024089,0.00426,33.6025,31.4276,29.9041
S03,251,0.073757,0.000304,33.618,0.02407,0.004253,33.618,31.4342,29.9176
S03,252,0.074061,0.000304,33.6483,0.024076,0.004251,33.6483,31.4428,29.9239
S03,253,0.074365,0.000304,33.6961,0.024096,0.004252,33.6961,31.4579,29.9255
S03,254,0.074669,0.000304,33.7411,0.024133,0.004256,33.7411,31.4651,29.9324
S03,255,0.074974,0.000305,33.7339,0.024167,0.00426,33.7339,31.47,29.933
S03,256,0.075279,0.000305,33.7618,0.024151,0.004253,33.7618,31.4941,29.9348
S03,257,0.075583,0.000305,33.7937,0.024169,0.004254,33.7937,31.507,29.9481
S03,258,0.075888,0.000305,33.795,0.02419,0.004255,33.795,31.5235,29.9529
S03,259,0.076194,0.000305,33.8147,0.024182,0.00425,33.8147,31.5622,29.9624
S03,260,0.076499,0.000305,33.86,0.024192,0.004248,33.86,31.5869,29.9538
S03,261,0.076804,0.000306,33.8855,0.024226,0.004252,33.8855,31.6116,29.9451
S03,262,0.07711,0.000306,33.8869,0.024242,0.004252,33.8869,31.6599,29.9532
S03,263,0.077416,0.000306,33.8958,0.024234,0.004247,33.8958,31.674,29.9519
S03,264,0.077722,0.000306,33.9156,0.024233,0.004243,33.9156,31.6901,29.9564
S03,265,0.078028,0.000306,33.9617,0.024243,0.004242,33.9617,31.7212,29.9742
S03,266,0.078334,0.000306,33.9641,0.024278,0.004246,33.9641,31.7298,29.9682
S03,267,0.07864,0.000306,33.9898,0.024271,0.004241,33.9898,31.739,29.9701
S03,268,0.078947,0.000306,33.9939,0.024286,0.004241,33.9939,31.7552,29.9791
S03,269,0.079253,0.000307,33.9885,0.024281,0.004236,33.9885,31.7842,29.9883
S03,270,0.07956,0.000306,33.9789,0.024266,0.00423,33.9789,31.8061,29.9873
S03,271,0.079866,0.000306,34.0329,0.024247,0.004222,34.0329,31.8332,30.0005
S03,272,0.080173,0.000307,34.0974,0.02429,0.004227,34.0974,31.8382,30.0112
S03,273,0.08048,0.000307,34.11,0.024343,0.004235,34.11,31.8433,30.0061
S03,274,0.080787,0.000307,34.1501,0.024346,0.004232,34.1501,31.855,30.0042
S03,275,0.081095,0.000308,34.1574,0.024375,0.004234,34.1574,31.9003,30.0124
S03,276,0.081403,0.000308,34.161,0.024372,0.00423,34.161,31.9119,30.0322
S03,277,0.081711,0.000308,34.1765,0.024366,0.004226,34.1765,31.9239,30.0393
S03,278,0.082018,0.000308,34.1836,0.024372,0.004223,34.1836,31.9351,30.061
S03,279,0.082326,0.000308,34.1968,0.024369,0.004219,34.1968,31.948,30.0397
S03,280,0.082634,0.000308,34.2283,0.024372,0.004216,34.2283,31.9743,30.0408
S03,281,0.082942,0.000308,34.2552,0.024393,0.004217,34.2552,31.9772,30.0519
S03,282,0.083251,0.000308,34.2798,0.024409,0.004217,34.2798,31.9688,30.0705
S03,283,0.083559,0.000309,34.3236,0.024424,0.004216,34.3236,31.9816,30.0673
S03,284,0.083868,0.000309,34.3408,0.024457,0.004219,34.3408,31.9943,30.0845
S03,285,0.084177,0.000309,34.3571,0.024464,0.004217,34.3571,32.0073,30.1023
S03,286,0.084487,0.000309,34.3879,0.02447,0.004214,34.3879,32.0228,30.1034
S03,287,0.084796,0.000309,34.3904,0.02449,0.004215,34.3904,32.0305,30.1033
S03,288,0.085105,0.000309,34.4008,0.024482,0.00421,34.4008,32.0568,30.108
S03,289,0.085415,0.000309,34.4137,0.024483,0.004206,34.4137,32.0508,30.1266
S03,290,0.085724,0.00031,34.4242,0.024485,0.004203,34.4242,32.0718,30.1398
S03,291,0.086034,0.00031,34.4291,0.024486,0.004199,34.4291,32.0913,30.1331
S03,292,0.086344,0.00031,34.4333,0.024481,0.004195,34.4333,32.1208,30.1321
S03,293,0.086653,0.00031,34.4601,0.024475,0.00419,34.4601,32.1355,30.1326
S03,294,0.086963,0.00031,34.5079,0.024491,0.004189,34.5079,32.1489,30.1487
S03,295,0.087274,0.00031,34.5676,0.024528,0.004193,34.5676,32.1487,30.1562
S03,296,0.087584,0.000311,34.6041,0.024576,0.004199,34.6041,32.1628,30.1763
S03,297,0.087895,0.000311,34.6348,0.024602,0.004201,34.6348,32.1802,30.1894
S03,298,0.088206,0.000311,34.6366,0.024622,0.004201,34.6366,32.1795,30.1792
S03,299,0.088518,0.000311,34.6599,0.024614,0.004196,34.6599,32.1845,30.201
S03,300,0.088829,0.000311,34.6531,0.024627,0.004194,34.6531,32.1817,30.1887
S03,301,0.08914,0.000311,34.699,0.02461,0.004187,34.699,32.1974,30.2024
S03,302,0.089452,0.000312,34.6915,0.024645,0.00419,34.6915,32.228,30.1954
S03,303,0.089764,0.000312,34.7081,0.024627,0.004183,34.7081,32.2384,30.2141
S03,304,0.090075,0.000312,34.7024,0.024634,0.004181,34.7024,32.2489,30.219
S03,305,0.090387,0.000312,34.7183,0.024618,0.004173,34.7183,32.2638,30.2345
S03,306,0.090699,0.000312,34.7548,0.024623,0.004171,34.7548,32.2755,30.2413
S03,307,0.091011,0.000312,34.7758,0.024649,0.004172,34.7758,32.2946,30.2486
S03,308,0.091323,0.000312,34.8043,0.024659,0.00417,34.8043,32.3128,30.2652
S03,309,0.091636,0.000312,34.8096,0.024677,0.00417,34.8096,32.3301,30.2679
S03,310,0.091948,0.000312,34.7916,0.024672,0.004165,34.7916,32.338,30.278
S03,311,0.09226,0.000312,34.7992,0.024644,0.004156,34.7992,32.343,30.2932
S03,312,0.092573,0.000312,34.8416,0.024642,0.004151,34.8416,32.365,30.3086
S03,313,0.092886,0.000313,34.8329,0.024673,0.004154,34.8329,32.3855,30.3337
S03,314,0.093198,0.000313,34.8773,0.024654,0.004146,34.8773,32.4017,30.3541
S03,315,0.093511,0.000313,34.8905,0.024688,0.004149,34.8905,32.4135,30.3673
S03,316,0.093824,0.000313,34.9173,0.02469,0.004146,34.9173,32.4227,30.374
S03,317,0.094138,0.000313,34.9569,0.024707,0.004145,34.9569,32.4334,30.3841
S03,318,0.094451,0.000314,34.9817,0.024735,0.004147,34.9817,32.4588,30.3921
S03,319,0.094765,0.000314,35.0058,0.02475,0.004146,35.0058,32.4865,30.3961
S03,320,0.095079,0.000314,35.0112,0.024763,0.004144,35.0112,32.488,30.4122
S03,321,0.095393,0.000314,35.02,0.024758,0.004139,35.02,32.498,30.403
S03,322,0.095707,0.000314,35.0294,0.024756,0.004135,35.0294,32.5039,30.4085
S03,323,0.096021,0.000314,35.0405,0.024755,0.004131,35.0405,32.5196,30.4334
S03,324,0.096335,0.000314,35.0368,0.024756,0.004127,35.0368,32.5342,30.4365
S03,325,0.096649,0.000314,35.049,0.024742,0.00412,35.049,32.5512,30.4541
S03,326,0.096964,0.000314,35.0695,0.024743,0.004117,35.0695,32.569,30.4697
S03,327,0.097278,0.000314,35.0912,0.024753,0.004115,35.0912,32.5805,30.4787
S03,328,0.097592,0.000315,35.1128,0.024764,0.004113,35.1128,32.5807,30.4955
S03,329,0.097907,0.000315,35.1355,0.024775,0.004111,35.1355,32.604,30.5071
S03,330,0.098222,0.000315,35.1308,0.024787,0.004109,35.1308,32.6136,30.5164
S03,331,0.098537,0.000315,35.1264,0.024772,0.004102,35.1264,32.6415,30.5142
S03,332,0.098852,0.000315,35.1783,0.024757,0.004095,35.1783,32.6606,30.5294
S03,333,0.099167,0.000315,35.1748,0.024798,0.004099,35.1748,32.6739,30.5356
S03,334,0.099482,0.000315,35.2219,0.024784,0.004093,35.2219,32.71,30.5633
S03,335,0.099798,0.000316,35.1947,0.02482,0.004096,35.1947,32.7269,30.5612
S03,336,0.100113,0.000315,35.214,0.024783,0.004084,35.214,32.7392,30.5555
S03,337,0.100428,0.000315,35.2117,0.024792,0.004082,35.2117,32.7619,30.5646
S03,338,0.100744,0.000315,35.2203,0.024779,0.004075,35.2203,32.7793,30.5646
S03,339,0.101059,0.000316,35.253,0.024777,0.004071,35.253,32.7922,30.5854
S03,340,0.101375,0.000316,35.2351,0.024799,0.004071,35.2351,32.8117,30.5917
S03,341,0.101691,0.000316,35.2291,0.02477,0.004061,35.2291,32.8182,30.6027
S03,342,0.102006,0.000316,35.2614,0.024754,0.004054,35.2614,32.8301,30.6113
S03,343,0.102322,0.000316,35.2726,0.024775,0.004054,35.2726,32.8413,30.6402
S03,344,0.102638,0.000316,35.3072,0.024776,0.00405,35.3072,32.8727,30.6468
S03,345,0.102954,0.000316,35.3356,0.024799,0.004051,35.3356,32.8878,30.6674
S03,346,0.103271,0.000316,35.3614,0.024817,0.00405,35.3614,32.9198,30.6797
S03,347,0.103587,0.000317,35.3747,0.024832,0.004049,35.3747,32.9265,30.6844
S03,348,0.103904,0.000317,35.4099,0.024835,0.004045,35.4099,32.9379,30.6955
S03,349,0.104221,0.000317,35.4453,0.024859,0.004046,35.4453,32.9664,30.6954
S03,350,0.104538,0.000317,35.4601,0.024884,0.004047,35.4601,32.9704,30.7071
S03,351,0.104855,0.000317,35.4786,0.024888,0.004043,35.4786,32.9882,30.7048
S03,352,0.105173,0.000317,35.4893,0.024896,0.004041,35.4893,32.9876,30.7206
S03,353,0.10549,0.000318,35.4984,0.024896,0.004037,35.4984,32.9969,30.7331
S03,354,0.105808,0.000318,35.5303,0.024894,0.004032,35.5303,33.0074,30.7429
S03,355,0.106126,0.000318,35.5543,0.024915,0.004032,35.5543,33.0201,30.7433
S03,356,0.106444,0.000318,35.5591,0.024929,0.004031,35.5591,33.0428,30.7546
S03,357,0.106762,0.000318,35.5552,0.024923,0.004025,35.5552,33.0532,30.7703
S03,358,0.10708,0.000318,35.5732,0.024908,0.004018,35.5732,33.0606,30.7681
S03,359,0.107398,0.000318,35.5941,0.024916,0.004016,35.5941,33.0917,30.7756
S03,360,0.107716,0.000318,35.5952,0.024926,0.004013,35.5952,33.0981,30.7942
S03,361,0.108034,0.000318,35.5744,0.024916,0.004007,35.5744,33.1078,30.8022
S03,362,0.108353,0.000318,35.5792,0.024885,0.003997,35.5792,33.1418,30.813
S03,363,0.108671,0.000318,35.5987,0.024879,0.003991,35.5987,33.1659,30.8214
S03,364,0.108989,0.000318,35.5828,0.024888,0.003989,35.5828,33.1823,30.8257
S03,365,0.109307,0.000318,35.5885,0.024861,0.003979,35.5885,33.2082,30.8264
S03,366,0.109625,0.000318,35.6059,0.024856,0.003974,35.6059,33.2221,30.8384
S03,367,0.109944,0.000318,35.6624,0.024863,0.003971,35.6624,33.2278,30.847
S03,368,0.110263,0.000319,35.7004,0.024908,0.003976,35.7004,33.2427,30.8493
S03,369,0.110582,0.000319,35.7084,0.024936,0.003977,35.7084,33.2681,30.8465
S03,370,0.110901,0.000319,35.7582,0.024933,0.003973,35.7582,33.3001,30.857
S03,371,0.11122,0.00032,35.783,0.024972,0.003976,35.783,33.3193,30.8636
S03,372,0.11154,0.00032,35.8073,0.024986,0.003975,35.8073,33.3141,30.8573
S03,373,0.11186,0.00032,35.8072,0.025,0.003973,35.8072,33.322,30.8717
S03,374,0.11218,0.00032,35.8282,0.024989,0.003967,35.8282,33.3443,30.8812
S03,375,0.1125,0.00032,35.8456,0.025,0.003965,35.8456,33.3633,30.8831
S03,376,0.11282,0.00032,35.8459,0.025006,0.003962,35.8459,33.372,30.8793
S03,377,0.11314,0.00032,35.853,0.024996,0.003955,35.853,33.3842,30.879
S03,378,0.113461,0.00032,35.8535,0.024992,0.00395,35.8535,33.3928,30.899
S03,379,0.113781,0.00032,35.8956,0.024982,0.003944,35.8956,33.3996,30.9187
S03,380,0.114101,0.000321,35.9112,0.025014,0.003946,35.9112,33.4044,30.9257
S03,381,0.114422,0.000321,35.9144,0.025019,0.003943,35.9144,33.4116,30.9218
S03,382,0.114743,0.000321,35.9333,0.025011,0.003937,35.9333,33.4112,30.9246
S03,383,0.115064,0.000321,35.9593,0.025019,0.003934,35.9593,33.442,30.9323
S03,384,0.115385,0.000321,35.9767,0.025035,0.003933,35.9767,33.4629,30.9396
S03,385,0.115706,0.000321,36.0168,0.025041,0.00393,36.0168,33.4555,30.9514
S03,386,0.116027,0.000321,36.0157,0.025071,0.003932,36.0157,33.4708,30.9722
S03,387,0.116349,0.000321,36.0312,0.025059,0.003925,36.0312,33.4804,30.9814
S03,388,0.11667,0.000322,36.0374,0.025064,0.003922,36.0374,33.4949,30.9861
S03,389,0.116992,0.000322,36.0376,0.02506,0.003916,36.0376,33.4954,30.9997
S03,390,0.117314,0.000322,36.0456,0.025049,0.00391,36.0456,33.4965,30.9962
S03,391,0.117635,0.000322,36.0608,0.025047,0.003905,36.0608,33.5015,31.0058
S03,392,0.117957,0.000322,36.0951,0.025051,0.003902,36.0951,33.5448,31.0172
S03,393,0.118279,0.000322,36.1386,0.025075,0.003902,36.1386,33.5438,31.0193
S03,394,0.118602,0.000322,36.1562,0.025108,0.003904,36.1562,33.5617,31.013
S03,395,0.118924,0.000323,36.1897,0.025115,0.003902,36.1897,33.5807,31.0247
S03,396,0.119247,0.000323,36.2129,0.025138,0.003902,36.2129,33.5899,31.0424
S03,397,0.11957,0.000323,36.2309,0.025151,0.0039,36.2309,33.6007,31.0558
S03,398,0.119893,0.000323,36.2256,0.025159,0.003897,36.2256,33.6107,31.0602
S03,399,0.120216,0.000323,36.2442,0.025142,0.00389,36.2442,33.6214,31.0706
S03,400,0.120539,0.000323,36.2336,0.025151,0.003887,36.2336,33.6239,31.0832
S03,401,0.120863,0.000323,36.2476,0.025129,0.003878,36.2476,33.6309,31.0942
S03,402,0.121186,0.000323,36.2684,0.025133,0.003875,36.2684,33.6545,31.107
S03,403,0.121509,0.000323,36.2698,0.025143,0.003872,36.2698,33.6694,31.1257
S03,404,0.121833,0.000323,36.2962,0.025134,0.003866,36.2962,33.6781,31.1458
S03,405,0.122156,0.000324,36.2985,0.02515,0.003865,36.2985,33.6908,31.1378
S03,406,0.12248,0.000324,36.3156,0.025141,0.003859,36.3156,33.7082,31.1448
S03,407,0.122804,0.000324,36.3309,0.025148,0.003856,36.3309,33.7159,31.1586
S03,408,0.123127,0.000324,36.3365,0.025153,0.003853,36.3365,33.7357,31.1716
S03,409,0.123451,0.000324,36.3538,0.025148,0.003847,36.3538,33.7533,31.1836
S03,410,0.123775,0.000324,36.3672,0.025155,0.003844,36.3672,33.7541,31.2083
S03,411,0.124099,0.000324,36.4263,0.025158,0.003841,36.4263,33.7722,31.2112
S03,412,0.124424,0.000325,36.4484,0.025207,0.003846,36.4484,33.7755,31.2265
S03,413,0.124749,0.000325,36.4967,0.025219,0.003844,36.4967,33.7964,31.2419
S03,414,0.125074,0.000325,36.4786,0.025257,0.003847,36.4786,33.8095,31.2402
S03,415,0.125399,0.000325,36.5284,0.025228,0.003837,36.5284,33.8251,31.2479
S03,416,0.125724,0.000325,36.5573,0.025268,0.003841,36.5573,33.8517,31.2647
S03,417,0.12605,0.000326,36.5628,0.025287,0.00384,36.5628,33.8719,31.2808
S03,418,0.126376,0.000326,36.5765,0.025282,0.003835,36.5765,33.8954,31.285
S03,419,0.126701,0.000326,36.6068,0.025285,0.003831,36.6068,33.9231,31.3005
S03,420,0.127027,0.000326,36.6103,0.025306,0.003831,36.6103,33.9447,31.3202
S03,421,0.127353,0.000326,36.6442,0.025299,0.003825,36.6442,33.9533,31.3316
S03,422,0.12768,0.000326,36.6663,0.025322,0.003825,36.6663,33.9997,31.3501
S03,423,0.128006,0.000326,36.6831,0.025334,0.003823,36.6831,34.0284,31.3603
S03,424,0.128333,0.000327,36.7044,0.025341,0.00382,36.7044,34.0613,31.3849
S03,425,0.128659,0.000327,36.7321,0.025352,0.003818,36.7321,34.0719,31.369
S03,426,0.128986,0.000327,36.756,0.02537,0.003817,36.756,34.0807,31.3917
S03,427,0.129313,0.000327,36.7993,0.025384,0.003816,36.7993,34.0865,31.3916
S03,428,0.129641,0.000327,36.8124,0.025417,0.003818,36.8124,34.1053,31.4126
S03,429,0.129969,0.000328,36.8082,0.02542,0.003814,36.8082,34.1024,31.4212
S03,430,0.130296,0.000328,36.8181,0.025406,0.003807,36.8181,34.118,31.4461
S03,431,0.130624,0.000328,36.8271,0.025405,0.003803,36.8271,34.1443,31.455
S03,432,0.130951,0.000328,36.8552,0.025404,0.003798,36.8552,34.1691,31.4651
S03,433,0.131279,0.000328,36.8432,0.025422,0.003797,36.8432,34.1756,31.4742
S03,434,0.131607,0.000328,36.8322,0.025399,0.003789,36.8322,34.1784,31.4797
S03,435,0.131935,0.000328,36.8306,0.025378,0.00378,36.8306,34.2011,31.4972
S03,436,0.132262,0.000328,36.7993,0.025366,0.003773,36.7993,34.2221,31.5006
S03,437,0.13259,0.000327,36.8131,0.025323,0.003761,36.8131,34.2508,31.5128
S03,438,0.132917,0.000328,36.8258,0.025327,0.003757,36.8258,34.2579,31.525
S03,439,0.133245,0.000328,36.8552,0.02533,0.003753,36.8552,34.2816,31.5315
S03,440,0.133573,0.000328,36.9119,0.025349,0.003753,36.9119,34.2967,31.5604
S03,441,0.133901,0.000328,36.9331,0.025397,0.003758,36.9331,34.3294,31.588
S03,442,0.13423,0.000328,36.9373,0.025408,0.003756,36.9373,34.3443,31.598
S03,443,0.134558,0.000329,36.9714,0.025402,0.00375,36.9714,34.3523,31.5986
S03,444,0.134887,0.000329,37.0503,0.025427,0.003751,37.0503,34.3767,31.6222
S03,445,0.135217,0.000329,37.075,0.025497,0.00376,37.075,34.3974,31.6419
S03,446,0.135546,0.00033,37.1019,0.025512,0.003759,37.1019,34.4128,31.6514
S03,447,0.135876,0.00033,37.1505,0.02553,0.003758,37.1505,34.4237,31.6703
S03,448,0.136206,0.00033,37.1734,0.02557,0.003761,37.1734,34.4392,31.6909
S03,449,0.136537,0.00033,37.1857,0.025583,0.00376,37.1857,34.4359,31.7114
S03,450,0.136867,0.00033,37.2096,0.025585,0.003756,37.2096,34.4572,31.7343
S03,451,0.137198,0.000331,37.2279,0.0256,0.003754,37.2279,34.4873,31.7435
S03,452,0.137528,0.000331,37.2913,0.025608,0.003752,37.2913,34.4928,31.7546
S03,453,0.13786,0.000331,37.3046,0.025663,0.003758,37.3046,34.4973,31.7557
S03,454,0.138191,0.000331,37.3229,0.025667,0.003754,37.3229,34.4966,31.7658
S03,455,0.138523,0.000332,37.3549,0.025676,0.003752,37.3549,34.5019,31.768
S03,456,0.138854,0.000332,37.3428,0.025698,0.003752,37.3428,34.5132,31.7761
S03,457,0.139186,0.000332,37.3428,0.025676,0.003743,37.3428,34.5218,31.7874
S03,458,0.139518,0.000332,37.3663,0.025666,0.003737,37.3663,34.5258,31.792
S03,459,0.13985,0.000332,37.3686,0.02568,0.003735,37.3686,34.5257,31.8012
S03,460,0.140182,0.000332,37.3931,0.025672,0.00373,37.3931,34.5441,31.8024
S03,461,0.140514,0.000332,37.431,0.025687,0.003728,37.431,34.5685,31.8054
S03,462,0.140846,0.000332,37.441,0.025716,0.00373,37.441,34.5932,31.8106
S03,463,0.141179,0.000332,37.48,0.025717,0.003726,37.48,34.6246,31.8202
S03,464,0.141511,0.000333,37.498,0.025747,0.003727,37.498,34.6413,31.8436
S03,465,0.141844,0.000333,37.5321,0.025756,0.003725,37.5321,34.6478,31.8407
S03,466,0.142177,0.000333,37.5368,0.025781,0.003725,37.5368,34.6611,31.8412
S03,467,0.142511,0.000333,37.5712,0.025776,0.00372,37.5712,34.6786,31.8608
S03,468,0.142844,0.000333,37.6082,0.025802,0.003721,37.6082,34.6865,31.8913
S03,469,0.143178,0.000334,37.6573,0.02583,0.003722,37.6573,34.7017,31.8934
S03,470,0.143512,0.000334,37.6586,0.025871,0.003726,37.6586,34.7238,31.8987
S03,471,0.143846,0.000334,37.6818,0.025863,0.00372,37.6818,34.7584,31.9086
S03,472,0.144181,0.000334,37.6922,0.025877,0.003718,37.6922,34.7795,31.9223
S03,473,0.144515,0.000334,37.6893,0.025878,0.003714,37.6893,34.7786,31.9309
S03,474,0.14485,0.000334,37.698,0.025865,0.003708,37.698,34.7902,31.9417
S03,475,0.145184,0.000334,37.7241,0.025864,0.003703,37.7241,34.7985,31.9595
S03,476,0.145519,0.000335,37.7244,0.025881,0.003702,37.7244,34.8135,31.9722
S03,477,0.145853,0.000335,37.7563,0.025872,0.003696,37.7563,34.8427,31.9872
S03,478,0.146188,0.000335,37.7727,0.025895,0.003697,37.7727,34.8637,32.0019
S03,479,0.146524,0.000335,37.7774,0.025902,0.003694,37.7774,34.8805,32.0097
S03,480,0.146859,0.000335,37.8006,0.025898,0.003689,37.8006,34.8809,32.0065
S03,481,0.147194,0.000335,37.7747,0.025912,0.003687,37.7747,34.9055,32.0134
S03,482,0.147529,0.000335,37.792,0.025875,0.003676,37.792,34.9029,32.0297
S03,483,0.147864,0.000335,37.8142,0.025884,0.003673,37.8142,34.933,32.0557
S03,484,0.1482,0.000335,37.8399,0.025897,0.003672,37.8399,34.9511,32.0699
S03,485,0.148535,0.000336,37.8558,0.025914,0.003671,37.8558,34.9651,32.0809
S03,486,0.148871,0.000336,37.8778,0.025921,0.003668,37.8778,34.9745,32.0887
S03,487,0.149207,0.000336,37.9324,0.025935,0.003667,37.9324,34.9865,32.0957
S03,488,0.149543,0.000336,37.9591,0.025982,0.003672,37.9591,34.9947,32.1028
S03,489,0.14988,0.000337,37.9479,0.026,0.003671,37.9479,35.011,32.1044
S03,490,0.150216,0.000336,37.9245,0.025979,0.003663,37.9245,35.0316,32.1227
S03,491,0.150553,0.000336,37.9376,0.025945,0.003652,37.9376,35.0667,32.1168
S03,492,0.150889,0.000336,37.9242,0.025949,0.003649,37.9242,35.084,32.1373
S03,493,0.151225,0.000336,37.9389,0.025926,0.00364,37.9389,35.096,32.1376
S03,494,0.151562,0.000336,37.993,0.025932,0.003637,37.993,35.1069,32.1552
S03,495,0.151898,0.000337,38.0152,0.025979,0.003642,38.0152,35.1094,32.1748
S03,496,0.152235,0.000337,38.0199,0.025993,0.003641,38.0199,35.1303,32.1913
S03,497,0.152572,0.000337,38.0337,0.025988,0.003636,38.0337,35.1643,32.2165
S03,498,0.15291,0.000337,38.0502,0.025993,0.003633,38.0502,35.1895,32.2406
S03,499,0.153247,0.000337,38.1045,0.026001,0.00363,38.1045,35.2035,32.2727
S03,500,0.153584,0.000338,38.1047,0.026049,0.003635,38.1047,35.2084,32.2908
S03,501,0.153922,0.000338,38.1035,0.02604,0.003629,38.1035,35.2426,32.2832
S03,502,0.15426,0.000338,38.1216,0.026029,0.003623,38.1216,35.2658,32.2777
S03,503,0.154598,0.000338,38.1609,0.026039,0.003621,38.1609,35.268,32.2925
S03,504,0.154936,0.000338,38.1833,0.026071,0.003623,38.1833,35.2873,32.3124
S03,505,0.155274,0.000338,38.2178,0.026085,0.003622,38.2178,35.296,32.3144
S03,506,0.155613,0.000339,38.2378,0.026113,0.003623,38.2378,35.2963,32.3391
S03,507,0.155952,0.000339,38.252,0.026124,0.003621,38.252,35.3371,32.3563
S03,508,0.15629,0.000339,38.2577,0.02613,0.003618,38.2577,35.3439,32.3806
S03,509,0.156629,0.000339,38.2105,0.026127,0.003614,38.2105,35.356,32.4133
S03,510,0.156968,0.000339,38.2271,0.026068,0.003599,38.2271,35.3796,32.4245
S03,511,0.157307,0.000339,38.2564,0.026077,0.003596,38.2564,35.388,32.4367
S03,512,0.157645,0.000339,38.2997,0.026099,0.003596,38.2997,35.4049,32.4494
S03,513,0.157985,0.000339,38.3425,0.026135,0.003599,38.3425,35.4328,32.463
S03,514,0.158324,0.00034,38.3447,0.026171,0.003602,38.3447,35.4389,32.4766
S03,515,0.158664,0.00034,38.3636,0.026165,0.003597,38.3636,35.4735,32.5201
S03,516,0.159004,0.00034,38.4154,0.026176,0.003595,38.4154,35.4859,32.5288
S03,517,0.159344,0.00034,38.4017,0.026222,0.0036,38.4017,35.5059,32.5431
S03,518,0.159684,0.00034,38.4392,0.026198,0.003592,38.4392,35.5137,32.5577
S03,519,0.160024,0.00034,38.4577,0.026229,0.003593,38.4577,35.5409,32.5548
S03,520,0.160365,0.000341,38.5025,0.02624,0.003592,38.5025,35.5585,32.5658
S03,521,0.160706,0.000341,38.4961,0.026278,0.003595,38.4961,35.5735,32.5802
S03,522,0.161047,0.000341,38.5087,0.026263,0.003588,38.5087,35.5922,32.5798
S03,523,0.161388,0.000341,38.5261,0.026268,0.003585,38.5261,35.5996,32.5722
S03,524,0.161729,0.000341,38.5157,0.026277,0.003583,38.5157,35.6134,32.5872
S03,525,0.16207,0.000341,38.535,0.026258,0.003575,38.535,35.6439,32.6022
S03,526,0.162411,0.000341,38.5543,0.026269,0.003574,38.5543,35.6556,32.6192
S03,527,0.162752,0.000341,38.5708,0.026281,0.003572,38.5708,35.6536,32.6301
S03,528,0.163093,0.000341,38.5885,0.02629,0.00357,38.5885,35.6693,32.6695
S03,529,0.163435,0.000342,38.6194,0.0263,0.003568,38.6194,35.6951,32.6876
S03,530,0.163777,0.000342,38.6288,0.026325,0.003569,38.6288,35.7148,32.702
S03,531,0.164119,0.000342,38.6532,0.026326,0.003565,38.6532,35.7248,32.7171
S03,532,0.164461,0.000342,38.6653,0.026344,0.003565,38.6653,35.7299,32.7184
S03,533,0.164803,0.000342,38.6755,0.026348,0.003562,38.6755,35.7463,32.7168
S03,534,0.165145,0.000342,38.662,0.02635,0.003558,38.662,35.7531,32.7228
S03,535,0.165487,0.000342,38.7107,0.026328,0.00355,38.7107,35.775,32.7115
S03,536,0.16583,0.000343,38.7179,0.026371,0.003555,38.7179,35.7933,32.7337
S03,537,0.166173,0.000343,38.7337,0.02637,0.003551,38.7337,35.8283,32.7384
S03,538,0.166515,0.000343,38.7938,0.026379,0.003549,38.7938,35.842,32.7496
S03,539,0.166859,0.000343,38.82,0.026435,0.003556,38.82,35.8542,32.7506
S03,540,0.167202,0.000343,38.8474,0.026454,0.003555,38.8474,35.8741,32.7787
S03,541,0.167546,0.000344,38.8839,0.026476,0.003556,38.8839,35.8857,32.7966
S03,542,0.16789,0.000344,38.8866,0.026506,0.003558,38.8866,35.8868,32.8059
S03,543,0.168234,0.000344,38.8929,0.026501,0.003553,38.8929,35.897,32.827
S03,544,0.168578,0.000344,38.9094,0.0265,0.003549,38.9094,35.9046,32.8332
S03,545,0.168922,0.000344,38.9317,0.026509,0.003547,38.9317,35.9007,32.849
S03,546,0.169266,0.000344,38.9531,0.026525,0.003546,38.9531,35.9225,32.8733
S03,547,0.169611,0.000345,38.9959,0.02654,0.003546,38.9959,35.9351,32.8955
S03,548,0.169956,0.000345,39.0171,0.026578,0.003549,39.0171,35.9405,32.9063
S03,549,0.170301,0.000345,39.0312,0.026593,0.003548,39.0312,35.9628,32.9094
S03,550,0.170646,0.000345,39.032,0.0266,0.003546,39.032,35.9833,32.9134
S03,551,0.170991,0.000345,39.0402,0.026593,0.003541,39.0402,35.9937,32.9282
S03,552,0.171336,0.000345,39.0619,0.026594,0.003537,39.0619,36.0067,32.9106
S03,553,0.171682,0.000345,39.0929,0.026609,0.003537,39.0929,36.0147,32.9231
S03,554,0.172027,0.000346,39.1001,0.026635,0.003538,39.1001,36.0136,32.9395
S03,555,0.172373,0.000346,39.1066,0.026635,0.003534,39.1066,36.03,32.9517
S03,556,0.172719,0.000346,39.17,0.026634,0.003531,39.17,36.0425,32.9596
S03,557,0.173065,0.000346,39.1737,0.026694,0.003538,39.1737,36.057,32.9735
S03,558,0.173411,0.000346,39.1854,0.026691,0.003534,39.1854,36.0761,32.9842
S03,559,0.173758,0.000346,39.2002,0.026696,0.003531,39.2002,36.0919,33.0202
S03,560,0.174104,0.000347,39.2017,0.026704,0.003529,39.2017,36.1097,33.0219
S03,561,0.174451,0.000347,39.2325,0.026698,0.003525,39.2325,36.1341,33.0319
S03,562,0.174798,0.000347,39.2306,0.026724,0.003526,39.2306,36.159,33.056
S03,563,0.175144,0.000347,39.2161,0.026714,0.003521,39.2161,36.1685,33.0662
S03,564,0.175491,0.000347,39.2331,0.026691,0.003513,39.2331,36.1863,33.0845
S03,565,0.175838,0.000347,39.2449,0.026702,0.003512,39.2449,36.2035,33.1031
S03,566,0.176185,0.000347,39.2572,0.026708,0.003509,39.2572,36.236,33.117
S03,567,0.176532,0.000347,39.2973,0.026714,0.003507,39.2973,36.2577,33.138
S03,568,0.176879,0.000347,39.3199,0.02675,0.00351,39.3199,36.2788,33.1563
S03,569,0.177227,0.000348,39.3336,0.026767,0.00351,39.3336,36.3142,33.1637
S03,570,0.177574,0.000348,39.3808,0.026774,0.003508,39.3808,36.331,33.1872
S03,571,0.177922,0.000348,39.4142,0.026818,0.003512,39.4142,36.3639,33.2311
S03,572,0.17827,0.000348,39.4881,0.026847,0.003514,39.4881,36.381,33.2469
S03,573,0.178619,0.000349,39.4976,0.02692,0.003524,39.4976,36.404,33.2493
S03,574,0.178968,0.000349,39.5298,0.026923,0.003522,39.5298,36.4105,33.279
S03,575,0.179318,0.000349,39.546,0.026951,0.003523,39.546,36.4187,33.288
S03,576,0.179667,0.000349,39.5711,0.026962,0.003522,39.5711,36.4275,33.318
S03,577,0.180016,0.00035,39.6016,0.026982,0.003522,39.6016,36.442,33.319
S03,578,0.180366,0.00035,39.6275,0.027008,0.003524,39.6275,36.4661,33.3397
S03,579,0.180716,0.00035,39.6468,0.02703,0.003525,39.6468,36.477,33.3611
S03,580,0.181067,0.00035,39.6653,0.027044,0.003524,39.6653,36.4868,33.3741
S03,581,0.181417,0.00035,39.6822,0.027057,0.003523,39.6822,36.5017,33.394
S03,582,0.181767,0.000351,39.6501,0.027069,0.003522,39.6501,36.5283,33.4022
S03,583,0.182118,0.00035,39.6596,0.027027,0.003511,39.6596,36.5431,33.4177
S03,584,0.182468,0.00035,39.6549,0.027031,0.003508,39.6549,36.5605,33.44
S03,585,0.182818,0.00035,39.6901,0.027019,0.003503,39.6901,36.5685,33.4442
S03,586,0.183169,0.000351,39.6804,0.027051,0.003506,39.6804,36.5727,33.4649
S03,587,0.183519,0.00035,39.7186,0.027034,0.003499,39.7186,36.5791,33.4961
S03,588,0.18387,0.000351,39.7653,0.027069,0.003502,39.7653,36.604,33.5042
S03,589,0.184221,0.000351,39.7748,0.027113,0.003507,39.7748,36.6311,33.5221
S03,590,0.184573,0.000351,39.7653,0.027117,0.003505,39.7653,36.6522,33.5367
S03,591,0.184924,0.000351,39.8131,0.0271,0.003499,39.8131,36.6626,33.5458
S03,592,0.185275,0.000352,39.8295,0.027146,0.003504,39.8295,36.6797,33.5523
S03,593,0.185627,0.000352,39.8766,0.027158,0.003503,39.8766,36.6902,33.5596
S03,594,0.185979,0.000352,39.8772,0.027203,0.003508,39.8772,36.7065,33.5826
S03,595,0.186331,0.000352,39.9009,0.027198,0.003504,39.9009,36.733,33.6011
S03,596,0.186683,0.000352,39.9174,0.027217,0.003504,39.9174,36.7341,33.6156
S03,597,0.187036,0.000352,39.9367,0.027229,0.003504,39.9367,36.7508,33.6235
S03,598,0.187389,0.000353,39.9523,0.027244,0.003503,39.9523,36.7628,33.6281
S03,599,0.187741,0.000353,39.9596,0.027255,0.003502,39.9596,36.7841,33.6577
S03,600,0.188094,0.000353,39.9923,0.027257,0.0035,39.9923,36.7844,33.6716
S03,601,0.188447,0.000353,40.023,0.027287,0.003502,40.023,36.8123,33.6785
S03,602,0.1888,0.000353,40.0122,0.027315,0.003504,40.0122,36.84,33.6868
S03,603,0.189154,0.000353,40.0698,0.027297,0.003498,40.0698,36.848,33.7195
S03,604,0.189507,0.000354,40.0666,0.027355,0.003505,40.0666,36.8869,33.7347
S03,605,0.189861,0.000354,40.1072,0.027345,0.003501,40.1072,36.9127,33.7591
S03,606,0.190215,0.000354,40.1359,0.027384,0.003505,40.1359,36.9414,33.7614
S03,607,0.190569,0.000354,40.1564,0.02741,0.003506,40.1564,36.9493,33.7746
S03,608,0.190924,0.000354,40.1834,0.027427,0.003506,40.1834,36.9687,33.7992
S03,609,0.191278,0.000355,40.2227,0.027451,0.003508,40.2227,36.9957,33.8227
S03,610,0.191633,0.000355,40.2751,0.027489,0.003512,40.2751,37.0086,33.8329
S03,611,0.191989,0.000355,40.2988,0.027541,0.003518,40.2988,37.0198,33.8417
S03,612,0.192345,0.000356,40.2902,0.027562,0.003519,40.2902,37.0282,33.8688
S03,613,0.1927,0.000356,40.307,0.027547,0.003514,40.307,37.0295,33.8845
S03,614,0.193056,0.000356,40.3207,0.02756,0.003513,40.3207,37.0303,33.8897
S03,615,0.193412,0.000356,40.3359,0.02757,0.003512,40.3359,37.0526,33.8966
S03,616,0.193768,0.000356,40.3793,0.027581,0.003511,40.3793,37.0705,33.933
S03,617,0.194124,0.000356,40.4199,0.027624,0.003516,40.4199,37.1058,33.9591
S03,618,0.194481,0.000357,40.4168,0.027664,0.003521,40.4168,37.139,33.9989
S03,619,0.194837,0.000357,40.4734,0.027655,0.003516,40.4734,37.1632,34.0017
S03,620,0.195194,0.000357,40.5179,0.027713,0.003524,40.5179,37.1792,34.0177
S03,621,0.195552,0.000357,40.558,0.027758,0.003529,40.558,37.2117,34.0229
S03,622,0.19591,0.000358,40.5991,0.027797,0.003534,40.5991,37.2379,34.0335
S03,623,0.196268,0.000358,40.6147,0.027838,0.003538,40.6147,37.2626,34.0642
S03,624,0.196626,0.000358,40.6289,0.027851,0.003538,40.6289,37.2925,34.0694
S03,625,0.196984,0.000358,40.6402,0.027862,0.003537,40.6402,37.3128,34.0817
S03,626,0.197343,0.000359,40.6591,0.027869,0.003536,40.6591,37.3258,34.0888
S03,627,0.197702,0.000359,40.6721,0.027885,0.003536,40.6721,37.3528,34.1057
S03,628,0.19806,0.000359,40.7089,0.027895,0.003535,40.7089,37.3846,34.1185
S03,629,0.19842,0.000359,40.7172,0.027932,0.003539,40.7172,37.3975,34.1481
S03,630,0.198779,0.000359,40.7561,0.027936,0.003537,40.7561,37.4332,34.1731
S03,631,0.199138,0.00036,40.7748,0.027975,0.003541,40.7748,37.4587,34.1879
S03,632,0.199498,0.00036,40.8404,0.027991,0.003542,40.8404,37.4852,34.2174
S03,633,0.199858,0.00036,40.8647,0.028061,0.003551,40.8647,37.5191,34.2338
S03,634,0.200219,0.00036,40.8743,0.028083,0.003553,40.8743,37.553,34.2407
S03,635,0.200579,0.000361,40.8909,0.02809,0.003551,40.8909,37.5814,34.2587
S03,636,0.20094,0.000361,40.905,0.028104,0.003551,40.905,37.6026,34.286
S03,637,0.201301,0.000361,40.9131,0.028115,0.003551,40.9131,37.5977,34.3104
S03,638,0.201661,0.000361,40.9249,0.02812,0.003549,40.9249,37.6151,34.3318
S03,639,0.202022,0.000361,40.938,0.028129,0.003548,40.938,37.6333,34.3568
S03,640,0.202383,0.000361,40.9727,0.028139,0.003548,40.9727,37.6532,34.3621
S03,641,0.202745,0.000361,40.9753,0.028174,0.003552,40.9753,37.6828,34.3816
S03,642,0.203106,0.000361,40.9779,0.028173,0.003549,40.9779,37.7054,34.3742
S03,643,0.203467,0.000361,41.0126,0.028172,0.003546,41.0126,37.7283,34.3805
S03,644,0.203829,0.000362,41.0565,0.028207,0.00355,41.0565,37.7522,34.3908
S03,645,0.204191,0.000362,41.0708,0.028253,0.003556,41.0708,37.7692,34.4125
S03,646,0.204553,0.000362,41.1043,0.028265,0.003556,41.1043,37.7848,34.4138
S03,647,0.204916,0.000362,41.1207,0.028299,0.003559,41.1207,37.8085,34.4191
S03,648,0.205278,0.000363,41.1259,0.028313,0.003559,41.1259,37.8265,34.4357
S03,649,0.205641,0.000363,41.1594,0.028315,0.003557,41.1594,37.8571,34.4309
S03,650,0.206004,0.000363,41.2005,0.02835,0.003561,41.2005,37.8806,34.439
S03,651,0.206367,0.000363,41.2377,0.028393,0.003566,41.2377,37.8802,34.4339
S03,652,0.206731,0.000364,41.2975,0.028431,0.003571,41.2975,37.8872,34.4496
S03,653,0.207095,0.000364,41.2958,0.028496,0.00358,41.2958,37.9025,34.4526
S03,654,0.207459,0.000364,41.3363,0.02849,0.003577,41.3363,37.9024,34.4657
S03,655,0.207824,0.000364,41.3359,0.028533,0.003582,41.3359,37.9118,34.4869
S03,656,0.208188,0.000364,41.3374,0.028529,0.003579,41.3374,37.9305,34.5048
S03,657,0.208553,0.000364,41.3589,0.028527,0.003577,41.3589,37.957,34.5286
S03,658,0.208917,0.000365,41.3842,0.028548,0.003578,41.3842,37.9738,34.5412
S03,659,0.209282,0.000365,41.396,0.028574,0.00358,41.396,38.0036,34.5475
S03,660,0.209647,0.000365,41.4231,0.028584,0.00358,41.4231,38.0302,34.5539
S03,661,0.210012,0.000365,41.4126,0.028612,0.003583,41.4126,38.0584,34.5684
S03,662,0.210377,0.000365,41.4309,0.028596,0.003578,41.4309,38.078,34.5837
S03,663,0.210743,0.000365,41.459,0.028614,0.003579,41.459,38.0968,34.591
S03,664,0.211108,0.000366,41.4894,0.028643,0.003582,41.4894,38.1237,34.5982
S03,665,0.211474,0.000366,41.4713,0.028675,0.003586,41.4713,38.1538,34.6207
S03,666,0.21184,0.000366,41.5073,0.028651,0.003579,41.5073,38.1691,34.6462
S03,667,0.212206,0.000366,41.5369,0.028689,0.003584,41.5369,38.1858,34.6527
S03,668,0.212572,0.000366,41.591,0.02872,0.003587,41.591,38.2077,34.6665
S03,669,0.212938,0.000367,41.593,0.02878,0.003596,41.593,38.2353,34.6785
S03,670,0.213305,0.000367,41.6489,0.028779,0.003594,41.6489,38.2573,34.6977
S03,671,0.213672,0.000367,41.6534,0.028841,0.003602,41.6534,38.2655,34.7024
S03,672,0.214039,0.000367,41.6641,0.028843,0.003601,41.6641,38.2724,34.7055
S03,673,0.214407,0.000367,41.6586,0.028853,0.003601,41.6586,38.2965,34.7275
S03,674,0.214774,0.000367,41.6635,0.028844,0.003597,41.6635,38.3311,34.7458
S03,675,0.215141,0.000367,41.6856,0.028847,0.003596,41.6856,38.3536,34.7774
S03,676,0.215509,0.000367,41.7202,0.02887,0.003598,41.7202,38.3847,34.8218
S03,677,0.215877,0.000368,41.7366,0.028907,0.003602,41.7366,38.4026,34.8406
S03,678,0.216244,0.000368,41.7385,0.028923,0.003604,41.7385,38.416,34.8465
S03,679,0.216612,0.000368,41.7953,0.028923,0.003602,41.7953,38.4413,34.8563
S03,680,0.216981,0.000368,41.7998,0.028987,0.003611,41.7998,38.4683,34.8801
S03,681,0.217349,0.000368,41.8135,0.02899,0.00361,41.8135,38.4977,34.8884
S03,682,0.217718,0.000369,41.859,0.029003,0.00361,41.859,38.5231,34.9003
S03,683,0.218087,0.000369,41.8534,0.029054,0.003617,41.8534,38.5437,34.9197
S03,684,0.218456,0.000369,41.9122,0.029045,0.003614,41.9122,38.5594,34.9327
S03,685,0.218825,0.000369,41.9165,0.029111,0.003624,41.9165,38.5843,34.9448
S03,686,0.219195,0.000369,41.9179,0.029114,0.003622,41.9179,38.6008,34.9563
S03,687,0.219564,0.000369,41.9218,0.029114,0.003621,41.9218,38.6232,34.9643
S03,688,0.219934,0.00037,41.9328,0.029116,0.003619,41.9328,38.6421,34.9622
S03,689,0.220303,0.00037,41.9569,0.029127,0.00362,41.9569,38.6577,34.9686
S03,690,0.220673,0.00037,42.0143,0.029154,0.003622,42.0143,38.6817,34.9751
S03,691,0.221043,0.00037,42.0051,0.029219,0.003632,42.0051,38.6937,35.0026
S03,692,0.221414,0.00037,41.982,0.029206,0.003628,41.982,38.7171,35.0058
S03,693,0.221784,0.00037,42.0069,0.029177,0.003622,42.0069,38.7588,35.0318
S03,694,0.222154,0.00037,42.0349,0.029205,0.003625,42.0349,38.7753,35.0539
S03,695,0.222525,0.000371,42.0383,0.029236,0.003629,42.0383,38.7842,35.069
S03,696,0.222895,0.000371,42.0952,0.029238,0.003628,42.0952,38.8065,35.0952
S03,697,0.223266,0.000371,42.1042,0.029303,0.003637,42.1042,38.8272,35.0953
S03,698,0.223637,0.000371,42.1285,0.029312,0.003637,42.1285,38.8402,35.122
S03,699,0.224008,0.000371,42.1631,0.02934,0.003641,42.1631,38.8659,35.1488
S03,700,0.22438,0.000372,42.1766,0.029379,0.003646,42.1766,38.8623,35.1454
S03,701,0.224752,0.000372,42.1969,0.029393,0.003647,42.1969,38.8686,35.1516
S03,702,0.225124,0.000372,42.2041,0.029416,0.003649,42.2041,38.89,35.1376
S03,703,0.225496,0.000372,42.2364,0.029423,0.003649,42.2364,38.9145,35.1505
S03,704,0.225868,0.000372,42.253,0.02946,0.003654,42.253,38.9514,35.1649
S03,705,0.22624,0.000372,42.2226,0.029478,0.003656,42.2226,38.9827,35.1671
S03,706,0.226613,0.000372,42.2427,0.029442,0.003648,42.2427,39.0172,35.1713
S03,707,0.226985,0.000372,42.2559,0.029464,0.003651,42.2559,39.0418,35.1834
S03,708,0.227357,0.000372,42.2901,0.029479,0.003652,42.2901,39.055,35.1932
S03,709,0.22773,0.000373,42.3085,0.029518,0.003657,42.3085,39.0719,35.212
S03,710,0.228103,0.000373,42.3472,0.029539,0.00366,42.3472,39.1039,35.2135
S03,711,0.228476,0.000373,42.36,0.029584,0.003666,42.36,39.123,35.2386
S03,712,0.22885,0.000373,42.398,0.029598,0.003667,42.398,39.1321,35.2736
S03,713,0.229223,0.000374,42.4156,0.029643,0.003673,42.4156,39.1749,35.2808
S03,714,0.229597,0.000374,42.4252,0.029663,0.003676,42.4252,39.2095,35.2918
S03,715,0.229971,0.000374,42.4481,0.029674,0.003676,42.4481,39.2402,35.3129
S03,716,0.230345,0.000374,42.5111,0.0297,0.00368,42.5111,39.2532,35.3307
S03,717,0.23072,0.000375,42.519,0.029774,0.003691,42.519,39.2802,35.3561
S03,718,0.231095,0.000375,42.5515,0.029783,0.003692,42.5515,39.289,35.3768
S03,719,0.23147,0.000375,42.5538,0.029822,0.003697,42.5538,39.3012,35.3879
S03,720,0.231845,0.000375,42.5781,0.029824,0.003696,42.5781,39.3253,35.396
S03,721,0.23222,0.000375,42.5948,0.029853,0.0037,42.5948,39.3636,35.4098
S03,722,0.232595,0.000375,42.6241,0.029872,0.003702,42.6241,39.376,35.4477
S03,723,0.232971,0.000376,42.6315,0.029907,0.003707,42.6315,39.3931,35.4599
S03,724,0.233347,0.000376,42.6471,0.029916,0.003708,42.6471,39.42,35.4721
S03,725,0.233723,0.000376,42.6802,0.029935,0.00371,42.6802,39.4579,35.4761
S03,726,0.234099,0.000376,42.6914,0.029974,0.003715,42.6914,39.4664,35.4913
S03,727,0.234475,0.000376,42.7006,0.029987,0.003717,42.7006,39.4897,35.4727
S03,728,0.234852,0.000376,42.7389,0.029999,0.003718,42.7389,39.5009,35.4896
S03,729,0.235228,0.000377,42.7166,0.030045,0.003724,42.7166,39.5303,35.4832
S03,730,0.235605,0.000376,42.7082,0.030018,0.003719,42.7082,39.5493,35.4869
S03,731,0.235981,0.000376,42.7107,0.030008,0.003717,42.7107,39.5863,35.5052
S03,732,0.236358,0.000376,42.7199,0.030012,0.003716,42.7199,39.5967,35.5262
S03,733,0.236734,0.000377,42.7516,0.030023,0.003717,42.7516,39.6095,35.5199
S03,734,0.237111,0.000377,42.7542,0.030061,0.003723,42.7542,39.6003,35.5224
S03,735,0.237488,0.000377,42.7814,0.030065,0.003723,42.7814,39.6303,35.5484
S03,736,0.237865,0.000377,42.809,0.030098,0.003728,42.809,39.6561,35.5468
S03,737,0.238242,0.000377,42.8376,0.030132,0.003732,42.8376,39.6544,35.5502
S03,738,0.23862,0.000378,42.8583,0.030167,0.003737,42.8583,39.6923,35.5586
S03,739,0.238997,0.000378,42.8575,0.030192,0.003741,42.8575,39.7149,35.5807
S03,740,0.239375,0.000378,42.8526,0.030192,0.00374,42.8526,39.7334,35.5878
S03,741,0.239753,0.000378,42.8857,0.030187,0.003739,42.8857,39.7547,35.6041
S03,742,0.240131,0.000378,42.9025,0.030228,0.003745,42.9025,39.7762,35.6106
S03,743,0.240509,0.000378,42.9561,0.030249,0.003748,42.9561,39.8149,35.6352
S03,744,0.240888,0.000379,42.9558,0.030315,0.003758,42.9558,39.8506,35.6374
S03,745,0.241266,0.000379,42.992,0.030315,0.003758,42.992,39.8769,35.6564
S03,746,0.241645,0.000379,43.0341,0.03036,0.003764,43.0341,39.9106,35.6612
S03,747,0.242024,0.000379,43.0794,0.030412,0.003772,43.0794,39.9224,35.678
S03,748,0.242404,0.00038,43.0805,0.030468,0.003781,43.0805,39.9375,35.695
S03,749,0.242784,0.00038,43.0935,0.030471,0.003781,43.0935,39.9581,35.7087
S03,750,0.243164,0.00038,43.1095,0.030488,0.003783,43.1095,39.9747,35.7201
S03,751,0.243544,0.00038,43.1611,0.030508,0.003786,43.1611,39.9815,35.7537
S03,752,0.243924,0.00038,43.1761,0.030572,0.003796,43.1761,39.9876,35.7553
S03,753,0.244305,0.000381,43.1872,0.030592,0.003799,43.1872,40.0052,35.7753
S03,754,0.244685,0.000381,43.2446,0.030607,0.003801,43.2446,40.0111,35.799
S03,755,0.245067,0.000381,43.2823,0.030678,0.003813,43.2823,40.0207,35.8203
S03,756,0.245448,0.000382,43.336,0.030726,0.00382,43.336,40.0523,35.8305
S03,757,0.24583,0.000382,43.3871,0.030793,0.003831,43.3871,40.0739,35.8456
S03,758,0.246213,0.000383,43.4021,0.030857,0.003841,43.4021,40.1018,35.8626
S03,759,0.246595,0.000383,43.4362,0.030878,0.003844,43.4362,40.1188,35.8785
S03,760,0.246978,0.000383,43.4669,0.030921,0.003851,43.4669,40.1423,35.892
S03,761,0.247362,0.000383,43.4899,0.030961,0.003857,43.4899,40.1583,35.91
S03,762,0.247745,0.000383,43.485,0.030991,0.003861,43.485,40.1721,35.9378
S03,763,0.248128,0.000383,43.5125,0.030987,0.00386,43.5125,40.1919,35.9427
S03,764,0.248512,0.000384,43.5378,0.031023,0.003866,43.5378,40.2093,35.9543
S03,765,0.248896,0.000384,43.59,0.031056,0.003871,43.59,40.2108,35.9726
S03,766,0.24928,0.000384,43.6345,0.031123,0.003882,43.6345,40.242,35.9953
S03,767,0.249665,0.000385,43.6617,0.03118,0.003891,43.6617,40.2606,36.0155
S03,768,0.25005,0.000385,43.685,0.031216,0.003897,43.685,40.2805,36.0331
S03,769,0.250435,0.000385,43.7304,0.031247,0.003902,43.7304,40.3011,36.0431
S03,770,0.250821,0.000386,43.7313,0.031305,0.003911,43.7313,40.324,36.0412
S03,771,0.251207,0.000386,43.7762,0.031309,0.003911,43.7762,40.3361,36.0624
S03,772,0.251593,0.000386,43.8268,0.031367,0.003921,43.8268,40.3636,36.0943
S03,773,0.251979,0.000387,43.899,0.031432,0.003931,43.899,40.3934,36.0999
S03,774,0.252366,0.000387,43.9525,0.031525,0.003946,43.9525,40.4193,36.1294
S03,775,0.252754,0.000388,43.9982,0.031594,0.003957,43.9982,40.4301,36.1595
S03,776,0.253142,0.000388,44.003,0.031654,0.003967,44.003,40.4485,36.1616
S03,777,0.25353,0.000388,44.0551,0.031663,0.003968,44.0551,40.4674,36.182
S03,778,0.253919,0.000389,44.0397,0.031731,0.003979,44.0397,40.4794,36.2057
S03,779,0.254307,0.000388,44.0869,0.031714,0.003977,44.0869,40.4992,36.2131
S03,780,0.254696,0.000389,44.1052,0.031776,0.003986,44.1052,40.5208,36.2327
S03,781,0.255085,0.000389,44.1248,0.031802,0.003991,44.1248,40.5547,36.241
S03,782,0.255475,0.000389,44.1578,0.03183,0.003995,44.1578,40.5788,36.2672
S03,783,0.255864,0.00039,44.1527,0.031875,0.004003,44.1527,40.5974,36.287
S03,784,0.256254,0.00039,44.1933,0.031872,0.004002,44.1933,40.6201,36.3127
S03,785,0.256643,0.00039,44.2153,0.031926,0.004011,44.2153,40.6374,36.3163
S03,786,0.257034,0.00039,44.258,0.031957,0.004016,44.258,40.6913,36.3173
S03,787,0.257424,0.00039,44.2726,0.032014,0.004025,44.2726,40.7029,36.3367
S03,788,0.257815,0.000391,44.335,0.032036,0.004029,44.335,40.7205,36.3662
S03,789,0.258206,0.000391,44.3602,0.032118,0.004042,44.3602,40.7315,36.3735
S03,790,0.258597,0.000391,44.4045,0.032153,0.004048,44.4045,40.7502,36.4052
S03,791,0.258989,0.000392,44.4365,0.032213,0.004058,44.4365,40.7757,36.411
S03,792,0.259381,0.000392,44.4527,0.032257,0.004065,44.4527,40.7791,36.4333
S03,793,0.259774,0.000392,44.4733,0.032282,0.004069,44.4733,40.8155,36.4446
S03,794,0.260166,0.000392,44.502,0.032312,0.004074,44.502,40.8324,36.4712
S03,795,0.260559,0.000393,44.5016,0.032352,0.004081,44.5016,40.8546,36.4841
S03,796,0.260951,0.000393,44.4808,0.032355,0.004082,44.4808,40.867,36.5146
S03,797,0.261344,0.000393,44.5258,0.032333,0.004079,44.5258,40.8873,36.5469
S03,798,0.261737,0.000393,44.5586,0.032394,0.004089,44.5586,40.9164,36.5643
S03,799,0.26213,0.000393,44.5665,0.03244,0.004097,44.5665,40.9372,36.5956
S03,800,0.262524,0.000393,44.5848,0.032454,0.004099,44.5848,40.9321,36.6162
S03,801,0.262917,0.000394,44.598,0.032482,0.004104,44.598,40.9278,36.6302
S03,802,0.263311,0.000394,44.6155,0.032503,0.004108,44.6155,40.9489,36.6519
S03,803,0.263705,0.000394,44.6325,0.032529,0.004113,44.6325,40.9715,36.66
S03,804,0.264098,0.000394,44.6326,0.032555,0.004117,44.6326,40.9933,36.6717
S03,805,0.264492,0.000394,44.6437,0.03256,0.004119,44.6437,41.0057,36.6884
S03,806,0.264886,0.000394,44.638,0.032578,0.004122,44.638,41.0196,36.6962
S03,807,0.26528,0.000394,44.6909,0.032575,0.004122,44.6909,41.0455,36.7143
S03,808,0.265675,0.000394,44.7491,0.032648,0.004134,44.7491,41.0528,36.7352
S03,809,0.26607,0.000395,44.7956,0.032727,0.004147,44.7956,41.0732,36.7478
S03,810,0.266465,0.000395,44.8108,0.032791,0.004158,44.8108,41.0983,36.7671
S03,811,0.266861,0.000396,44.8263,0.032816,0.004162,44.8263,41.1319,36.7962
S03,812,0.267257,0.000396,44.8634,0.03284,0.004167,44.8634,41.136,36.814
S03,813,0.267653,0.000396,44.8838,0.032893,0.004176,44.8838,41.1462,36.8354
S03,814,0.268049,0.000396,44.885,0.032924,0.004181,44.885,41.1763,36.8618
S03,815,0.268445,0.000396,44.9066,0.03293,0.004183,44.9066,41.2144,36.8667
S03,816,0.268842,0.000396,44.9634,0.032963,0.004189,44.9634,41.239,36.8821
S03,817,0.269239,0.000397,44.9833,0.033042,0.004202,44.9833,41.2774,36.9002
S03,818,0.269636,0.000397,45.0013,0.033073,0.004208,45.0013,41.3225,36.9194
S03,819,0.270034,0.000397,45.0712,0.033101,0.004213,45.0712,41.3434,36.9422
S03,820,0.270432,0.000398,45.0766,0.033197,0.004228,45.0766,41.3579,36.9583
S03,821,0.27083,0.000398,45.0695,0.033209,0.004231,45.0695,41.3744,36.9658
S03,822,0.271228,0.000398,45.0836,0.033205,0.004231,45.0836,41.4067,36.9811
S03,823,0.271626,0.000398,45.1004,0.033229,0.004236,45.1004,41.4192,37.0032
S03,824,0.272024,0.000398,45.1291,0.033256,0.004241,45.1291,41.4557,37.0251
S03,825,0.272423,0.000399,45.1715,0.033299,0.004249,45.1715,41.4808,37.058
S03,826,0.272822,0.000399,45.1677,0.03336,0.004259,45.1677,41.5069,37.0659
S03,827,0.273221,0.000399,45.1612,0.03336,0.00426,45.1612,41.5272,37.0736
S03,828,0.27362,0.000399,45.2018,0.033357,0.004261,45.2018,41.551,37.0836
S03,829,0.274019,0.000399,45.2111,0.033416,0.004271,45.2111,41.58,37.1026
S03,830,0.274418,0.000399,45.2602,0.033434,0.004274,45.2602,41.595,37.1433
S03,831,0.274818,0.0004,45.2709,0.033504,0.004286,45.2709,41.5952,37.1623
S03,832,0.275218,0.0004,45.3288,0.033524,0.00429,45.3288,41.6101,37.1666
S03,833,0.275619,0.0004,45.3079,0.033605,0.004304,45.3079,41.6201,37.1816
S03,834,0.276019,0.0004,45.3319,0.033584,0.004302,45.3319,41.6454,37.2131
S03,835,0.276419,0.0004,45.3368,0.033622,0.004309,45.3368,41.675,37.2292
S03,836,0.27682,0.000401,45.3913,0.033634,0.004312,45.3913,41.7,37.2506
S03,837,0.277221,0.000401,45.4228,0.033712,0.004325,45.4228,41.7151,37.2587
S03,838,0.277622,0.000401,45.4469,0.033759,0.004333,45.4469,41.7271,37.2915
S03,839,0.278024,0.000402,45.4437,0.033797,0.00434,45.4437,41.7512,37.3116
S03,840,0.278425,0.000402,45.4579,0.033799,0.004342,45.4579,41.7696,37.331
S03,841,0.278827,0.000402,45.5007,0.033824,0.004347,45.5007,41.7933,37.3521
S03,842,0.279229,0.000402,45.5263,0.033887,0.004358,45.5263,41.8423,37.358
S03,843,0.279631,0.000402,45.5045,0.033927,0.004365,45.5045,41.8781,37.3881
S03,844,0.280034,0.000402,45.536,0.033905,0.004363,45.536,41.886,37.4196
S03,845,0.280436,0.000402,45.578,0.033953,0.004372,45.578,41.9152,37.4507
S03,846,0.280839,0.000403,45.5919,0.034015,0.004382,45.5919,41.9264,37.47
S03,847,0.281242,0.000403,45.6144,0.03404,0.004388,45.6144,41.9418,37.4888
S03,848,0.281645,0.000403,45.6151,0.034077,0.004394,45.6151,41.9622,37.5158
S03,849,0.282048,0.000403,45.6114,0.034085,0.004397,45.6114,41.9752,37.5231
S03,850,0.282451,0.000403,45.6014,0.034086,0.004399,45.6014,41.9989,37.5386
S03,851,0.282854,0.000403,45.6049,0.03408,0.004399,45.6049,42.025,37.55
S03,852,0.283257,0.000403,45.6308,0.034092,0.004402,45.6308,42.0406,37.5703
S03,853,0.283661,0.000403,45.6748,0.034133,0.00441,45.6748,42.0488,37.5882
S03,854,0.284064,0.000404,45.6917,0.034198,0.004422,45.6917,42.0644,37.6036
S03,855,0.284468,0.000404,45.7045,0.034228,0.004428,45.7045,42.0966,37.6187
S03,856,0.284872,0.000404,45.723,0.034252,0.004433,45.723,42.1336,37.6424
S03,857,0.285276,0.000404,45.7353,0.034284,0.004439,45.7353,42.1511,37.6613
S03,858,0.285681,0.000404,45.7537,0.034307,0.004444,45.7537,42.1659,37.677
S03,859,0.286085,0.000404,45.7612,0.034339,0.004451,45.7612,42.2015,37.7066
S03,860,0.28649,0.000405,45.7693,0.034356,0.004455,45.7693,42.2306,37.7205
S03,861,0.286894,0.000405,45.771,0.034375,0.004459,45.771,42.2497,37.7454
S03,862,0.287299,0.000405,45.8203,0.034384,0.004462,45.8203,42.2691,37.7619
S03,863,0.287704,0.000405,45.8605,0.034458,0.004475,45.8605,42.3006,37.7632
S03,864,0.28811,0.000405,45.908,0.034519,0.004486,45.908,42.3107,37.7914
S03,865,0.288516,0.000406,45.9625,0.03459,0.004498,45.9625,42.3328,37.8019
S03,866,0.288922,0.000406,45.9811,0.034671,0.004512,45.9811,42.3658,37.8116
S03,867,0.289329,0.000407,45.9723,0.034704,0.004518,45.9723,42.3918,37.8295
S03,868,0.289735,0.000407,45.9845,0.034699,0.00452,45.9845,42.422,37.8558
S03,869,0.290142,0.000407,46.0108,0.034724,0.004525,46.0108,42.4413,37.8665
S03,870,0.290549,0.000407,46.0323,0.034767,0.004533,46.0323,42.4404,37.8698
S03,871,0.290956,0.000407,46.0424,0.034804,0.004541,46.0424,42.4652,37.8667
S03,872,0.291363,0.000407,46.0599,0.034825,0.004546,46.0599,42.4941,37.8844
S03,873,0.291771,0.000407,46.0681,0.034857,0.004552,46.0681,42.5269,37.9121
S03,874,0.292178,0.000407,46.1153,0.034876,0.004557,46.1153,42.5469,37.9249
S03,875,0.292586,0.000408,46.1149,0.034948,0.004569,46.1149,42.5633,37.9401
S03,876,0.292994,0.000408,46.1398,0.034955,0.004572,46.1398,42.5954,37.9602
S03,877,0.293402,0.000408,46.1664,0.034997,0.00458,46.1664,42.6063,37.9693
S03,878,0.293811,0.000408,46.1889,0.035041,0.004589,46.1889,42.6317,37.9919
S03,879,0.294219,0.000409,46.2075,0.03508,0.004597,46.2075,42.6495,37.9889
S03,880,0.294628,0.000409,46.2737,0.035114,0.004604,46.2737,42.6697,37.9952
S03,881,0.295038,0.000409,46.2757,0.035212,0.00462,46.2757,42.6907,38.0075
S03,882,0.295447,0.000409,46.3031,0.035223,0.004624,46.3031,42.6975,38.0244
S03,883,0.295857,0.00041,46.3531,0.035269,0.004633,46.3531,42.7129,38.0328
S03,884,0.296267,0.00041,46.3571,0.035346,0.004646,46.3571,42.7262,38.048
S03,885,0.296677,0.00041,46.4055,0.03536,0.00465,46.4055,42.758,38.0508
S03,886,0.297088,0.000411,46.426,0.035434,0.004663,46.426,42.7676,38.0668
S03,887,0.297499,0.000411,46.4349,0.035471,0.004671,46.4349,42.7948,38.0836
S03,888,0.29791,0.000411,46.4844,0.035492,0.004676,46.4844,42.8185,38.118
S03,889,0.298322,0.000412,46.512,0.035569,0.004689,46.512,42.8316,38.1518
S03,890,0.298733,0.000412,46.5336,0.035615,0.004698,46.5336,42.834,38.1745
S03,891,0.299145,0.000412,46.5821,0.035654,0.004706,46.5821,42.848,38.1903
S03,892,0.299558,0.000412,46.6206,0.035729,0.004719,46.6206,42.8707,38.2088
S03,893,0.299971,0.000413,46.6142,0.035791,0.00473,46.6142,42.8813,38.2132
S03,894,0.300383,0.000413,46.6573,0.035792,0.004733,46.6573,42.9061,38.2305
S03,895,0.300797,0.000413,46.7031,0.03586,0.004745,46.7031,42.9449,38.2508
S03,896,0.30121,0.000414,46.7049,0.035932,0.004757,46.7049,42.9654,38.2477
S03,897,0.301624,0.000414,46.7172,0.035944,0.004761,46.7172,42.9866,38.2497
S03,898,0.302038,0.000414,46.747,0.03597,0.004768,46.747,43.0167,38.262
S03,899,0.302452,0.000414,46.761,0.036021,0.004777,46.761,43.0471,38.2856
S03,900,0.302866,0.000414,46.8127,0.03605,0.004784,46.8127,43.081,38.291
S03,901,0.303281,0.000415,46.8261,0.036131,0.004798,46.8261,43.0924,38.3071
S03,902,0.303695,0.000415,46.8202,0.036159,0.004804,46.8202,43.113,38.3231
S03,903,0.30411,0.000415,46.8595,0.03616,0.004807,46.8595,43.1502,38.3587
S03,904,0.304525,0.000415,46.8407,0.036224,0.004818,46.8407,43.1745,38.3778
S03,905,0.30494,0.000415,46.8383,0.036207,0.004818,46.8383,43.2115,38.3928
S03,906,0.305355,0.000415,46.8768,0.036214,0.004822,46.8768,43.244,38.4099
S03,907,0.305771,0.000415,46.9363,0.036277,0.004833,46.9363,43.2456,38.4413
S03,908,0.306187,0.000416,46.9369,0.03637,0.004849,46.9369,43.2765,38.4508
S03,909,0.306603,0.000416,46.9567,0.03638,0.004853,46.9567,43.3068,38.4791
S03,910,0.307019,0.000416,47.02,0.036417,0.004861,47.02,43.345,38.4892
S03,911,0.307435,0.000417,47.0413,0.036516,0.004878,47.0413,43.3757,38.5107
S03,912,0.307852,0.000417,47.055,0.036555,0.004886,47.055,43.4,38.5382
S03,913,0.308269,0.000417,47.1005,0.036585,0.004893,47.1005,43.4375,38.5501
S03,914,0.308687,0.000418,47.1271,0.036658,0.004906,47.1271,43.4646,38.5563
S03,915,0.309105,0.000418,47.1422,0.036706,0.004915,47.1422,43.4831,38.5643
S03,916,0.309523,0.000418,47.1413,0.036737,0.004922,47.1413,43.5178,38.5691
S03,917,0.309941,0.000418,47.1895,0.036746,0.004926,47.1895,43.5465,38.5809
S03,918,0.310359,0.000418,47.2322,0.036824,0.00494,47.2322,43.5617,38.5973
S03,919,0.310778,0.000419,47.2484,0.036894,0.004952,47.2484,43.5773,38.6274
S03,920,0.311197,0.000419,47.2792,0.036928,0.00496,47.2792,43.6056,38.6504
S03,921,0.311616,0.000419,47.3688,0.036981,0.00497,47.3688,43.6178,38.676
S03,922,0.312036,0.00042,47.429,0.037119,0.004992,47.429,43.6344,38.6961
S03,923,0.312457,0.000421,47.4904,0.037215,0.005008,47.4904,43.679,38.7319
S03,924,0.312879,0.000421,47.5653,0.037313,0.005025,47.5653,43.7077,38.7546
S03,925,0.313301,0.000422,47.6192,0.03743,0.005044,47.6192,43.7496,38.7687
S03,926,0.313723,0.000423,47.6912,0.037518,0.005059,47.6912,43.7773,38.7804
S03,927,0.314147,0.000423,47.7539,0.037632,0.005078,47.7539,43.8005,38.7933
S03,928,0.314571,0.000424,47.8009,0.037732,0.005095,47.8009,43.8207,38.8047
S03,929,0.314996,0.000425,47.8592,0.037811,0.005108,47.8592,43.8326,38.8257
S03,930,0.315421,0.000425,47.9125,0.037906,0.005124,47.9125,43.8624,38.8355
S03,931,0.315846,0.000426,47.9313,0.037993,0.005139,47.9313,43.8807,38.8648
S03,932,0.316272,0.000426,47.9361,0.038032,0.005148,47.9361,43.929,38.8826
S03,933,0.316698,0.000426,47.9628,0.038049,0.005153,47.9628,43.9403,38.906
S03,934,0.317124,0.000426,47.9826,0.038099,0.005163,47.9826,43.9589,38.9096
S03,935,0.317551,0.000426,48.0405,0.038139,0.005171,48.0405,43.9844,38.918
S03,936,0.317978,0.000427,48.0558,0.038234,0.005187,48.0558,44.017,38.9378
S03,937,0.318405,0.000427,48.093,0.038267,0.005195,48.093,44.0302,38.9685
S03,938,0.318832,0.000427,48.0893,0.038332,0.005207,48.0893,44.0534,38.97
S03,939,0.31926,0.000427,48.1256,0.038338,0.00521,48.1256,44.0825,38.9901
S03,940,0.319688,0.000428,48.1642,0.038402,0.005222,48.1642,44.1157,38.9997
S03,941,0.320116,0.000428,48.1835,0.03847,0.005235,48.1835,44.13,39.0314
S03,942,0.320544,0.000428,48.1704,0.038509,0.005243,48.1704,44.1421,39.0441
S03,943,0.320972,0.000428,48.1891,0.038501,0.005245,48.1891,44.1804,39.0538
S03,944,0.321401,0.000428,48.2118,0.03854,0.005253,48.2118,44.2048,39.081
S03,945,0.32183,0.000429,48.2381,0.038585,0.005263,48.2381,44.2312,39.1019
S03,946,0.322259,0.000429,48.2717,0.038635,0.005273,48.2717,44.2572,39.1058
S03,947,0.322688,0.000429,48.3043,0.038695,0.005284,48.3043,44.2798,39.1239
S03,948,0.323117,0.00043,48.3429,0.038755,0.005295,48.3429,44.3139,39.1585
S03,949,0.323547,0.00043,48.3757,0.038823,0.005308,48.3757,44.3377,39.1818
S03,950,0.323978,0.00043,48.376,0.038883,0.005319,48.376,44.3584,39.1912
S03,951,0.324408,0.00043,48.4464,0.038895,0.005324,48.4464,44.3924,39.2156
S03,952,0.324839,0.000431,48.5028,0.039011,0.005343,48.5028,44.4301,39.24
S03,953,0.325271,0.000432,48.553,0.039106,0.005359,48.553,44.4591,39.2735
S03,954,0.325703,0.000432,48.5764,0.039192,0.005374,48.5764,44.4855,39.2987
S03,955,0.326135,0.000432,48.6228,0.039239,0.005383,48.6228,44.5035,39.3231
S03,956,0.326568,0.000433,48.6374,0.039319,0.005397,48.6374,44.5291,39.3256
S03,957,0.327001,0.000433,48.6217,0.039353,0.005405,48.6217,44.5488,39.3467
S03,958,0.327434,0.000433,48.6283,0.039341,0.005407,48.6283,44.5954,39.3569
S03,959,0.327867,0.000433,48.6354,0.039363,0.005413,48.6354,44.6186,39.372
S03,960,0.3283,0.000433,48.6701,0.039386,0.005419,48.6701,44.6322,39.4004
S03,961,0.328734,0.000433,48.6703,0.03945,0.005431,48.6703,44.6485,39.4179
S03,962,0.329167,0.000433,48.677,0.039462,0.005436,48.677,44.6762,39.4384
S03,963,0.3296,0.000433,48.7182,0.039484,0.005443,48.7182,44.6887,39.4555
S03,964,0.330034,0.000434,48.743,0.039558,0.005456,48.743,44.7203,39.477
S03,965,0.330468,0.000434,48.7811,0.039607,0.005466,48.7811,44.75,39.5101
S03,966,0.330903,0.000434,48.8139,0.039676,0.005478,48.8139,44.7563,39.5259
S03,967,0.331338,0.000435,48.8762,0.039738,0.00549,48.8762,44.7772,39.5535
S03,968,0.331773,0.000435,48.9429,0.039843,0.005508,48.9429,44.7997,39.5731
S03,969,0.332209,0.000436,48.9619,0.039956,0.005526,48.9619,44.837,39.5953
S03,970,0.332646,0.000436,48.9745,0.039997,0.005535,48.9745,44.8571,39.6094
S03,971,0.333082,0.000436,48.9766,0.040029,0.005543,48.9766,44.889,39.6417
S03,972,0.333519,0.000437,49.0416,0.040044,0.005548,49.0416,44.9096,39.6732
S03,973,0.333956,0.000437,49.1209,0.040155,0.005566,49.1209,44.9144,39.684
S03,974,0.334394,0.000438,49.1321,0.040288,0.005587,49.1321,44.9602,39.7103
S03,975,0.334832,0.000438,49.1627,0.040317,0.005595,49.1627,44.9836,39.7261
S03,976,0.33527,0.000438,49.1708,0.040376,0.005606,49.1708,45.0057,39.7345
S03,977,0.335709,0.000439,49.2136,0.040401,0.005613,49.2136,45.0331,39.7592
S03,978,0.336148,0.000439,49.282,0.040479,0.005627,49.282,45.0709,39.7884
S03,979,0.336587,0.00044,49.3262,0.040596,0.005646,49.3262,45.0951,39.8222
S03,980,0.337028,0.00044,49.3642,0.040676,0.00566,49.3642,45.1182,39.8437
S03,981,0.337468,0.000441,49.4027,0.040747,0.005673,49.4027,45.1385,39.8746
S03,982,0.337909,0.000441,49.488,0.040819,0.005686,49.488,45.1538,39.8899
S03,983,0.338351,0.000442,49.5143,0.040963,0.005708,49.5143,45.1819,39.9043
S03,984,0.338793,0.000442,49.5679,0.041017,0.005719,49.5679,45.2072,39.9365
S03,985,0.339236,0.000443,49.615,0.041112,0.005735,49.615,45.2305,39.9635
S03,986,0.339679,0.000443,49.6936,0.041198,0.00575,49.6936,45.254,39.9777
S03,987,0.340123,0.000444,49.7686,0.041333,0.005771,49.7686,45.2797,39.9897
S03,988,0.340568,0.000445,49.7592,0.041462,0.005791,49.7592,45.313,40.0138
S03,989,0.341012,0.000445,49.7545,0.041461,0.005795,49.7545,45.3419,40.0168
S03,990,0.341457,0.000445,49.7978,0.041466,0.005799,49.7978,45.3814,40.0397
S03,991,0.341902,0.000445,49.8577,0.041547,0.005813,49.8577,45.3914,40.0405
S03,992,0.342348,0.000446,49.9079,0.041654,0.005831,49.9079,45.4031,40.0601
S03,993,0.342794,0.000446,49.9743,0.041745,0.005846,49.9743,45.4371,40.0791
S03,994,0.343241,0.000447,50.0007,0.041862,0.005865,50.0007,45.4758,40.092
S03,995,0.343688,0.000447,50.0374,0.041917,0.005876,50.0374,45.5044,40.116
S03,996,0.344136,0.000448,50.0636,0.041988,0.005889,50.0636,45.5237,40.1225
S03,997,0.344584,0.000448,50.1144,0.042043,0.005899,50.1144,45.5479,40.1548
S03,998,0.345032,0.000448,50.1567,0.042136,0.005915,50.1567,45.5534,40.1821
S03,999,0.345481,0.000449,50.181,0.042216,0.005929,50.181,45.5889,40.1932
S03,1000,0.345931,0.000449,50.2288,0.042268,0.00594,50.2288,45.6351,40.1954
S03,1001,0.34638,0.00045,50.2554,0.042357,0.005955,50.2554,45.6644,40.2256
S03,1002,0.34683,0.00045,50.3024,0.042413,0.005966,50.3024,45.6849,40.249
S03,1003,0.347281,0.00045,50.351,0.042501,0.005981,50.351,45.7048,40.2715
S03,1004,0.347732,0.000451,50.3766,0.042592,0.005996,50.3766,45.7328,40.2736
S03,1005,0.348183,0.000451,50.4212,0.042646,0.006007,50.4212,45.7597,40.3035
S03,1006,0.348635,0.000452,50.4712,0.042731,0.006021,50.4712,45.7962,40.334
S03,1007,0.349087,0.000452,50.5201,0.042824,0.006037,50.5201,45.8399,40.3521
S03,1008,0.34954,0.000453,50.5154,0.042916,0.006052,50.5154,45.8678,40.3753
S03,1009,0.349992,0.000453,50.5627,0.042922,0.006057,50.5627,45.8992,40.3945
S03,1010,0.350446,0.000453,50.6156,0.043012,0.006072,50.6156,45.926,40.4033
S03,1011,0.3509,0.000454,50.6058,0.043111,0.006089,50.6058,45.9483,40.4473
S03,1012,0.351353,0.000454,50.6367,0.043109,0.006092,50.6367,45.9714,40.4705
S03,1013,0.351807,0.000454,50.6356,0.043172,0.006104,50.6356,46.0158,40.4811
S03,1014,0.352261,0.000454,50.6466,0.043184,0.00611,50.6466,46.0389,40.5168
S03,1015,0.352715,0.000454,50.6999,0.043216,0.006118,50.6999,46.0737,40.5445
S03,1016,0.35317,0.000455,50.6929,0.043316,0.006134,50.6929,46.1167,40.5714
S03,1017,0.353625,0.000455,50.7145,0.043318,0.006139,50.7145,46.1342,40.5991
S03,1018,0.35408,0.000455,50.7229,0.043367,0.006149,50.7229,46.1578,40.6407
S03,1019,0.354535,0.000455,50.7447,0.043395,0.006156,50.7447,46.1877,40.6621
S03,1020,0.35499,0.000455,50.8036,0.043444,0.006167,50.8036,46.2101,40.6946
S03,1021,0.355446,0.000456,50.8586,0.043553,0.006184,50.8586,46.2445,40.7148
S03,1022,0.355902,0.000456,50.9087,0.043657,0.006201,50.9087,46.2654,40.7149
S03,1023,0.356359,0.000457,50.9543,0.043752,0.006217,50.9543,46.2849,40.7373
S03,1024,0.356817,0.000457,50.9926,0.04384,0.006232,50.9926,46.3278,40.7471
S03,1025,0.357274,0.000458,51.0498,0.043917,0.006246,51.0498,46.36,40.7662
S03,1026,0.357733,0.000459,51.0768,0.044025,0.006263,51.0768,46.3893,40.7989
S03,1027,0.358192,0.000459,51.118,0.044083,0.006274,51.118,46.4092,40.8127
S03,1028,0.358651,0.000459,51.1504,0.044165,0.006288,51.1504,46.4244,40.8558
S03,1029,0.359111,0.00046,51.2189,0.044232,0.006301,51.2189,46.4521,40.8859
S03,1030,0.359571,0.00046,51.2158,0.044359,0.00632,51.2158,46.5088,40.8975
S03,1031,0.360031,0.00046,51.2221,0.044368,0.006326,51.2221,46.5666,40.9178
S03,1032,0.360492,0.00046,51.2735,0.044393,0.006333,51.2735,46.586,40.9424
S03,1033,0.360953,0.000461,51.3231,0.044492,0.006349,51.3231,46.6209,40.9677
S03,1034,0.361414,0.000461,51.3614,0.044588,0.006365,51.3614,46.6539,40.9988
S03,1035,0.361876,0.000462,51.4281,0.044666,0.006379,51.4281,46.6794,41.0207
S03,1036,0.362339,0.000463,51.4509,0.044791,0.006398,51.4509,46.7069,41.0428
S03,1037,0.362801,0.000463,51.4931,0.044843,0.006409,51.4931,46.7336,41.0878
S03,1038,0.363265,0.000463,51.5425,0.044928,0.006423,51.5425,46.7681,41.1205
S03,1039,0.363729,0.000464,51.575,0.045024,0.006439,51.575,46.814,41.1344
S03,1040,0.364193,0.000464,51.589,0.045093,0.006452,51.589,46.8487,41.1605
S03,1041,0.364657,0.000464,51.6183,0.045131,0.006461,51.6183,46.871,41.1781
S03,1042,0.365122,0.000465,51.6952,0.045194,0.006473,51.6952,46.9087,41.1771
S03,1043,0.365588,0.000466,51.7435,0.045338,0.006494,51.7435,46.9478,41.2103
S03,1044,0.366054,0.000466,51.767,0.045433,0.00651,51.767,46.9819,41.2473
S03,1045,0.36652,0.000466,51.8065,0.045487,0.006521,51.8065,47.0072,41.2704
S03,1046,0.366987,0.000467,51.8576,0.045569,0.006535,51.8576,47.0264,41.3021
S03,1047,0.367454,0.000467,51.8748,0.045669,0.006551,51.8748,47.0567,41.3203
S03,1048,0.367922,0.000468,51.9115,0.045713,0.00656,51.9115,47.0757,41.3392
S03,1049,0.36839,0.000468,51.9447,0.04579,0.006574,51.9447,47.0937,41.352
S03,1050,0.368858,0.000468,52.0063,0.045861,0.006587,52.0063,47.1289,41.3755
S03,1051,0.369327,0.000469,52.0432,0.04598,0.006605,52.0432,47.1547,41.4051
S03,1052,0.369797,0.000469,52.0832,0.046057,0.006619,52.0832,47.1769,41.4265
S03,1053,0.370266,0.00047,52.1175,0.04614,0.006633,52.1175,47.2087,41.4361
S03,1054,0.370737,0.00047,52.1656,0.046213,0.006646,52.1656,47.2371,41.4653
S03,1055,0.371207,0.000471,52.1906,0.04631,0.006662,52.1906,47.2544,41.4728
S03,1056,0.371679,0.000471,52.183,0.046367,0.006673,52.183,47.2753,41.5002
S03,1057,0.37215,0.000471,52.2497,0.046369,0.006678,52.2497,47.3038,41.5108
S03,1058,0.372621,0.000472,52.2876,0.046498,0.006697,52.2876,47.3326,41.5391
S03,1059,0.373093,0.000472,52.2976,0.046578,0.006711,52.2976,47.3643,41.5557
S03,1060,0.373566,0.000472,52.3498,0.04661,0.006719,52.3498,47.388,41.5819
S03,1061,0.374038,0.000473,52.3924,0.046715,0.006736,52.3924,47.4318,41.6026
S03,1062,0.374512,0.000473,52.418,0.046803,0.006751,52.418,47.4514,41.6093
S03,1063,0.374985,0.000474,52.457,0.046862,0.006762,52.457,47.4882,41.643
S03,1064,0.375459,0.000474,52.5006,0.046944,0.006776,52.5006,47.5455,41.6826
S03,1065,0.375934,0.000475,52.5501,0.047035,0.006791,52.5501,47.5815,41.7145
S03,1066,0.376409,0.000475,52.5623,0.047135,0.006807,52.5623,47.6146,41.7349
S03,1067,0.376884,0.000475,52.5942,0.047172,0.006816,52.5942,47.6444,41.762
S03,1068,0.37736,0.000476,52.6132,0.047242,0.006829,52.6132,47.6654,41.7774
S03,1069,0.377836,0.000476,52.6683,0.04729,0.006839,52.6683,47.692,41.792
S03,1070,0.378312,0.000476,52.7245,0.047401,0.006856,52.7245,47.7252,41.8173
S03,1071,0.378789,0.000477,52.7621,0.047514,0.006873,52.7621,47.7386,41.8332
S03,1072,0.379267,0.000477,52.7728,0.047594,0.006887,52.7728,47.759,41.8592
S03,1073,0.379744,0.000478,52.8595,0.047628,0.006896,52.8595,47.8026,41.898
S03,1074,0.380223,0.000479,52.8709,0.047795,0.006919,52.8709,47.8438,41.9222
S03,1075,0.380702,0.000479,52.8854,0.04783,0.006928,52.8854,47.8678,41.9535
S03,1076,0.381181,0.000479,52.9839,0.047871,0.006937,52.9839,47.8985,41.9763
S03,1077,0.381661,0.00048,53.0407,0.048059,0.006963,53.0407,47.9229,42.0101
S03,1078,0.382141,0.000481,53.099,0.048174,0.006981,53.099,47.9695,42.0356
S03,1079,0.382623,0.000481,53.1272,0.048292,0.006999,53.1272,47.9862,42.079
S03,1080,0.383104,0.000482,53.115,0.048357,0.007011,53.115,48.0205,42.1063
S03,1081,0.383586,0.000481,53.1479,0.048351,0.007015,53.1479,48.064,42.1538
S03,1082,0.384068,0.000482,53.1862,0.048425,0.007028,53.1862,48.1042,42.1873
S03,1083,0.38455,0.000482,53.2212,0.048508,0.007042,53.2212,48.1376,42.2142
S03,1084,0.385033,0.000483,53.2449,0.048585,0.007055,53.2449,48.1765,42.2471
S03,1085,0.385516,0.000483,53.2786,0.048643,0.007066,53.2786,48.2205,42.2577
S03,1086,0.385999,0.000483,53.2899,0.048718,0.007079,53.2899,48.2677,42.2709
S03,1087,0.386482,0.000483,53.3485,0.048753,0.007088,53.3485,48.2886,42.3017
S03,1088,0.386967,0.000484,53.3909,0.048873,0.007106,53.3909,48.3176,42.3265
S03,1089,0.387451,0.000485,53.4228,0.048964,0.007121,53.4228,48.3318,42.3575
S03,1090,0.387936,0.000485,53.4404,0.049036,0.007134,53.4404,48.3767,42.3913
S03,1091,0.388421,0.000485,53.4582,0.049083,0.007144,53.4582,48.4187,42.4149
S03,1092,0.388907,0.000485,53.4511,0.049131,0.007154,53.4511,48.4565,42.4353
S03,1093,0.389392,0.000485,53.4751,0.049133,0.007159,53.4751,48.4909,42.4693
S03,1094,0.389878,0.000486,53.5096,0.049192,0.00717,53.5096,48.5231,42.4749
S03,1095,0.390364,0.000486,53.543,0.049269,0.007183,53.543,48.5485,42.4976
S03,1096,0.39085,0.000486,53.5977,0.049345,0.007196,53.5977,48.5847,42.5331
S03,1097,0.391337,0.000487,53.614,0.049458,0.007213,53.614,48.6041,42.5645
S03,1098,0.391824,0.000487,53.6357,0.049503,0.007223,53.6357,48.6463,42.5763
S03,1099,0.392312,0.000487,53.6782,0.049558,0.007234,53.6782,48.6789,42.5742
S03,1100,0.3928,0.000488,53.7156,0.04965,0.007249,53.7156,48.721,42.6004
S03,1101,0.393288,0.000488,53.7578,0.049733,0.007263,53.7578,48.7542,42.624
S03,1102,0.393777,0.000489,53.7977,0.049825,0.007278,53.7977,48.7757,42.6554
S03,1103,0.394266,0.000489,53.8358,0.049913,0.007292,53.8358,48.8002,42.6724
S03,1104,0.394756,0.00049,53.8688,0.049997,0.007306,53.8688,48.8306,42.6844
S03,1105,0.395246,0.00049,53.893,0.050073,0.007319,53.893,48.8879,42.7151
S03,1106,0.395737,0.00049,53.9188,0.050132,0.00733,53.9188,48.9113,42.7302
S03,1107,0.396227,0.000491,53.9485,0.050195,0.007342,53.9485,48.9425,42.7601
S03,1108,0.396719,0.000491,54.017,0.050264,0.007354,54.017,48.9799,42.764
S03,1109,0.39721,0.000492,54.0218,0.050405,0.007374,54.0218,48.9909,42.7829
S03,1110,0.397702,0.000492,54.0624,0.050429,0.007382,54.0624,49.0221,42.7863
S03,1111,0.398195,0.000492,54.1026,0.050519,0.007396,54.1026,49.0305,42.8117
S03,1112,0.398688,0.000493,54.1514,0.050608,0.007411,54.1514,49.0635,42.8457
S03,1113,0.399181,0.000493,54.1725,0.050714,0.007427,54.1725,49.0884,42.865
S03,1114,0.399675,0.000494,54.2061,0.050768,0.007438,54.2061,49.1029,42.8956
S03,1115,0.400169,0.000494,54.2726,0.050845,0.007451,54.2726,49.1349,42.9115
S03,1116,0.400664,0.000495,54.3042,0.050983,0.007471,54.3042,49.1543,42.936
S03,1117,0.401159,0.000495,54.3145,0.051057,0.007483,54.3145,49.1825,42.9577
S03,1118,0.401654,0.000495,54.3002,0.051092,0.007492,54.3002,49.2295,43.0001
S03,1119,0.402149,0.000495,54.331,0.051081,0.007495,54.331,49.2737,43.0284
S03,1120,0.402645,0.000496,54.3802,0.051153,0.007508,54.3802,49.3112,43.0373
S03,1121,0.403141,0.000496,54.4271,0.05126,0.007524,54.4271,49.3419,43.0728
S03,1122,0.403638,0.000497,54.4937,0.051363,0.00754,54.4937,49.3672,43.0791
S03,1123,0.404135,0.000497,54.5229,0.051502,0.00756,54.5229,49.3789,43.1119
S03,1124,0.404633,0.000498,54.5536,0.051572,0.007572,54.5536,49.4227,43.1328
S03,1125,0.405131,0.000498,54.6276,0.051645,0.007585,54.6276,49.4324,43.1615
S03,1126,0.40563,0.000499,54.6509,0.051799,0.007606,54.6509,49.4614,43.2046
S03,1127,0.406129,0.000499,54.6742,0.051858,0.007617,54.6742,49.4935,43.2297
S03,1128,0.406629,0.0005,54.7327,0.051917,0.007628,54.7327,49.5194,43.2489
S03,1129,0.407129,0.0005,54.744,0.052042,0.007646,54.744,49.5556,43.2799
S03,1130,0.40763,0.0005,54.7294,0.052079,0.007655,54.7294,49.5804,43.3087
S03,1131,0.40813,0.0005,54.7596,0.052067,0.007659,54.7596,49.6091,43.325
S03,1132,0.40863,0.000501,54.8163,0.052139,0.007671,54.8163,49.6708,43.3429
S03,1133,0.409132,0.000501,54.8401,0.052261,0.007689,54.8401,49.699,43.3786
S03,1134,0.409633,0.000502,54.9071,0.052322,0.0077,54.9071,49.7334,43.4057
S03,1135,0.410136,0.000502,54.9672,0.052464,0.00772,54.9672,49.7577,43.438
S03,1136,0.410639,0.000503,54.9857,0.052593,0.007738,54.9857,49.7871,43.4757
S03,1137,0.411142,0.000503,55.0096,0.052644,0.007748,55.0096,49.8139,43.4882
S03,1138,0.411645,0.000504,55.0128,0.052705,0.00776,55.0128,49.8529,43.5061
S03,1139,0.412149,0.000504,55.0615,0.052726,0.007767,55.0615,49.8809,43.5249
S03,1140,0.412653,0.000504,55.1244,0.052834,0.007783,55.1244,49.9033,43.5558
S03,1141,0.413158,0.000505,55.1342,0.052969,0.007802,55.1342,49.933,43.5826
S03,1142,0.413663,0.000505,55.1956,0.053003,0.00781,55.1956,49.9637,43.609
S03,1143,0.414169,0.000506,55.2613,0.053136,0.007829,55.2613,49.9912,43.6455
S03,1144,0.414676,0.000507,55.3304,0.053277,0.007849,55.3304,50.0298,43.6745
S03,1145,0.415183,0.000507,55.3729,0.053425,0.007869,55.3729,50.0706,43.6927
S03,1146,0.415691,0.000508,55.3959,0.053523,0.007884,55.3959,50.0913,43.7112
S03,1147,0.416199,0.000508,55.4259,0.053582,0.007895,55.4259,50.1408,43.7422
S03,1148,0.416708,0.000509,55.4742,0.053655,0.007907,55.4742,50.1665,43.7781
S03,1149,0.417217,0.000509,55.524,0.053764,0.007923,55.524,50.2001,43.7994
S03,1150,0.417726,0.00051,55.5427,0.053876,0.007939,55.5427,50.2348,43.8248
S03,1151,0.418236,0.00051,55.5636,0.053927,0.00795,55.5636,50.267,43.849
S03,1152,0.418747,0.00051,55.6213,0.053983,0.00796,55.6213,50.2905,43.8694
S03,1153,0.419258,0.000511,55.647,0.05411,0.007978,55.647,50.3272,43.9001
S03,1154,0.419769,0.000511,55.6606,0.054176,0.00799,55.6606,50.3575,43.9224
S03,1155,0.42028,0.000511,55.7063,0.054217,0.007999,55.7063,50.3793,43.9523
S03,1156,0.420792,0.000512,55.7535,0.054322,0.008014,55.7535,50.4033,43.9952
S03,1157,0.421305,0.000513,55.7768,0.054429,0.00803,55.7768,50.4348,44.028
S03,1158,0.421817,0.000513,55.8257,0.05449,0.008041,55.8257,50.4555,44.0549
S03,1159,0.422331,0.000513,55.842,0.054601,0.008057,55.842,50.4857,44.0662
S03,1160,0.422844,0.000514,55.9195,0.054648,0.008067,55.9195,50.5349,44.0958
S03,1161,0.423359,0.000515,55.9372,0.054815,0.008089,55.9372,50.5605,44.1492
S03,1162,0.423874,0.000515,55.9705,0.054865,0.008098,55.9705,50.5873,44.1877
S03,1163,0.424389,0.000515,55.9764,0.054946,0.008111,55.9764,50.5986,44.22
S03,1164,0.424904,0.000515,55.985,0.054973,0.008119,55.985,50.6353,44.2565
S03,1165,0.425419,0.000515,56.0191,0.055005,0.008127,56.0191,50.6836,44.2752
S03,1166,0.425935,0.000516,56.0319,0.055087,0.00814,56.0319,50.7141,44.3014
S03,1167,0.426451,0.000516,56.0528,0.055127,0.008149,56.0528,50.7576,44.3132
S03,1168,0.426967,0.000516,56.0987,0.055184,0.008159,56.0987,50.8077,44.3505
S03,1169,0.427484,0.000517,56.1664,0.055289,0.008175,56.1664,50.8532,44.3818
S03,1170,0.428001,0.000518,56.2257,0.055439,0.008195,56.2257,50.8866,44.3782
S03,1171,0.428519,0.000518,56.2696,0.055571,0.008213,56.2696,50.8936,44.3877
S03,1172,0.429038,0.000519,56.308,0.055674,0.008228,56.308,50.9364,44.3998
S03,1173,0.429557,0.000519,56.3014,0.055765,0.008242,56.3014,50.9562,44.4092
S03,1174,0.430077,0.000519,56.3444,0.055767,0.008247,56.3444,50.9722,44.4378
S03,1175,0.430596,0.00052,56.4083,0.055868,0.008262,56.4083,51.0079,44.464
S03,1176,0.431117,0.00052,56.4758,0.05601,0.008281,56.4758,51.045,44.4962
S03,1177,0.431638,0.000521,56.5258,0.05616,0.0083,56.5258,51.0504,44.5147
S03,1178,0.43216,0.000522,56.598,0.056276,0.008317,56.598,51.0738,44.5481
S03,1179,0.432683,0.000523,56.6259,0.056436,0.008337,56.6259,51.1076,44.5575
S03,1180,0.433206,0.000523,56.6447,0.056507,0.008349,56.6447,51.1406,44.5857
S03,1181,0.43373,0.000523,56.6583,0.05656,0.008359,56.6583,51.1559,44.6188
S03,1182,0.434253,0.000524,56.7123,0.056602,0.008368,56.7123,51.1965,44.6605
S03,1183,0.434777,0.000524,56.7757,0.056726,0.008385,56.7757,51.2374,44.6948
S03,1184,0.435303,0.000525,56.8173,0.056869,0.008404,56.8173,51.2715,44.7274
S03,1185,0.435828,0.000526,56.8778,0.056968,0.008418,56.8778,51.3243,44.7582
S03,1186,0.436354,0.000526,56.9314,0.057106,0.008437,56.9314,51.3705,44.7878
S03,1187,0.436881,0.000527,56.9599,0.05723,0.008454,56.9599,51.4028,44.8143
S03,1188,0.437409,0.000527,56.9918,0.057303,0.008466,56.9918,51.4272,44.8514
S03,1189,0.437937,0.000528,57.0641,0.057383,0.008478,57.0641,51.4521,44.8987
S03,1190,0.438465,0.000529,57.0752,0.057545,0.008499,57.0752,51.4911,44.9303
S03,1191,0.438994,0.000529,57.1011,0.057583,0.008507,57.1011,51.5369,44.9565
S03,1192,0.439523,0.000529,57.1445,0.057651,0.008518,57.1445,51.56,44.961
S03,1193,0.440053,0.00053,57.1639,0.057754,0.008533,57.1639,51.6049,44.9713
S03,1194,0.440583,0.00053,57.1937,0.057809,0.008543,57.1937,51.6328,44.984
S03,1195,0.441113,0.00053,57.2315,0.057885,0.008555,57.2315,51.6672,45.0112
S03,1196,0.441644,0.000531,57.2927,0.057977,0.008569,57.2927,51.7058,45.0587
S03,1197,0.442175,0.000532,57.3667,0.058118,0.008587,57.3667,51.7428,45.0892
S03,1198,0.442708,0.000532,57.4076,0.058285,0.008608,57.4076,51.7836,45.1125
S03,1199,0.443241,0.000533,57.4542,0.058385,0.008622,57.4542,51.8283,45.1525
S03,1200,0.443774,0.000534,57.5172,0.058496,0.008638,57.5172,51.8598,45.1814
S03,1201,0.444309,0.000534,57.535,0.058641,0.008656,57.535,51.8755,45.2098
S03,1202,0.444843,0.000535,57.6101,0.058693,0.008666,57.6101,51.8855,45.2256
S03,1203,0.445379,0.000536,57.675,0.058864,0.008687,57.675,51.9263,45.2574
S03,1204,0.445915,0.000536,57.7235,0.059014,0.008706,57.7235,51.976,45.2813
S03,1205,0.446452,0.000537,57.7656,0.05913,0.008722,57.7656,52.0053,45.2963
S03,1206,0.44699,0.000538,57.8511,0.059232,0.008736,57.8511,52.0343,45.3076
S03,1207,0.447528,0.000539,57.9073,0.059426,0.008759,57.9073,52.0471,45.3364
S03,1208,0.448068,0.000539,57.9137,0.059559,0.008776,57.9137,52.0812,45.3652
S03,1209,0.448607,0.000539,57.925,0.059587,0.008784,57.925,52.1224,45.4003
S03,1210,0.449146,0.00054,57.9782,0.059625,0.008792,57.9782,52.1432,45.4428
S03,1211,0.449687,0.00054,58.0197,0.059752,0.008808,58.0197,52.1942,45.473
S03,1212,0.450227,0.000541,58.0928,0.059853,0.008823,58.0928,52.2375,45.4904
S03,1213,0.450769,0.000542,58.1613,0.060023,0.008843,58.1613,52.2668,45.5106
S03,1214,0.451312,0.000543,58.1829,0.060182,0.008863,58.1829,52.3074,45.5414
S03,1215,0.451855,0.000543,58.233,0.060242,0.008873,58.233,52.3231,45.5888
S03,1216,0.452398,0.000544,58.2895,0.060363,0.008889,58.2895,52.363,45.6161
S03,1217,0.452942,0.000544,58.3259,0.060498,0.008906,58.3259,52.4037,45.6577
S03,1218,0.453487,0.000545,58.3437,0.06059,0.008919,58.3437,52.4431,45.6827
S03,1219,0.454032,0.000545,58.3971,0.060642,0.008929,58.3971,52.4658,45.7086
S03,1220,0.454578,0.000546,58.4556,0.060771,0.008945,58.4556,52.5169,45.7394
S03,1221,0.455124,0.000546,58.5359,0.06091,0.008963,58.5359,52.5525,45.7713
S03,1222,0.455672,0.000547,58.5575,0.061097,0.008985,58.5575,52.5939,45.7931
S03,1223,0.456219,0.000548,58.6257,0.061157,0.008995,58.6257,52.6143,45.7979
S03,1224,0.456768,0.000549,58.6318,0.061319,0.009014,58.6318,52.6609,45.8221
S03,1225,0.457317,0.000549,58.6797,0.061346,0.009021,58.6797,52.6954,45.8605
S03,1226,0.457866,0.000549,58.6958,0.061463,0.009037,58.6958,52.7239,45.8858
S03,1227,0.458415,0.00055,58.7574,0.061512,0.009046,58.7574,52.7555,45.9174
S03,1228,0.458966,0.00055,58.8212,0.061659,0.009064,58.8212,52.7946,45.9416
S03,1229,0.459517,0.000551,58.8749,0.061811,0.009082,58.8749,52.8292,45.9562
S03,1230,0.460069,0.000552,58.912,0.061942,0.009099,58.912,52.8532,45.9956
S03,1231,0.460621,0.000552,58.9474,0.062037,0.009112,58.9474,52.8699,46.0276
S03,1232,0.461174,0.000553,59.0278,0.062128,0.009124,59.0278,52.8969,46.0624
S03,1233,0.461728,0.000554,59.0406,0.062317,0.009146,59.0406,52.9297,46.0893
S03,1234,0.462282,0.000554,59.0839,0.062359,0.009154,59.0839,52.9737,46.1214
S03,1235,0.462836,0.000555,59.149,0.062467,0.009169,59.149,53.0183,46.1558
S03,1236,0.463392,0.000555,59.1817,0.062624,0.009187,59.1817,53.0514,46.1735
S03,1237,0.463948,0.000556,59.2396,0.062709,0.0092,59.2396,53.0959,46.2044
S03,1238,0.464504,0.000557,59.2923,0.062851,0.009217,59.2923,53.1156,46.2387
S03,1239,0.465062,0.000557,59.3268,0.06298,0.009233,59.3268,53.1603,46.2661
S03,1240,0.465619,0.000558,59.3877,0.06307,0.009245,59.3877,53.1963,46.2986
S03,1241,0.466178,0.000559,59.4248,0.063218,0.009263,59.4248,53.2473,46.318
S03,1242,0.466737,0.000559,59.4549,0.063314,0.009276,59.4549,53.2739,46.3511
S03,1243,0.467296,0.000559,59.4968,0.063394,0.009288,59.4968,53.3093,46.3871
S03,1244,0.467857,0.00056,59.5461,0.063501,0.009302,59.5461,53.3567,46.4125
S03,1245,0.468417,0.000561,59.6182,0.063624,0.009317,59.6182,53.3923,46.4397
S03,1246,0.468979,0.000562,59.7043,0.063798,0.009337,59.7043,53.4219,46.471
S03,1247,0.469542,0.000563,59.7224,0.064004,0.00936,59.7224,53.4595,46.4891
S03,1248,0.470105,0.000563,59.7933,0.064057,0.009369,59.7933,53.4998,46.5117
S03,1249,0.470669,0.000564,59.8364,0.06423,0.009388,59.8364,53.5311,46.5486
S03,1250,0.471233,0.000565,59.8778,0.06434,0.009402,59.8778,53.5733,46.5795
S03,1251,0.471798,0.000565,59.9329,0.064446,0.009416,59.9329,53.6305,46.6015
S03,1252,0.472364,0.000566,59.9825,0.064583,0.009432,59.9825,53.6528,46.6315
S03,1253,0.472931,0.000567,60.0243,0.064709,0.009448,60.0243,53.7043,46.6651
S03,1254,0.473498,0.000567,60.0557,0.064816,0.009461,60.0557,53.7344,46.704
S03,1255,0.474065,0.000568,60.0926,0.0649,0.009473,60.0926,53.7666,46.7316
S03,1256,0.474633,0.000568,60.1497,0.064997,0.009486,60.1497,53.8022,46.7605
S03,1257,0.475202,0.000569,60.1883,0.065139,0.009503,60.1883,53.8266,46.7729
S03,1258,0.475772,0.000569,60.2037,0.06524,0.009516,60.2037,53.8567,46.8027
S03,1259,0.476341,0.00057,60.2586,0.065288,0.009524,60.2586,53.8929,46.8509
S03,1260,0.476911,0.00057,60.2955,0.065425,0.00954,60.2955,53.9382,46.8712
S03,1261,0.477482,0.000571,60.3331,0.065522,0.009553,60.3331,53.9804,46.8922
S03,1262,0.478053,0.000571,60.3518,0.065621,0.009566,60.3518,54.0003,46.9047
S03,1263,0.478625,0.000571,60.416,0.065676,0.009575,60.416,54.0384,46.927
S03,1264,0.479197,0.000572,60.4522,0.065836,0.009593,60.4522,54.0629,46.9503
S03,1265,0.47977,0.000573,60.495,0.065931,0.009605,60.495,54.1075,47.0104
S03,1266,0.480344,0.000573,60.5483,0.066042,0.009619,60.5483,54.1393,47.0439
S03,1267,0.480918,0.000574,60.6033,0.066177,0.009635,60.6033,54.1675,47.068
S03,1268,0.481493,0.000575,60.6492,0.066317,0.009651,60.6492,54.1989,47.0952
S03,1269,0.482068,0.000576,60.7212,0.066435,0.009665,60.7212,54.2491,47.1179
S03,1270,0.482645,0.000577,60.7671,0.066614,0.009685,60.7671,54.2884,47.1442
S03,1271,0.483222,0.000577,60.8205,0.066733,0.009699,60.8205,54.3126,47.1729
S03,1272,0.4838,0.000578,60.8499,0.066869,0.009715,60.8499,54.3569,47.1964
S03,1273,0.484378,0.000578,60.8611,0.066949,0.009726,60.8611,54.3995,47.2141
S03,1274,0.484956,0.000578,60.9244,0.066987,0.009733,60.9244,54.4229,47.2512
S03,1275,0.485536,0.000579,60.9551,0.067147,0.009751,60.9551,54.4881,47.2848
S03,1276,0.486115,0.00058,61.0359,0.067231,0.009762,61.0359,54.5356,47.3168
S03,1277,0.486696,0.000581,61.0536,0.067432,0.009783,61.0536,54.5873,47.351
S03,1278,0.487277,0.000581,61.1036,0.067485,0.009791,61.1036,54.6315,47.3832
S03,1279,0.487859,0.000582,61.1673,0.067614,0.009806,61.1673,54.6612,47.4181
S03,1280,0.488442,0.000583,61.203,0.067776,0.009824,61.203,54.6898,47.4479
S03,1281,0.489025,0.000583,61.224,0.067871,0.009836,61.224,54.7258,47.4684
S03,1282,0.489608,0.000583,61.2659,0.067932,0.009845,61.2659,54.7742,47.5
S03,1283,0.490192,0.000584,61.3149,0.068043,0.009859,61.3149,54.8181,47.5218
S03,1284,0.490777,0.000585,61.3818,0.06817,0.009873,61.3818,54.864,47.5588
S03,1285,0.491363,0.000586,61.4204,0.06834,0.009891,61.4204,54.9034,47.5996
S03,1286,0.491949,0.000586,61.4745,0.068443,0.009904,61.4745,54.9476,47.622
S03,1287,0.492536,0.000587,61.51,0.068583,0.00992,61.51,54.9813,47.6385
S03,1288,0.493123,0.000587,61.5676,0.068679,0.009931,61.5676,55.0226,47.6634
S03,1289,0.493711,0.000588,61.6444,0.068827,0.009948,61.6444,55.0463,47.7083
S03,1290,0.494301,0.000589,61.7076,0.069022,0.009968,61.7076,55.0854,47.744
S03,1291,0.494891,0.00059,61.7946,0.069185,0.009985,61.7946,55.1247,47.7951
S03,1292,0.495482,0.000591,61.83,0.069405,0.010007,61.83,55.1402,47.817
S03,1293,0.496074,0.000592,61.9197,0.069501,0.010019,61.9197,55.194,47.8436
S03,1294,0.496667,0.000593,61.9399,0.069729,0.010042,61.9399,55.2348,47.8741
S03,1295,0.497261,0.000593,61.9887,0.069788,0.01005,61.9887,55.2524,47.8976
S03,1296,0.497855,0.000594,62.0458,0.069917,0.010065,62.0458,55.2998,47.9152
S03,1297,0.49845,0.000595,62.0778,0.070066,0.010081,62.0778,55.3391,47.9542
S03,1298,0.499045,0.000595,62.1547,0.070154,0.010092,62.1547,55.3727,47.9804
S03,1299,0.499642,0.000596,62.2168,0.070352,0.010112,62.2168,55.4178,48.0038
S03,1300,0.500239,0.000597,62.2371,0.070514,0.010129,62.2371,55.4528,48.0269
S03,1301,0.500837,0.000598,62.3113,0.070574,0.010137,62.3113,55.489,48.0441
S03,1302,0.501435,0.000599,62.3768,0.070766,0.010157,62.3768,55.5391,48.0887
S03,1303,0.502035,0.0006,62.4297,0.070937,0.010174,62.4297,55.5752,48.1158
S03,1304,0.502635,0.0006,62.4428,0.071077,0.010189,62.4428,55.6163,48.133
S03,1305,0.503236,0.000601,62.4877,0.071119,0.010197,62.4877,55.6538,48.1445
S03,1306,0.503837,0.000601,62.5511,0.07124,0.01021,62.5511,55.6854,48.1777
S03,1307,0.504439,0.000602,62.595,0.071406,0.010227,62.595,55.7335,48.1992
S03,1308,0.505042,0.000603,62.6749,0.071525,0.01024,62.6749,55.772,48.2389
S03,1309,0.505646,0.000604,62.7543,0.071733,0.010261,62.7543,55.805,48.277
S03,1310,0.506251,0.000605,62.7864,0.07194,0.010281,62.7864,55.8437,48.3104
S03,1311,0.506856,0.000605,62.8433,0.072029,0.010292,62.8433,55.8817,48.3281
S03,1312,0.507462,0.000606,62.8954,0.072181,0.010307,62.8954,55.9138,48.3705
S03,1313,0.508069,0.000607,62.9305,0.07232,0.010322,62.9305,55.952,48.4005
S03,1314,0.508677,0.000608,62.9366,0.072417,0.010333,62.9366,55.9866,48.4381
S03,1315,0.509285,0.000608,63.0123,0.072442,0.010339,63.0123,56.0318,48.4702
S03,1316,0.509893,0.000609,63.0636,0.072641,0.010358,63.0636,56.0687,48.5145
S03,1317,0.510503,0.000609,63.1416,0.072779,0.010373,63.1416,56.1018,48.5438
S03,1318,0.511113,0.000611,63.2125,0.072985,0.010392,63.2125,56.1465,48.5768
S03,1319,0.511725,0.000612,63.2812,0.073173,0.010411,63.2812,56.1928,48.598
S03,1320,0.512338,0.000613,63.3454,0.073356,0.010429,63.3454,56.2415,48.6304
S03,1321,0.512951,0.000614,63.3959,0.073527,0.010446,63.3959,56.2823,48.6491
S03,1322,0.513565,0.000614,63.4306,0.073664,0.01046,63.4306,56.3177,48.6996
S03,1323,0.51418,0.000615,63.4965,0.073762,0.010471,63.4965,56.3577,48.7389
S03,1324,0.514796,0.000616,63.5671,0.073938,0.010488,63.5671,56.3989,48.778
S03,1325,0.515413,0.000617,63.613,0.074127,0.010506,63.613,56.4253,48.8062
S03,1326,0.51603,0.000617,63.6805,0.074253,0.010519,63.6805,56.487,48.8191
S03,1327,0.516649,0.000618,63.6976,0.074435,0.010537,63.6976,56.5158,48.8442
S03,1328,0.517267,0.000619,63.768,0.074487,0.010544,63.768,56.5791,48.8891
S03,1329,0.517887,0.00062,63.7884,0.074676,0.010562,63.7884,56.6118,48.9289
S03,1330,0.518507,0.00062,63.8391,0.074737,0.01057,63.8391,56.6594,48.9536
S03,1331,0.519128,0.000621,63.9192,0.074876,0.010584,63.9192,56.6945,48.9821
S03,1332,0.51975,0.000622,63.9558,0.075091,0.010604,63.9558,56.7498,49.0066
S03,1333,0.520372,0.000622,64.022,0.075194,0.010615,64.022,56.8057,49.0396
S03,1334,0.520996,0.000623,64.0425,0.075374,0.010633,64.0425,56.8627,49.0762
S03,1335,0.52162,0.000624,64.1223,0.075435,0.01064,64.1223,56.9004,49.1115
S03,1336,0.522245,0.000625,64.2252,0.07565,0.01066,64.2252,56.9197,49.1497
S03,1337,0.522871,0.000626,64.2796,0.075926,0.010685,64.2796,56.9871,49.1964
S03,1338,0.523498,0.000627,64.3139,0.076076,0.010699,64.3139,57.03,49.221
S03,1339,0.524126,0.000628,64.3472,0.076174,0.01071,64.3472,57.0584,49.2451
S03,1340,0.524754,0.000628,64.4204,0.076269,0.01072,64.4204,57.0877,49.2879
S03,1341,0.525384,0.000629,64.4293,0.076468,0.010738,64.4293,57.1199,49.332
S03,1342,0.526013,0.00063,64.5029,0.076499,0.010744,64.5029,57.1694,49.3599
S03,1343,0.526644,0.000631,64.5595,0.0767,0.010762,64.5595,57.2415,49.4156
S03,1344,0.527275,0.000631,64.6344,0.076857,0.010777,64.6344,57.2929,49.4416
S03,1345,0.527908,0.000633,64.6731,0.077062,0.010796,64.6731,57.3298,49.4559
S03,1346,0.528541,0.000633,64.7365,0.077172,0.010807,64.7365,57.3538,49.4802
S03,1347,0.529175,0.000634,64.7588,0.077347,0.010823,64.7588,57.3987,49.5164
S03,1348,0.52981,0.000634,64.7978,0.077413,0.010831,64.7978,57.4361,49.5513
S03,1349,0.530445,0.000635,64.8334,0.077524,0.010843,64.8334,57.4704,49.585
S03,1350,0.53108,0.000636,64.894,0.077626,0.010853,64.894,57.5136,49.6216
S03,1351,0.531717,0.000636,64.9426,0.077794,0.010869,64.9426,57.5632,49.6676
S03,1352,0.532354,0.000637,64.9914,0.07793,0.010882,64.9914,57.619,49.7132
S03,1353,0.532992,0.000638,65.0212,0.078068,0.010895,65.0212,57.6731,49.7382
S03,1354,0.53363,0.000638,65.1058,0.078154,0.010904,65.1058,57.7267,49.7649
S03,1355,0.53427,0.00064,65.1444,0.078387,0.010925,65.1444,57.7668,49.8073
S03,1356,0.53491,0.00064,65.2113,0.078498,0.010936,65.2113,57.8214,49.8411
S03,1357,0.535552,0.000641,65.2545,0.078684,0.010952,65.2545,57.8647,49.8765
S03,1358,0.536194,0.000642,65.3356,0.078807,0.010964,65.3356,57.92,49.8965
S03,1359,0.536837,0.000643,65.4007,0.079032,0.010984,65.4007,57.9409,49.9269
S03,1360,0.537481,0.000644,65.4577,0.079215,0.011,65.4577,57.9788,49.965
S03,1361,0.538126,0.000645,65.4919,0.079376,0.011015,65.4919,58.0198,49.9979
S03,1362,0.538772,0.000646,65.5683,0.079474,0.011025,65.5683,58.0655,50.0476
S03,1363,0.539418,0.000647,65.5883,0.079688,0.011043,65.5883,58.112,50.0921
S03,1364,0.540065,0.000647,65.6689,0.079749,0.01105,65.6689,58.1589,50.1277
S03,1365,0.540714,0.000648,65.729,0.079974,0.011069,65.729,58.2042,50.1665
S03,1366,0.541363,0.000649,65.8111,0.080145,0.011084,65.8111,58.2396,50.2089
S03,1367,0.542013,0.00065,65.8481,0.080375,0.011104,65.8481,58.3072,50.2455
S03,1368,0.542665,0.000651,65.935,0.080483,0.011114,65.935,58.3479,50.2731
S03,1369,0.543317,0.000652,65.9927,0.080727,0.011135,65.9927,58.4011,50.3101
S03,1370,0.54397,0.000653,66.0957,0.080892,0.011149,66.0957,58.451,50.3408
S03,1371,0.544625,0.000655,66.133,0.081182,0.011173,66.133,58.4912,50.3758
S03,1372,0.545281,0.000655,66.1966,0.081291,0.011183,66.1966,58.5428,50.4154
S03,1373,0.545937,0.000656,66.2385,0.081473,0.011199,66.2385,58.5911,50.4442
S03,1374,0.546594,0.000657,66.3094,0.081594,0.01121,66.3094,58.6602,50.471
S03,1375,0.547252,0.000658,66.4048,0.081797,0.011227,66.4048,58.7049,50.502
S03,1376,0.547912,0.00066,66.4977,0.082068,0.011249,66.4977,58.7321,50.5589
S03,1377,0.548573,0.000661,66.5659,0.082333,0.01127,66.5659,58.7627,50.5941
S03,1378,0.549236,0.000662,66.6128,0.08253,0.011287,66.6128,58.7913,50.6327
S03,1379,0.549899,0.000663,66.6621,0.082666,0.011299,66.6621,58.8259,50.6858
S03,1380,0.550562,0.000664,66.7154,0.08281,0.011312,66.7154,58.8753,50.7321
S03,1381,0.551227,0.000665,66.7742,0.082965,0.011325,66.7742,58.9191,50.7577
S03,1382,0.551893,0.000666,66.8633,0.083135,0.011339,66.8633,58.9702,50.7994
S03,1383,0.552559,0.000667,66.8996,0.083392,0.01136,66.8996,59.0142,50.8453
S03,1384,0.553227,0.000668,66.9743,0.083499,0.01137,66.9743,59.0631,50.8758
S03,1385,0.553896,0.000669,67.0295,0.083716,0.011387,67.0295,59.1212,50.8974
S03,1386,0.554565,0.00067,67.0843,0.083877,0.011401,67.0843,59.1686,50.9363
S03,1387,0.555236,0.00067,67.1683,0.084038,0.011414,67.1683,59.2248,50.9857
S03,1388,0.555908,0.000672,67.2305,0.084282,0.011434,67.2305,59.2608,51.0332
S03,1389,0.55658,0.000673,67.2826,0.084464,0.011449,67.2826,59.3096,51.0625
S03,1390,0.557254,0.000674,67.3703,0.084618,0.011462,67.3703,59.358,51.0922
S03,1391,0.557929,0.000675,67.4369,0.084874,0.011481,67.4369,59.421,51.1163
S03,1392,0.558605,0.000676,67.5503,0.08507,0.011497,67.5503,59.4761,51.1372
S03,1393,0.559283,0.000678,67.5862,0.085401,0.011522,67.5862,59.5334,51.161
S03,1394,0.559961,0.000678,67.6634,0.085509,0.011532,67.6634,59.5758,51.1927
S03,1395,0.560641,0.00068,67.7145,0.085737,0.01155,67.7145,59.6288,51.2425
S03,1396,0.561322,0.000681,67.8046,0.085889,0.011562,67.8046,59.695,51.2744
S03,1397,0.562004,0.000682,67.8406,0.086154,0.011582,67.8406,59.7358,51.3125
S03,1398,0.562686,0.000683,67.8874,0.086263,0.011592,67.8874,59.7929,51.3579
S03,1399,0.56337,0.000683,67.985,0.086403,0.011604,67.985,59.8451,51.3965
S03,1400,0.564055,0.000685,68.0333,0.086692,0.011625,68.0333,59.8856,51.4362
S03,1401,0.56474,0.000686,68.09,0.086837,0.011637,68.09,59.9274,51.4739
S03,1402,0.565427,0.000687,68.1077,0.087006,0.011651,68.1077,59.9775,51.5187
S03,1403,0.566114,0.000687,68.1583,0.087061,0.011656,68.1583,60.0164,51.5627
S03,1404,0.566802,0.000688,68.2276,0.087212,0.011668,68.2276,60.0747,51.5896
S03,1405,0.567491,0.000689,68.3111,0.08742,0.011684,68.3111,60.115,51.6257
S03,1406,0.568181,0.00069,68.389,0.08767,0.011703,68.389,60.169,51.6952
S03,1407,0.568873,0.000692,68.458,0.087903,0.011721,68.458,60.2238,51.7415
S03,1408,0.569565,0.000693,68.491,0.088111,0.011737,68.491,60.283,51.7731
S03,1409,0.570258,0.000693,68.5583,0.088211,0.011745,68.5583,60.3368,51.7952
S03,1410,0.570953,0.000694,68.637,0.088414,0.011761,68.637,60.3873,51.8324
S03,1411,0.571648,0.000696,68.7286,0.088652,0.011778,68.7286,60.4333,51.8714
S03,1412,0.572345,0.000697,68.8177,0.088929,0.011798,68.8177,60.4829,51.9185
S03,1413,0.573044,0.000699,68.8653,0.089199,0.011818,68.8653,60.5454,51.9523
S03,1414,0.573744,0.000699,68.9408,0.089344,0.011829,68.9408,60.5851,51.9889
S03,1415,0.574444,0.000701,69.0187,0.089573,0.011846,69.0187,60.6249,51.9906
S03,1416,0.575146,0.000702,69.0657,0.089811,0.011864,69.0657,60.6599,52.0094
S03,1417,0.575849,0.000703,69.1019,0.089955,0.011875,69.1019,60.7021,52.0278
S03,1418,0.576552,0.000703,69.2015,0.090066,0.011884,69.2015,60.746,52.0612
S03,1419,0.577257,0.000705,69.2448,0.09037,0.011905,69.2448,60.7943,52.1077
S03,1420,0.577963,0.000706,69.3191,0.090503,0.011916,69.3191,60.8556,52.1425
S03,1421,0.57867,0.000707,69.3908,0.090731,0.011932,69.3908,60.8988,52.1751
S03,1422,0.579378,0.000708,69.4519,0.090952,0.011948,69.4519,60.9571,52.2078
S03,1423,0.580087,0.000709,69.5092,0.09114,0.011962,69.5092,61.0087,52.2461
S03,1424,0.580798,0.00071,69.5566,0.091317,0.011975,69.5566,61.054,52.3036
S03,1425,0.581509,0.000711,69.6432,0.091463,0.011986,69.6432,61.0923,52.3413
S03,1426,0.582221,0.000712,69.7018,0.091731,0.012005,69.7018,61.128,52.3716
S03,1427,0.582934,0.000713,69.7453,0.091913,0.012018,69.7453,61.1902,52.414
S03,1428,0.583649,0.000714,69.8299,0.092048,0.012028,69.8299,61.2382,52.4332
S03,1429,0.584364,0.000716,69.8786,0.09231,0.012047,69.8786,61.2977,52.4701
S03,1430,0.585081,0.000716,69.9397,0.092461,0.012058,69.9397,61.3442,52.5056
S03,1431,0.585798,0.000717,69.9905,0.092652,0.012071,69.9905,61.3915,52.5582
S03,1432,0.586516,0.000718,70.1038,0.09281,0.012083,70.1038,61.4483,52.5758
S03,1433,0.587237,0.00072,70.2105,0.093165,0.012107,70.2105,61.4981,52.593
S03,1434,0.587959,0.000722,70.2673,0.0935,0.01213,70.2673,61.5597,52.6193
S03,1435,0.588682,0.000723,70.332,0.093678,0.012142,70.332,61.6134,52.6331
S03,1436,0.589406,0.000724,70.4304,0.093881,0.012156,70.4304,61.6646,52.6665
S03,1437,0.590132,0.000726,70.5201,0.094192,0.012177,70.5201,61.6944,52.7083
S03,1438,0.590859,0.000727,70.5901,0.094476,0.012196,70.5901,61.7467,52.7398
S03,1439,0.591588,0.000729,70.6766,0.094697,0.012211,70.6766,61.7783,52.777
S03,1440,0.592318,0.00073,70.7564,0.094972,0.01223,70.7564,61.8436,52.8347
S04,0,0.001411,0.000411,30.5149,0.032115,0.003805,30.5149,30.1957,30.0519
S04,1,0.001822,0.000411,30.5559,0.032133,0.003809,30.5559,30.1963,30.0551
S04,2,0.002233,0.000411,30.5906,0.032186,0.003818,30.5906,30.2056,30.0468
S04,3,0.002644,0.000412,30.6241,0.03223,0.003826,30.6241,30.2079,30.0415
S04,4,0.003056,0.000412,30.6347,0.032273,0.003834,30.6347,30.2082,30.0322
S04,5,0.003468,0.000412,30.6298,0.032286,0.003837,30.6298,30.2114,30.0406
S04,6,0.00388,0.000412,30.6491,0.032279,0.003837,30.6491,30.2214,30.0374
S04,7,0.004293,0.000412,30.6534,0.032304,0.003841,30.6534,30.2088,30.0299
S04,8,0.004705,0.000412,30.7067,0.032308,0.003843,30.7067,30.2095,30.0124
S04,9,0.005118,0.000413,30.7309,0.032377,0.003855,30.7309,30.2087,30.0084
S04,10,0.00553,0.000413,30.7423,0.032407,0.00386,30.7423,30.2035,30.0055
S04,11,0.005944,0.000413,30.7303,0.032421,0.003864,30.7303,30.1952,30.003
S04,12,0.006357,0.000413,30.7698,0.032404,0.003862,30.7698,30.2032,30.0223
S04,13,0.00677,0.000413,30.8183,0.032455,0.003871,30.8183,30.1883,30.0282
S04,14,0.007184,0.000414,30.8623,0.032517,0.003881,30.8623,30.1946,30.0103
S04,15,0.007598,0.000414,30.8793,0.032573,0.003891,30.8793,30.1905,30.0148
S04,16,0.008012,0.000414,30.9268,0.032594,0.003895,30.9268,30.2014,30.0051
S04,17,0.008427,0.000415,30.967,0.032654,0.003905,30.967,30.206,30.0158
S04,18,0.008843,0.000415,30.9854,0.032706,0.003913,30.9854,30.2127,30.0159
S04,19,0.009258,0.000415,31.0052,0.032728,0.003918,31.0052,30.2323,30.0255
S04,20,0.009674,0.000416,31.0378,0.032753,0.003922,31.0378,30.2231,30.0191
S04,21,0.01009,0.000416,31.0621,0.032794,0.003929,31.0621,30.2337,30.0025
S04,22,0.010506,0.000416,31.1025,0.032824,0.003935,31.1025,30.2272,29.9908
S04,23,0.010922,0.000417,31.1471,0.032876,0.003943,31.1471,30.2262,29.9946
S04,24,0.011339,0.000417,31.1904,0.032932,0.003953,31.1904,30.2374,29.9839
S04,25,0.011757,0.000417,31.2018,0.032988,0.003962,31.2018,30.2362,29.9879
S04,26,0.012175,0.000418,31.2314,0.033001,0.003964,31.2314,30.2524,29.9932
S04,27,0.012592,0.000418,31.2737,0.033038,0.003971,31.2737,30.2558,29.9903
S04,28,0.013011,0.000418,31.266,0.033092,0.003979,31.266,30.2545,29.9737
S04,29,0.013429,0.000418,31.2727,0.03308,0.003978,31.2727,30.275,29.9767
S04,30,0.013847,0.000418,31.2975,0.033086,0.00398,31.2975,30.2795,29.9723
S04,31,0.014266,0.000419,31.3196,0.033117,0.003985,31.3196,30.2955,29.9626
S04,32,0.014685,0.000419,31.3305,0.033144,0.00399,31.3305,30.292,29.96
S04,33,0.015103,0.000419,31.4069,0.033156,0.003992,31.4069,30.3172,29.981
S04,34,0.015523,0.00042,31.4048,0.033255,0.004008,31.4048,30.3093,29.9914
S04,35,0.015943,0.00042,31.4106,0.03325,0.004007,31.4106,30.3188,29.9787
S04,36,0.016362,0.00042,31.458,0.033255,0.004009,31.458,30.3242,29.9759
S04,37,0.016782,0.00042,31.5398,0.033316,0.004018,31.5398,30.3332,29.9665
S04,38,0.017203,0.000421,31.5458,0.033422,0.004035,31.5458,30.3526,29.9581
S04,39,0.017624,0.000421,31.6013,0.033427,0.004036,31.6013,30.3474,29.9609
S04,40,0.018046,0.000422,31.6007,0.033499,0.004047,31.6007,30.3644,29.9734
S04,41,0.018468,0.000422,31.6327,0.033495,0.004047,31.6327,30.3679,29.9671
S04,42,0.018889,0.000422,31.6506,0.033535,0.004053,31.6506,30.361,29.959
S04,43,0.019311,0.000422,31.6982,0.033556,0.004057,31.6982,30.3623,29.959
S04,44,0.019734,0.000423,31.7488,0.033617,0.004066,31.7488,30.3728,29.9598
S04,45,0.020157,0.000423,31.7934,0.033681,0.004076,31.7934,30.3851,29.9645
S04,46,0.02058,0.000423,31.8208,0.033738,0.004085,31.8208,30.4075,29.9825
S04,47,0.021004,0.000424,31.7967,0.033772,0.00409,31.7967,30.4347,29.9916
S04,48,0.021428,0.000424,31.8141,0.033736,0.004085,31.8141,30.4513,29.9781
S04,49,0.021851,0.000424,31.8444,0.033756,0.004088,31.8444,30.4712,29.9765
S04,50,0.022275,0.000424,31.8213,0.033794,0.004094,31.8213,30.4801,29.9759
S04,51,0.022699,0.000424,31.8753,0.033759,0.004089,31.8753,30.4975,29.9979
S04,52,0.023123,0.000424,31.9026,0.033829,0.0041,31.9026,30.5134,30.0066
S04,53,0.023548,0.000425,31.9158,0.033862,0.004105,31.9158,30.5251,30.0351
S04,54,0.023973,0.000425,31.9305,0.033876,0.004107,31.9305,30.5397,30.0365
S04,55,0.024398,0.000425,31.9729,0.033892,0.004109,31.9729,30.5403,30.0531
S04,56,0.024823,0.000425,31.9969,0.033946,0.004118,31.9969,30.5469,30.0501
S04,57,0.025248,0.000426,32.0313,0.033974,0.004122,32.0313,30.5469,30.0611
S04,58,0.025674,0.000426,32.044,0.034017,0.004128,32.044,30.5544,30.0759
S04,59,0.0261,0.000426,32.0991,0.03403,0.00413,32.0991,30.566,30.0725
S04,60,0.026527,0.000427,32.1254,0.034101,0.004141,32.1254,30.5836,30.0762
S04,61,0.026954,0.000427,32.1621,0.034133,0.004145,32.1621,30.6053,30.0601
S04,62,0.027381,0.000427,32.1893,0.034178,0.004152,32.1893,30.6161,30.0571
S04,63,0.027808,0.000427,32.2254,0.034211,0.004157,32.2254,30.6176,30.0554
S04,64,0.028236,0.000428,32.244,0.034256,0.004163,32.244,30.6462,30.0465
S04,65,0.028664,0.000428,32.2669,0.034277,0.004166,32.2669,30.666,30.0551
S04,66,0.029092,0.000428,32.2671,0.034304,0.00417,32.2671,30.6764,30.0391
S04,67,0.029521,0.000428,32.3085,0.0343,0.00417,32.3085,30.6924,30.0359
S04,68,0.029949,0.000429,32.3124,0.034352,0.004177,32.3124,30.7028,30.0309
S04,69,0.030378,0.000429,32.3173,0.034353,0.004177,32.3173,30.7133,30.0441
S04,70,0.030807,0.000429,32.333,0.034355,0.004177,32.333,30.7136,30.0379
S04,71,0.031236,0.000429,32.3831,0.034372,0.00418,32.3831,30.7133,30.0297
S04,72,0.031665,0.000429,32.4211,0.034436,0.004189,32.4211,30.7251,30.0437
S04,73,0.032095,0.00043,32.4526,0.034483,0.004195,32.4526,30.7278,30.0583
S04,74,0.032525,0.00043,32.4512,0.034521,0.004201,32.4512,30.7439,30.0575
S04,75,0.032955,0.00043,32.4995,0.034514,0.004199,32.4995,30.752,30.0642
S04,76,0.033386,0.000431,32.5199,0.034576,0.004208,32.5199,30.7645,30.0717
S04,77,0.033816,0.000431,32.5367,0.034599,0.004211,32.5367,30.7727,30.089
S04,78,0.034247,0.000431,32.5614,0.034617,0.004213,32.5614,30.8073,30.0917
S04,79,0.034679,0.000431,32.5568,0.034645,0.004217,32.5568,30.799,30.1082
S04,80,0.03511,0.000431,32.5736,0.034634,0.004215,32.5736,30.7987,30.1275
S04,81,0.035541,0.000431,32.5942,0.034652,0.004217,32.5942,30.8044,30.1375
S04,82,0.035973,0.000432,32.6192,0.034675,0.00422,32.6192,30.8186,30.1411
S04,83,0.036404,0.000432,32.629,0.034704,0.004224,32.629,30.8187,30.1517
S04,84,0.036836,0.000432,32.6618,0.034712,0.004225,32.6618,30.8274,30.1261
S04,85,0.037269,0.000432,32.6728,0.034752,0.00423,32.6728,30.8367,30.141
S04,86,0.037701,0.000432,32.7074,0.034761,0.004231,32.7074,30.8654,30.1224
S04,87,0.038134,0.000433,32.7176,0.034803,0.004237,32.7176,30.8781,30.1113
S04,88,0.038566,0.000433,32.743,0.034812,0.004238,32.743,30.8929,30.1189
S04,89,0.038999,0.000433,32.7866,0.034841,0.004241,32.7866,30.8867,30.1092
S04,90,0.039433,0.000434,32.8075,0.034896,0.004249,32.8075,30.8995,30.1016
S04,91,0.039867,0.000434,32.8189,0.034919,0.004251,32.8189,30.9062,30.1117
S04,92,0.040301,0.000434,32.8516,0.034929,0.004252,32.8516,30.927,30.1181
S04,93,0.040735,0.000434,32.9312,0.034968,0.004257,32.9312,30.9357,30.1215
S04,94,0.04117,0.000435,32.9593,0.035073,0.004272,32.9593,30.9622,30.1495
S04,95,0.041605,0.000435,32.9909,0.035105,0.004276,32.9909,30.9772,30.1655
S04,96,0.042041,0.000436,33.0069,0.035143,0.004281,33.0069,30.9859,30.1401
S04,97,0.042476,0.000436,33.0397,0.035159,0.004282,33.0397,30.9913,30.152
S04,98,0.042912,0.000436,33.0655,0.035199,0.004287,33.0655,30.9917,30.154
S04,99,0.043349,0.000436,33.0882,0.035228,0.004291,33.0882,31.0017,30.1557
S04,100,0.043785,0.000437,33.1179,0.035254,0.004293,33.1179,31.0154,30.1578
S04,101,0.044222,0.000437,33.1521,0.035289,0.004298,33.1521,31.028,30.1625
S04,102,0.04466,0.000437,33.1787,0.03533,0.004303,33.1787,31.0352,30.1579
S04,103,0.045097,0.000438,33.2029,0.03536,0.004306,33.2029,31.0427,30.1728
S04,104,0.045535,0.000438,33.2368,0.035388,0.00431,33.2368,31.0416,30.1821
S04,105,0.045973,0.000438,33.2585,0.035429,0.004315,33.2585,31.0594,30.1799
S04,106,0.046412,0.000438,33.2875,0.035452,0.004317,33.2875,31.0753,30.1709
S04,107,0.04685,0.000439,33.3274,0.035486,0.004321,33.3274,31.0825,30.1645
S04,108,0.047289,0.000439,33.3482,0.035535,0.004327,33.3482,31.0984,30.1524
S04,109,0.047729,0.000439,33.4072,0.035557,0.004329,33.4072,31.1204,30.1494
S04,110,0.048169,0.00044,33.4344,0.035634,0.004339,33.4344,31.1497,30.1485
S04,111,0.048609,0.00044,33.4564,0.035665,0.004343,33.4564,31.1784,30.1628
S04,112,0.049049,0.00044,33.4605,0.035689,0.004345,33.4605,31.198,30.1757
S04,113,0.04949,0.00044,33.4906,0.035687,0.004344,33.4906,31.2198,30.1715
S04,114,0.04993,0.000441,33.5585,0.035722,0.004348,33.5585,31.2294,30.1657
S04,115,0.050372,0.000442,33.5858,0.035811,0.004359,33.5858,31.2259,30.1606
S04,116,0.050814,0.000442,33.587,0.035842,0.004363,33.587,31.2473,30.1816
S04,117,0.051256,0.000442,33.6229,0.035837,0.004361,33.6229,31.2707,30.178
S04,118,0.051698,0.000442,33.6616,0.03588,0.004366,33.6616,31.2836,30.2066
S04,119,0.05214,0.000443,33.7142,0.035927,0.004371,33.7142,31.2927,30.2103
S04,120,0.052583,0.000443,33.7014,0.035995,0.00438,33.7014,31.3166,30.234
S04,121,0.053026,0.000443,33.734,0.035969,0.004375,33.734,31.3393,30.2323
S04,122,0.05347,0.000443,33.7728,0.036007,0.004379,33.7728,31.3503,30.2458
S04,123,0.053914,0.000444,33.7791,0.036055,0.004385,33.7791,31.3612,30.243
S04,124,0.054357,0.000444,33.8203,0.036056,0.004384,33.8203,31.3515,30.2672
S04,125,0.054802,0.000444,33.8907,0.036106,0.00439,33.8907,31.363,30.2544
S04,126,0.055247,0.000445,33.9594,0.036199,0.004401,33.9594,31.382,30.2562
S04,127,0.055692,0.000446,33.9832,0.036289,0.004413,33.9832,31.3971,30.2752
S04,128,0.056138,0.000446,34.0097,0.036315,0.004415,34.0097,31.4137,30.2847
S04,129,0.056584,0.000446,34.0432,0.036345,0.004418,34.0432,31.4187,30.2921
S04,130,0.057031,0.000447,34.0461,0.036385,0.004422,34.0461,31.4426,30.2895
S04,131,0.057478,0.000447,34.0726,0.036381,0.00442,34.0726,31.4628,30.2739
S04,132,0.057925,0.000447,34.08,0.03641,0.004423,34.08,31.474,30.2776
S04,133,0.058372,0.000447,34.1151,0.036412,0.004422,34.1151,31.496,30.2959
S04,134,0.058819,0.000447,34.153,0.036454,0.004426,34.153,31.5158,30.2946
S04,135,0.059267,0.000448,34.1873,0.0365,0.004431,34.1873,31.5415,30.3015
S04,136,0.059715,0.000448,34.2322,0.036541,0.004436,34.2322,31.5804,30.2884
S04,137,0.060163,0.000449,34.2537,0.036597,0.004442,34.2537,31.6018,30.3211
S04,138,0.060612,0.000449,34.2569,0.03662,0.004444,34.2569,31.6157,30.3339
S04,139,0.061061,0.000449,34.3055,0.036615,0.004442,34.3055,31.6128,30.3328
S04,140,0.06151,0.000449,34.3342,0.036677,0.004449,34.3342,31.6166,30.3289
S04,141,0.06196,0.00045,34.4085,0.036709,0.004452,34.4085,31.6346,30.3412
S04,142,0.062411,0.00045,34.435,0.036808,0.004464,34.435,31.6607,30.3393
S04,143,0.062861,0.000451,34.4715,0.036838,0.004466,34.4715,31.7107,30.3412
S04,144,0.063313,0.000451,34.5375,0.036881,0.004471,34.5375,31.7173,30.3673
S04,145,0.063764,0.000452,34.5591,0.036968,0.004481,34.5591,31.7405,30.3741
S04,146,0.064216,0.000452,34.6147,0.036991,0.004482,34.6147,31.7597,30.3694
S04,147,0.064669,0.000453,34.6014,0.037062,0.004491,34.6014,31.7885,30.3589
S04,148,0.065122,0.000453,34.6084,0.037034,0.004485,34.6084,31.7981,30.3565
S04,149,0.065574,0.000453,34.6326,0.037035,0.004484,34.6326,31.8177,30.3551
S04,150,0.066027,0.000453,34.6873,0.03706,0.004485,34.6873,31.8378,30.3701
S04,151,0.066481,0.000453,34.7085,0.037131,0.004493,34.7085,31.8556,30.3717
S04,152,0.066934,0.000454,34.7065,0.037152,0.004495,34.7065,31.8602,30.3694
S04,153,0.067388,0.000454,34.7416,0.03714,0.004491,34.7416,31.8782,30.3718
S04,154,0.067842,0.000454,34.7864,0.037181,0.004495,34.7864,31.8898,30.3684
S04,155,0.068297,0.000455,34.8202,0.037237,0.004501,34.8202,31.9184,30.3779
S04,156,0.068751,0.000455,34.8366,0.037277,0.004505,34.8366,31.9348,30.4052
S04,157,0.069206,0.000455,34.8358,0.037291,0.004505,34.8358,31.9544,30.3889
S04,158,0.069662,0.000455,34.8494,0.03728,0.004501,34.8494,31.9706,30.3987
S04,159,0.070117,0.000455,34.8793,0.03729,0.004501,34.8793,31.9951,30.3824
S04,160,0.070572,0.000456,34.9063,0.037324,0.004504,34.9063,32.0228,30.3865
S04,161,0.071028,0.000456,34.9111,0.037354,0.004506,34.9111,32.022,30.3784
S04,162,0.071484,0.000456,34.9403,0.037351,0.004504,34.9403,32.0299,30.3775
S04,163,0.07194,0.000456,34.9833,0.037383,0.004506,34.9833,32.0293,30.3921
S04,164,0.072397,0.000457,35.017,0.037436,0.004511,35.017,32.0436,30.3794
S04,165,0.072854,0.000457,35.0366,0.037476,0.004515,35.0366,32.066,30.367
S04,166,0.073311,0.000457,35.0596,0.037494,0.004515,35.0596,32.0821,30.3466
S04,167,0.073768,0.000457,35.0641,0.037518,0.004517,35.0641,32.104,30.3492
S04,168,0.074226,0.000457,35.1219,0.037514,0.004514,35.1219,32.1356,30.3423
S04,169,0.074684,0.000458,35.1144,0.037589,0.004522,35.1144,32.1614,30.3504
S04,170,0.075142,0.000458,35.1574,0.037567,0.004517,35.1574,32.1846,30.3594
S04,171,0.0756,0.000459,35.1675,0.03762,0.004522,35.1675,32.2093,30.3846
S04,172,0.076059,0.000459,35.1757,0.037624,0.004521,35.1757,32.2435,30.389
S04,173,0.076518,0.000459,35.2084,0.037626,0.004519,35.2084,32.2547,30.3864
S04,174,0.076977,0.000459,35.2585,0.037663,0.004522,35.2585,32.2605,30.3963
S04,175,0.077436,0.00046,35.278,0.037727,0.004528,35.278,32.2982,30.3984
S04,176,0.077896,0.00046,35.2943,0.037745,0.004529,35.2943,32.3305,30.4019
S04,177,0.078356,0.00046,35.3064,0.037758,0.004528,35.3064,32.3549,30.4149
S04,178,0.078816,0.00046,35.3355,0.037765,0.004527,35.3355,32.3655,30.4233
S04,179,0.079277,0.00046,35.381,0.037797,0.004529,35.381,32.3833,30.4474
S04,180,0.079738,0.000461,35.3916,0.037854,0.004535,35.3916,32.3718,30.4636
S04,181,0.080199,0.000461,35.4465,0.037859,0.004533,35.4465,32.3897,30.4845
S04,182,0.08066,0.000462,35.4439,0.037929,0.00454,35.4439,32.4114,30.4881
S04,183,0.081122,0.000462,35.4615,0.037914,0.004536,35.4615,32.4452,30.499
S04,184,0.081584,0.000462,35.4429,0.037929,0.004536,35.4429,32.4684,30.5267
S04,185,0.082045,0.000462,35.4336,0.03789,0.004528,35.4336,32.4677,30.5266
S04,186,0.082507,0.000461,35.4295,0.037865,0.004523,35.4295,32.4833,30.5336
S04,187,0.082968,0.000461,35.49,0.037847,0.004518,35.49,32.5242,30.5257
S04,188,0.08343,0.000462,35.5425,0.037926,0.004526,35.5425,32.5476,30.5339
S04,189,0.083893,0.000463,35.5906,0.037992,0.004533,35.5906,32.5565,30.5433
S04,190,0.084356,0.000463,35.6058,0.038053,0.004538,35.6058,32.5724,30.568
S04,191,0.08482,0.000463,35.6443,0.038064,0.004538,35.6443,32.5868,30.5657
S04,192,0.085283,0.000464,35.6894,0.03811,0.004541,35.6894,32.604,30.5613
S04,193,0.085748,0.000464,35.7344,0.038166,0.004546,35.7344,32.6109,30.5733
S04,194,0.086212,0.000465,35.7729,0.038221,0.004551,35.7729,32.6305,30.594
S04,195,0.086678,0.000465,35.7897,0.038267,0.004555,35.7897,32.6431,30.6073
S04,196,0.087143,0.000465,35.8278,0.038281,0.004554,35.8278,32.6729,30.616
S04,197,0.087609,0.000466,35.865,0.038326,0.004558,35.865,32.7074,30.6151
S04,198,0.088075,0.000466,35.884,0.03837,0.004561,35.884,32.7352,30.6174
S04,199,0.088542,0.000466,35.8905,0.038386,0.004561,35.8905,32.7462,30.6266
S04,200,0.089008,0.000466,35.94,0.038384,0.004558,35.94,32.7697,30.6442
S04,201,0.089475,0.000467,35.9916,0.038447,0.004564,35.9916,32.7963,30.6569
S04,202,0.089943,0.000468,36.0127,0.038512,0.00457,36.0127,32.8184,30.68
S04,203,0.090411,0.000468,36.0719,0.038532,0.00457,36.0719,32.8449,30.6848
S04,204,0.090879,0.000469,36.0968,0.038609,0.004578,36.0968,32.8644,30.7067
S04,205,0.091348,0.000469,36.1676,0.038634,0.004578,36.1676,32.8978,30.6953
S04,206,0.091817,0.00047,36.2032,0.03873,0.004588,36.2032,32.9189,30.7011
S04,207,0.092287,0.00047,36.2602,0.038771,0.004591,36.2602,32.9345,30.7006
S04,208,0.092758,0.000471,36.2799,0.038845,0.004598,36.2799,32.9733,30.7232
S04,209,0.093229,0.000471,36.3226,0.038863,0.004598,36.3226,32.9995,30.7301
S04,210,0.0937,0.000471,36.3249,0.038915,0.004602,36.3249,33.0203,30.7427
S04,211,0.094171,0.000471,36.3283,0.038906,0.004598,36.3283,33.0335,30.7663
S04,212,0.094643,0.000471,36.3727,0.038898,0.004594,36.3727,33.0453,30.7766
S04,213,0.095115,0.000472,36.3854,0.038953,0.004599,36.3854,33.069,30.7706
S04,214,0.095587,0.000472,36.4036,0.03896,0.004597,36.4036,33.0793,30.7821
S04,215,0.096059,0.000472,36.4567,0.038975,0.004596,36.4567,33.1208,30.787
S04,216,0.096532,0.000473,36.4566,0.039043,0.004602,36.4566,33.1377,30.8117
S04,217,0.097004,0.000473,36.4703,0.03903,0.004598,36.4703,33.1684,30.814
S04,218,0.097477,0.000473,36.4791,0.039038,0.004596,36.4791,33.1806,30.8249
S04,219,0.09795,0.000473,36.5124,0.039038,0.004593,36.5124,33.204,30.8345
S04,220,0.098424,0.000473,36.5534,0.039076,0.004595,36.5534,33.221,30.8521
S04,221,0.098898,0.000474,36.6014,0.039126,0.004599,36.6014,33.2436,30.8554
S04,222,0.099372,0.000474,36.6137,0.039186,0.004604,36.6137,33.2683,30.8662
S04,223,0.099847,0.000475,36.5928,0.039192,0.004602,36.5928,33.2763,30.8714
S04,224,0.100321,0.000474,36.6046,0.039146,0.004593,36.6046,33.3016,30.8752
S04,225,0.100795,0.000474,36.6182,0.039151,0.004591,36.6182,33.3424,30.8766
S04,226,0.10127,0.000475,36.6487,0.039158,0.004589,36.6487,33.3558,30.8838
S04,227,0.101745,0.000475,36.6665,0.039192,0.00459,36.6665,33.377,30.8964
S04,228,0.10222,0.000475,36.7191,0.039206,0.004589,36.7191,33.3912,30.9186
S04,229,0.102696,0.000476,36.7036,0.039273,0.004595,36.7036,33.4229,30.9164
S04,230,0.103171,0.000476,36.7245,0.039235,0.004587,36.7245,33.456,30.9451
S04,231,0.103647,0.000476,36.767,0.039254,0.004586,36.767,33.4866,30.9531
S04,232,0.104123,0.000476,36.848,0.039306,0.00459,36.848,33.4884,30.9774
S04,233,0.1046,0.000477,36.8602,0.039417,0.004601,36.8602,33.5132,31.0
S04,234,0.105078,0.000477,36.8778,0.039422,0.004599,36.8778,33.5472,31.0182
S04,235,0.105555,0.000477,36.9139,0.039435,0.004598,36.9139,33.5792,31.045
S04,236,0.106033,0.000478,36.9609,0.039477,0.0046,36.9609,33.5938,31.063
S04,237,0.106512,0.000478,36.994,0.039536,0.004605,36.994,33.6,31.0751
S04,238,0.10699,0.000479,37.0292,0.039574,0.004606,37.0292,33.6106,31.0826
S04,239,0.10747,0.000479,37.0249,0.039614,0.004609,37.0249,33.6304,31.0851
S04,240,0.107949,0.000479,37.0255,0.039593,0.004603,37.0255,33.6589,31.0906
S04,241,0.108428,0.000479,37.0153,0.03958,0.004598,37.0153,33.6823,31.0789
S04,242,0.108907,0.000479,37.013,0.03955,0.004591,37.013,33.7021,31.0842
S04,243,0.109386,0.000479,37.0475,0.039533,0.004585,37.0475,33.72,31.0905
S04,244,0.109865,0.000479,37.0869,0.039572,0.004587,37.0869,33.734,31.0902
S04,245,0.110345,0.00048,37.1067,0.039619,0.00459,37.1067,33.7595,31.1122
S04,246,0.110825,0.00048,37.123,0.039635,0.004589,37.123,33.7658,31.1237
S04,247,0.111306,0.00048,37.1855,0.039646,0.004587,37.1855,33.7937,31.1481
S04,248,0.111786,0.000481,37.2189,0.039729,0.004595,37.2189,33.8257,31.1686
S04,249,0.112268,0.000481,37.2617,0.039767,0.004596,37.2617,33.8562,31.1741
S04,250,0.11275,0.000482,37.3119,0.039819,0.0046,37.3119,33.8619,31.175
S04,251,0.113232,0.000482,37.3318,0.039883,0.004605,37.3318,33.8853,31.1903
S04,252,0.113715,0.000483,37.3725,0.0399,0.004604,37.3725,33.8982,31.2
S04,253,0.114198,0.000483,37.4046,0.039949,0.004607,37.4046,33.9064,31.2284
S04,254,0.114681,0.000483,37.4309,0.039984,0.004608,37.4309,33.9305,31.2295
S04,255,0.115165,0.000484,37.4643,0.040011,0.004608,37.4643,33.9408,31.2499
S04,256,0.115649,0.000484,37.4873,0.040049,0.004609,37.4873,33.9395,31.2504
S04,257,0.116134,0.000484,37.5258,0.04007,0.004609,37.5258,33.9698,31.2579
S04,258,0.116618,0.000485,37.541,0.040116,0.004611,37.541,33.9933,31.2668
S04,259,0.117103,0.000485,37.5411,0.040124,0.004609,37.5411,34.0141,31.2563
S04,260,0.117588,0.000485,37.5578,0.04011,0.004604,37.5578,34.0155,31.2653
S04,261,0.118074,0.000485,37.5641,0.040121,0.004602,37.5641,34.0343,31.2818
S04,262,0.118559,0.000485,37.5614,0.040116,0.004598,37.5614,34.0507,31.2727
S04,263,0.119044,0.000485,37.6008,0.040097,0.004592,37.6008,34.0678,31.2713
S04,264,0.11953,0.000486,37.6501,0.040144,0.004594,37.6501,34.0882,31.2846
S04,265,0.120016,0.000486,37.6808,0.040206,0.004599,37.6808,34.1068,31.3058
S04,266,0.120503,0.000487,37.7101,0.04024,0.0046,37.7101,34.1203,31.3223
S04,267,0.12099,0.000487,37.7479,0.040271,0.0046,37.7479,34.1406,31.3357
S04,268,0.121477,0.000487,37.7531,0.040315,0.004602,37.7531,34.1738,31.3567
S04,269,0.121965,0.000487,37.7872,0.040308,0.004598,37.7872,34.2027,31.3919
S04,270,0.122452,0.000488,37.7909,0.040347,0.004599,37.7909,34.2236,31.4038
S04,271,0.12294,0.000488,37.812,0.040337,0.004595,37.812,34.2242,31.4234
S04,272,0.123428,0.000488,37.8174,0.040355,0.004593,37.8174,34.238,31.4272
S04,273,0.123917,0.000488,37.8761,0.040348,0.004589,37.8761,34.2524,31.4434
S04,274,0.124405,0.000489,37.8791,0.040426,0.004595,37.8791,34.2741,31.4438
S04,275,0.124894,0.000489,37.8787,0.040415,0.00459,37.8787,34.2956,31.4563
S04,276,0.125383,0.000489,37.9416,0.040399,0.004585,37.9416,34.3177,31.4589
S04,277,0.125873,0.00049,37.9495,0.040483,0.004592,37.9495,34.3592,31.4632
S04,278,0.126363,0.00049,37.9843,0.04048,0.004588,37.9843,34.3881,31.4707
S04,279,0.126853,0.00049,37.9992,0.04052,0.004589,37.9992,34.3919,31.4824
S04,280,0.127343,0.00049,38.0716,0.040528,0.004587,38.0716,34.4081,31.504
S04,281,0.127834,0.000491,38.0863,0.040628,0.004595,38.0863,34.4384,31.5133
S04,282,0.128325,0.000491,38.1501,0.040635,0.004593,38.1501,34.4704,31.5221
S04,283,0.128817,0.000492,38.2352,0.040721,0.0046,38.2352,34.4862,31.5141
S04,284,0.12931,0.000493,38.2645,0.040842,0.004611,38.2645,34.4985,31.5282
S04,285,0.129804,0.000493,38.2826,0.040873,0.004612,38.2826,34.5189,31.5393
S04,286,0.130297,0.000494,38.3093,0.040886,0.004609,38.3093,34.533,31.5515
S04,287,0.130791,0.000494,38.3499,0.040913,0.004609,38.3499,34.5515,31.5586
S04,288,0.131286,0.000494,38.3868,0.040962,0.004612,38.3868,34.5606,31.5639
S04,289,0.13178,0.000495,38.4316,0.041005,0.004613,38.4316,34.5816,31.5737
S04,290,0.132276,0.000495,38.5174,0.041061,0.004616,38.5174,34.606,31.5832
S04,291,0.132772,0.000496,38.5328,0.041183,0.004628,38.5328,34.63,31.5646
S04,292,0.133269,0.000497,38.5239,0.041192,0.004625,38.5239,34.6611,31.5775
S04,293,0.133765,0.000496,38.5779,0.041162,0.004618,38.5779,34.6794,31.5998
S04,294,0.134262,0.000497,38.614,0.041233,0.004623,38.614,34.7284,31.5923
S04,295,0.13476,0.000497,38.6583,0.041275,0.004624,38.6583,34.7564,31.5927
S04,296,0.135258,0.000498,38.7073,0.04133,0.004627,38.7073,34.7923,31.612
S04,297,0.135756,0.000499,38.7604,0.041393,0.004631,38.7604,34.8127,31.642
S04,298,0.136255,0.000499,38.777,0.041463,0.004636,38.777,34.8361,31.6487
S04,299,0.136755,0.000499,38.7986,0.041474,0.004634,38.7986,34.8562,31.6519
S04,300,0.137254,0.0005,38.8226,0.041493,0.004632,38.8226,34.8814,31.6596
S04,301,0.137754,0.0005,38.8713,0.041515,0.004631,38.8713,34.8976,31.6644
S04,302,0.138255,0.000501,38.9093,0.041578,0.004635,38.9093,34.9262,31.6602
S04,303,0.138756,0.000501,38.9196,0.041623,0.004637,38.9196,34.9552,31.662
S04,304,0.139257,0.000501,38.9375,0.041624,0.004633,38.9375,34.9561,31.6851
S04,305,0.139758,0.000501,38.9391,0.041636,0.00463,38.9391,34.9833,31.7139
S04,306,0.140259,0.000501,38.9702,0.041622,0.004625,38.9702,35.0205,31.7254
S04,307,0.140761,0.000502,38.9794,0.041656,0.004625,38.9794,35.0333,31.7356
S04,308,0.141263,0.000502,39.0432,0.041655,0.004621,39.0432,35.075,31.7516
S04,309,0.141765,0.000503,39.0943,0.041742,0.004628,39.0943,35.1067,31.7483
S04,310,0.142269,0.000503,39.1437,0.041809,0.004632,39.1437,35.1219,31.7544
S04,311,0.142772,0.000504,39.1795,0.041873,0.004636,39.1795,35.1797,31.7662
S04,312,0.143276,0.000504,39.2281,0.041915,0.004637,39.2281,35.1911,31.7875
S04,313,0.143781,0.000505,39.2617,0.041979,0.004641,39.2617,35.2165,31.7902
S04,314,0.144286,0.000505,39.286,0.042017,0.004642,39.286,35.2276,31.797
S04,315,0.144792,0.000505,39.3059,0.04204,0.004641,39.3059,35.2378,31.8131
S04,316,0.145297,0.000506,39.3581,0.042056,0.004639,39.3581,35.2791,31.8517
S04,317,0.145804,0.000506,39.3931,0.042125,0.004643,39.3931,35.2952,31.8655
S04,318,0.146311,0.000507,39.4147,0.042166,0.004644,39.4147,35.3291,31.8849
S04,319,0.146817,0.000507,39.4337,0.042185,0.004642,39.4337,35.3542,31.8948
S04,320,0.147325,0.000507,39.4162,0.042199,0.00464,39.4162,35.3785,31.9075
S04,321,0.147832,0.000507,39.4635,0.042153,0.00463,39.4635,35.4017,31.9148
S04,322,0.148339,0.000508,39.5154,0.042214,0.004634,39.5154,35.4409,31.9134
S04,323,0.148847,0.000508,39.5572,0.042283,0.004638,39.5572,35.4712,31.9218
S04,324,0.149356,0.000509,39.5622,0.042335,0.00464,39.5622,35.4874,31.9225
S04,325,0.149865,0.000509,39.6137,0.042326,0.004635,39.6137,35.512,31.9305
S04,326,0.150374,0.000509,39.6299,0.042395,0.00464,39.6299,35.5229,31.9373
S04,327,0.150884,0.00051,39.6648,0.042405,0.004637,39.6648,35.5455,31.9482
S04,328,0.151394,0.00051,39.6841,0.042445,0.004637,39.6841,35.572,31.9631
S04,329,0.151904,0.00051,39.7325,0.04246,0.004635,39.7325,35.607,31.9684
S04,330,0.152415,0.000511,39.7648,0.042523,0.004639,39.7648,35.6321,31.9736
S04,331,0.152926,0.000511,39.806,0.04256,0.004639,39.806,35.6616,32.0017
S04,332,0.153438,0.000512,39.7976,0.042611,0.004641,39.7976,35.6844,32.0328
S04,333,0.153949,0.000512,39.8285,0.04258,0.004633,39.8285,35.701,32.0583
S04,334,0.154461,0.000512,39.8683,0.042614,0.004633,39.8683,35.7395,32.075
S04,335,0.154974,0.000512,39.9157,0.042663,0.004635,39.9157,35.7705,32.0746
S04,336,0.155487,0.000513,39.9716,0.042725,0.004638,39.9716,35.7877,32.0856
S04,337,0.156,0.000514,40.0014,0.042801,0.004643,40.0014,35.8191,32.106
S04,338,0.156514,0.000514,40.0076,0.042834,0.004643,40.0076,35.8425,32.1161
S04,339,0.157028,0.000514,40.0249,0.042827,0.004638,40.0249,35.856,32.1254
S04,340,0.157543,0.000514,40.053,0.042839,0.004635,40.053,35.8939,32.1362
S04,341,0.158057,0.000515,40.0747,0.042868,0.004635,40.0747,35.9045,32.1503
S04,342,0.158572,0.000515,40.142,0.042887,0.004633,40.142,35.9194,32.1607
S04,343,0.159088,0.000516,40.1365,0.042983,0.00464,40.1365,35.936,32.1652
S04,344,0.159604,0.000516,40.1736,0.042956,0.004633,40.1736,35.9653,32.1761
S04,345,0.16012,0.000516,40.1918,0.043001,0.004634,40.1918,35.9874,32.1934
S04,346,0.160636,0.000516,40.2249,0.043014,0.004631,40.2249,36.0009,32.2095
S04,347,0.161153,0.000517,40.237,0.043052,0.004632,40.237,36.0369,32.2234
S04,348,0.16167,0.000517,40.274,0.043055,0.004628,40.274,36.068,32.2186
S04,349,0.162187,0.000517,40.3584,0.0431,0.004629,40.3584,36.093,32.2253
S04,350,0.162706,0.000518,40.3721,0.043225,0.004639,40.3721,36.1317,32.2556
S04,351,0.163224,0.000519,40.4377,0.04323,0.004636,40.4377,36.1585,32.2661
S04,352,0.163744,0.000519,40.5012,0.043324,0.004643,40.5012,36.1892,32.2746
S04,353,0.164264,0.00052,40.5146,0.043414,0.004649,40.5146,36.2222,32.2999
S04,354,0.164784,0.00052,40.5149,0.043419,0.004645,40.5149,36.2477,32.3256
S04,355,0.165304,0.00052,40.5213,0.043402,0.004639,40.5213,36.2821,32.3439
S04,356,0.165825,0.00052,40.544,0.043395,0.004634,40.544,36.3181,32.3644
S04,357,0.166345,0.000521,40.5416,0.043416,0.004632,40.5416,36.3419,32.3897
S04,358,0.166866,0.000521,40.5606,0.043394,0.004626,40.5606,36.3724,32.4087
S04,359,0.167387,0.000521,40.5864,0.043408,0.004623,40.5864,36.404,32.4238
S04,360,0.167908,0.000521,40.5755,0.043434,0.004622,40.5755,36.4181,32.433
S04,361,0.168429,0.000521,40.6459,0.043398,0.004613,40.6459,36.437,32.4564
S04,362,0.168951,0.000522,40.7097,0.0435,0.004621,40.7097,36.4589,32.473
S04,363,0.169474,0.000523,40.7271,0.043591,0.004627,40.7271,36.4844,32.4862
S04,364,0.169997,0.000523,40.7419,0.043603,0.004625,40.7419,36.5186,32.5015
S04,365,0.17052,0.000523,40.7939,0.04361,0.004621,40.7939,36.5372,32.5139
S04,366,0.171044,0.000524,40.8173,0.043681,0.004625,40.8173,36.5606,32.5244
S04,367,0.171568,0.000524,40.8567,0.043704,0.004623,40.8567,36.6035,32.5304
S04,368,0.172092,0.000525,40.9285,0.043753,0.004625,40.9285,36.6378,32.5335
S04,369,0.172618,0.000525,40.9604,0.043858,0.004633,40.9604,36.6792,32.5472
S04,370,0.173143,0.000526,41.001,0.043895,0.004633,41.001,36.7108,32.5586
S04,371,0.17367,0.000526,41.0398,0.043947,0.004635,41.0398,36.7353,32.5687
S04,372,0.174196,0.000527,41.0708,0.043996,0.004636,41.0708,36.7698,32.5858
S04,373,0.174724,0.000527,41.0955,0.044031,0.004636,41.0955,36.7935,32.5817
S04,374,0.175251,0.000527,41.1526,0.044056,0.004634,41.1526,36.8056,32.5955
S04,375,0.175779,0.000528,41.1871,0.044136,0.004639,41.1871,36.8362,32.6233
S04,376,0.176308,0.000529,41.227,0.044178,0.00464,41.227,36.8764,32.6432
S04,377,0.176837,0.000529,41.2592,0.044229,0.004641,41.2592,36.8969,32.6459
S04,378,0.177367,0.00053,41.3101,0.044266,0.004641,41.3101,36.9239,32.6462
S04,379,0.177897,0.00053,41.3444,0.044336,0.004645,41.3444,36.9514,32.6502
S04,380,0.178427,0.000531,41.3674,0.044378,0.004646,41.3674,36.9715,32.6754
S04,381,0.178958,0.000531,41.3909,0.0444,0.004644,41.3909,36.9985,32.6842
S04,382,0.17949,0.000531,41.4291,0.044423,0.004642,41.4291,37.0365,32.7193
S04,383,0.180021,0.000532,41.4386,0.044471,0.004643,41.4386,37.0747,32.7368
S04,384,0.180553,0.000532,41.4942,0.044469,0.004639,41.4942,37.0895,32.7553
S04,385,0.181086,0.000532,41.523,0.044548,0.004644,41.523,37.1144,32.7671
S04,386,0.181618,0.000533,41.5376,0.04458,0.004643,41.5376,37.1392,32.7782
S04,387,0.182151,0.000533,41.5565,0.044588,0.004639,41.5565,37.1593,32.8034
S04,388,0.182685,0.000533,41.6004,0.044602,0.004637,41.6004,37.1959,32.8265
S04,389,0.183219,0.000534,41.6518,0.044661,0.004639,41.6518,37.2216,32.841
S04,390,0.183753,0.000534,41.7122,0.044733,0.004643,41.7122,37.24,32.8875
S04,391,0.184288,0.000535,41.7855,0.04482,0.004649,41.7855,37.2767,32.9081
S04,392,0.184824,0.000536,41.8082,0.044931,0.004657,41.8082,37.2863,32.9301
S04,393,0.185361,0.000536,41.8314,0.044952,0.004655,41.8314,37.3129,32.9456
S04,394,0.185898,0.000537,41.8564,0.044975,0.004653,41.8564,37.3524,32.9688
S04,395,0.186435,0.000537,41.9078,0.045001,0.004652,41.9078,37.3895,32.9801
S04,396,0.186972,0.000538,41.9626,0.045073,0.004655,41.9626,37.4178,32.9975
S04,397,0.187511,0.000538,41.976,0.045151,0.00466,41.976,37.4476,33.0135
S04,398,0.188049,0.000539,42.0203,0.045157,0.004656,42.0203,37.4688,33.0445
S04,399,0.188589,0.000539,42.0514,0.045217,0.004659,42.0514,37.5033,33.0554
S04,400,0.189128,0.00054,42.0837,0.045254,0.004658,42.0837,37.5343,33.0646
S04,401,0.189668,0.00054,42.1402,0.045293,0.004658,42.1402,37.5583,33.072
S04,402,0.190209,0.000541,42.1854,0.045374,0.004663,42.1854,37.5893,33.1148
S04,403,0.19075,0.000541,42.234,0.045436,0.004666,42.234,37.6405,33.1276
S04,404,0.191292,0.000542,42.2559,0.045505,0.004669,42.2559,37.6847,33.1431
S04,405,0.191834,0.000542,42.2618,0.045525,0.004667,42.2618,37.7051,33.1596
S04,406,0.192376,0.000542,42.2961,0.045518,0.004662,42.2961,37.733,33.17
S04,407,0.192919,0.000543,42.3303,0.04556,0.004662,42.3303,37.7509,33.1913
S04,408,0.193462,0.000543,42.3469,0.045603,0.004663,42.3469,37.7671,33.2025
S04,409,0.194006,0.000543,42.3648,0.045615,0.00466,42.3648,37.7884,33.2272
S04,410,0.194549,0.000544,42.4022,0.045628,0.004657,42.4022,37.8206,33.2605
S04,411,0.195093,0.000544,42.4725,0.045677,0.004658,42.4725,37.87,33.2691
S04,412,0.195638,0.000545,42.5069,0.045784,0.004665,42.5069,37.8941,33.288
S04,413,0.196184,0.000545,42.5253,0.045828,0.004666,42.5253,37.9377,33.2956
S04,414,0.196729,0.000546,42.5488,0.045842,0.004663,42.5488,37.9574,33.2977
S04,415,0.197275,0.000546,42.5761,0.045866,0.004661,42.5761,37.974,33.3023
S04,416,0.197821,0.000546,42.6251,0.045897,0.00466,42.6251,38.0164,33.3169
S04,417,0.198368,0.000547,42.6975,0.045967,0.004664,42.6975,38.0461,33.3161
S04,418,0.198916,0.000548,42.755,0.046078,0.004672,42.755,38.0795,33.3411
S04,419,0.199465,0.000549,42.7753,0.046164,0.004677,42.7753,38.1026,33.3467
S04,420,0.200014,0.000549,42.8126,0.046182,0.004674,42.8126,38.1352,33.3645
S04,421,0.200563,0.000549,42.8254,0.046231,0.004676,42.8254,38.1652,33.3927
S04,422,0.201113,0.00055,42.8675,0.046236,0.004672,42.8675,38.1863,33.4039
S04,423,0.201663,0.00055,42.8778,0.046294,0.004674,42.8778,38.2236,33.4308
S04,424,0.202213,0.00055,42.9273,0.046295,0.004669,42.9273,38.2549,33.4473
S04,425,0.202764,0.000551,42.9778,0.046366,0.004673,42.9778,38.2765,33.4482
S04,426,0.203315,0.000552,43.0183,0.046439,0.004677,43.0183,38.3118,33.4694
S04,427,0.203867,0.000552,43.0711,0.046494,0.004678,43.0711,38.3517,33.4862
S04,428,0.20442,0.000553,43.1059,0.046572,0.004682,43.1059,38.3796,33.5019
S04,429,0.204973,0.000553,43.1355,0.046617,0.004683,43.1355,38.4196,33.5199
S04,430,0.205527,0.000554,43.182,0.046653,0.004682,43.182,38.4503,33.5318
S04,431,0.206081,0.000554,43.1837,0.04672,0.004685,43.1837,38.4818,33.5511
S04,432,0.206635,0.000554,43.1987,0.046704,0.004679,43.1987,38.5227,33.5721
S04,433,0.207189,0.000554,43.2575,0.046714,0.004676,43.2575,38.5419,33.5829
S04,434,0.207745,0.000555,43.2927,0.046803,0.004681,43.2927,38.5595,33.6042
S04,435,0.2083,0.000556,43.3183,0.046849,0.004682,43.3183,38.5878,33.6234
S04,436,0.208856,0.000556,43.339,0.046878,0.004681,43.339,38.6139,33.6489
S04,437,0.209412,0.000556,43.3682,0.046898,0.004679,43.3682,38.6352,33.6787
S04,438,0.209969,0.000557,43.3924,0.046933,0.004678,43.3924,38.6708,33.6944
S04,439,0.210526,0.000557,43.4334,0.046959,0.004677,43.4334,38.6914,33.7056
S04,440,0.211083,0.000557,43.4694,0.047017,0.004678,43.4694,38.7181,33.7157
S04,441,0.211641,0.000558,43.4761,0.047065,0.004679,43.4761,38.7203,33.7258
S04,442,0.212199,0.000558,43.5232,0.047059,0.004674,43.5232,38.7405,33.7511
S04,443,0.212758,0.000559,43.5657,0.047128,0.004677,43.5657,38.7593,33.7688
S04,444,0.213317,0.000559,43.6048,0.047188,0.00468,43.6048,38.7769,33.7847
S04,445,0.213877,0.00056,43.6619,0.047242,0.004681,43.6619,38.8062,33.8175
S04,446,0.214437,0.00056,43.6909,0.047329,0.004686,43.6909,38.8312,33.8393
S04,447,0.214998,0.000561,43.7293,0.047365,0.004686,43.7293,38.8849,33.8733
S04,448,0.21556,0.000561,43.7685,0.047418,0.004687,43.7685,38.9045,33.8915
S04,449,0.216121,0.000562,43.81,0.047472,0.004689,43.81,38.93,33.9014
S04,450,0.216684,0.000562,43.8344,0.047531,0.004691,43.8344,38.9529,33.9331
S04,451,0.217247,0.000563,43.9059,0.047559,0.004689,43.9059,38.986,33.9604
S04,452,0.21781,0.000564,43.9357,0.047673,0.004697,43.9357,39.0294,33.984
S04,453,0.218375,0.000564,43.9721,0.047711,0.004697,43.9721,39.058,33.9956
S04,454,0.218939,0.000565,44.0207,0.047761,0.004698,44.0207,39.0755,34.0133
S04,455,0.219504,0.000565,44.0598,0.047833,0.004701,44.0598,39.1131,34.0412
S04,456,0.22007,0.000566,44.0799,0.047888,0.004703,44.0799,39.1484,34.0694
S04,457,0.220636,0.000566,44.1309,0.047908,0.004701,44.1309,39.1729,34.0826
S04,458,0.221203,0.000567,44.1826,0.047986,0.004705,44.1826,39.1983,34.1098
S04,459,0.22177,0.000567,44.2216,0.048064,0.004709,44.2216,39.2313,34.1266
S04,460,0.222338,0.000568,44.2802,0.04812,0.00471,44.2802,39.2631,34.1487
S04,461,0.222907,0.000569,44.3332,0.048212,0.004716,44.3332,39.3073,34.1731
S04,462,0.223477,0.000569,44.3938,0.048293,0.00472,44.3938,39.3489,34.1891
S04,463,0.224047,0.00057,44.4098,0.04839,0.004726,44.4098,39.3728,34.21
S04,464,0.224617,0.00057,44.4143,0.048402,0.004723,44.4143,39.3935,34.2305
S04,465,0.225188,0.000571,44.4567,0.048393,0.004718,44.4567,39.4091,34.2472
S04,466,0.225759,0.000571,44.4604,0.048455,0.00472,44.4604,39.4507,34.2708
S04,467,0.22633,0.000571,44.4894,0.048445,0.004715,44.4894,39.4778,34.2984
S04,468,0.226902,0.000572,44.4924,0.048482,0.004714,44.4924,39.4961,34.319
S04,469,0.227473,0.000572,44.5355,0.04847,0.004709,44.5355,39.5232,34.3182
S04,470,0.228046,0.000572,44.5598,0.048534,0.004711,44.5598,39.5455,34.3208
S04,471,0.228618,0.000572,44.5548,0.048562,0.00471,44.5548,39.5711,34.3271
S04,472,0.22919,0.000572,44.5842,0.048536,0.004703,44.5842,39.6024,34.333
S04,473,0.229763,0.000573,44.6274,0.048574,0.004703,44.6274,39.6313,34.346
S04,474,0.230337,0.000573,44.6783,0.048638,0.004705,44.6783,39.6706,34.3638
S04,475,0.230911,0.000574,44.7064,0.048717,0.004709,44.7064,39.6979,34.3573
S04,476,0.231485,0.000574,44.7306,0.048753,0.004709,44.7306,39.722,34.3733
S04,477,0.23206,0.000575,44.7562,0.048782,0.004707,44.7562,39.7447,34.4076
S04,478,0.232635,0.000575,44.7955,0.048813,0.004707,44.7955,39.7785,34.4348
S04,479,0.233211,0.000576,44.8516,0.04887,0.004708,44.8516,39.8154,34.4571
S04,480,0.233787,0.000576,44.855,0.04896,0.004713,44.855,39.8507,34.4844
S04,481,0.234364,0.000576,44.8814,0.048949,0.004708,44.8814,39.8731,34.4883
S04,482,0.234941,0.000577,44.9211,0.048982,0.004707,44.9211,39.8962,34.5018
S04,483,0.235518,0.000577,44.9641,0.049041,0.004709,44.9641,39.9124,34.5202
S04,484,0.236096,0.000578,45.0058,0.049106,0.004712,45.0058,39.9492,34.5482
S04,485,0.236675,0.000579,45.0491,0.049168,0.004714,45.0491,39.9634,34.5803
S04,486,0.237254,0.000579,45.0853,0.049234,0.004717,45.0853,39.9851,34.5899
S04,487,0.237833,0.00058,45.1237,0.049286,0.004718,45.1237,40.0109,34.6231
S04,488,0.238414,0.00058,45.171,0.049343,0.00472,45.171,40.0522,34.6404
S04,489,0.238994,0.000581,45.2162,0.049417,0.004723,45.2162,40.0913,34.66
S04,490,0.239576,0.000581,45.2295,0.049486,0.004726,45.2295,40.1208,34.6869
S04,491,0.240157,0.000582,45.2479,0.049495,0.004723,45.2479,40.1518,34.7043
S04,492,0.240739,0.000582,45.288,0.049514,0.004721,45.288,40.1737,34.7202
S04,493,0.241322,0.000582,45.329,0.049574,0.004723,45.329,40.1961,34.7329
S04,494,0.241905,0.000583,45.3404,0.049636,0.004725,45.3404,40.2303,34.7643
S04,495,0.242488,0.000583,45.3741,0.049641,0.004722,45.3741,40.2542,34.7902
S04,496,0.243071,0.000584,45.4356,0.04969,0.004722,45.4356,40.2565,34.8199
S04,497,0.243656,0.000584,45.4579,0.049792,0.004729,45.4579,40.2936,34.8428
S04,498,0.244241,0.000585,45.475,0.049818,0.004727,45.475,40.3087,34.8494
S04,499,0.244826,0.000585,45.5423,0.049835,0.004725,45.5423,40.3406,34.8646
S04,500,0.245412,0.000586,45.584,0.049948,0.004733,45.584,40.373,34.887
S04,501,0.245998,0.000587,45.6154,0.050013,0.004735,45.6154,40.3906,34.895
S04,502,0.246585,0.000587,45.6743,0.050057,0.004736,45.6743,40.4197,34.9162
S04,503,0.247173,0.000588,45.6906,0.050155,0.004742,45.6906,40.4599,34.9304
S04,504,0.247761,0.000588,45.7278,0.05017,0.004739,45.7278,40.4922,34.942
S04,505,0.248349,0.000588,45.7693,0.050226,0.004741,45.7693,40.527,34.9683
S04,506,0.248938,0.000589,45.7935,0.050291,0.004743,45.7935,40.5571,35.0007
S04,507,0.249528,0.000589,45.8533,0.050322,0.004742,45.8533,40.5879,35.0315
S04,508,0.250118,0.00059,45.9085,0.050422,0.004749,45.9085,40.6192,35.0648
S04,509,0.250709,0.000591,45.9522,0.050514,0.004754,45.9522,40.6353,35.1142
S04,510,0.251301,0.000592,45.9676,0.050583,0.004757,45.9676,40.6643,35.1339
S04,511,0.251892,0.000592,45.9859,0.050597,0.004754,45.9859,40.6951,35.1554
S04,512,0.252485,0.000592,46.0017,0.050617,0.004752,46.0017,40.7341,35.1958
S04,513,0.253077,0.000592,46.0541,0.050632,0.00475,46.0541,40.7763,35.2266
S04,514,0.25367,0.000593,46.0834,0.050719,0.004755,46.0834,40.8244,35.2579
S04,515,0.254263,0.000593,46.1388,0.05076,0.004755,46.1388,40.8762,35.2933
S04,516,0.254858,0.000594,46.1814,0.050853,0.00476,46.1814,40.9119,35.3309
S04,517,0.255452,0.000595,46.2402,0.050921,0.004763,46.2402,40.9316,35.3714
S04,518,0.256048,0.000596,46.3013,0.051021,0.004769,46.3013,40.9859,35.3954
S04,519,0.256645,0.000597,46.3058,0.051126,0.004776,46.3058,41.0125,35.4117
S04,520,0.257241,0.000597,46.3504,0.051119,0.004771,46.3504,41.0722,35.4313
S04,521,0.257838,0.000597,46.4237,0.051192,0.004775,46.4237,41.1005,35.4647
S04,522,0.258437,0.000598,46.5072,0.051321,0.004784,46.5072,41.1303,35.5025
S04,523,0.259036,0.000599,46.5461,0.051472,0.004795,46.5461,41.1739,35.5373
S04,524,0.259636,0.0006,46.5834,0.051534,0.004797,46.5834,41.1852,35.5685
S04,525,0.260237,0.000601,46.594,0.051592,0.004799,46.594,41.2029,35.5931
S04,526,0.260837,0.000601,46.6119,0.051598,0.004796,46.6119,41.2441,35.634
S04,527,0.261438,0.000601,46.6632,0.051618,0.004794,46.6632,41.2852,35.6664
S04,528,0.26204,0.000602,46.6777,0.051705,0.004799,46.6777,41.3111,35.6651
S04,529,0.262642,0.000602,46.7604,0.051719,0.004796,46.7604,41.3276,35.6979
S04,530,0.263245,0.000603,46.7971,0.051869,0.004807,46.7971,41.3455,35.7371
S04,531,0.263848,0.000604,46.8342,0.051927,0.004809,46.8342,41.3982,35.7461
S04,532,0.264453,0.000604,46.8829,0.051986,0.004811,46.8829,41.4406,35.7595
S04,533,0.265057,0.000605,46.901,0.052069,0.004815,46.901,41.4845,35.7733
S04,534,0.265662,0.000605,46.9103,0.05209,0.004814,46.9103,41.5241,35.792
S04,535,0.266268,0.000605,46.9742,0.052093,0.00481,46.9742,41.5602,35.8114
S04,536,0.266874,0.000606,47.0104,0.052207,0.004818,47.0104,41.6,35.8556
S04,537,0.26748,0.000607,47.0868,0.052265,0.004819,47.0868,41.6201,35.8726
S04,538,0.268088,0.000608,47.1144,0.052404,0.004829,47.1144,41.6552,35.8978
S04,539,0.268696,0.000608,47.158,0.052445,0.00483,47.158,41.7087,35.9221
S04,540,0.269305,0.000609,47.1898,0.052518,0.004833,47.1898,41.7408,35.9416
S04,541,0.269914,0.000609,47.226,0.052568,0.004834,47.226,41.7873,35.9694
S04,542,0.270524,0.00061,47.2197,0.052626,0.004836,47.2197,41.8439,35.9987
S04,543,0.271133,0.00061,47.2235,0.052599,0.00483,47.2235,41.8712,36.0161
S04,544,0.271743,0.00061,47.2633,0.052592,0.004825,47.2633,41.8995,36.0162
S04,545,0.272353,0.00061,47.2925,0.052658,0.004828,47.2925,41.9484,36.025
S04,546,0.272964,0.000611,47.3701,0.052703,0.004829,47.3701,41.9675,36.0395
S04,547,0.273576,0.000612,47.4062,0.052846,0.004839,47.4062,41.9927,36.0593
S04,548,0.274188,0.000612,47.4559,0.052905,0.004841,47.4559,42.0269,36.1096
S04,549,0.274801,0.000613,47.493,0.052992,0.004846,47.493,42.0653,36.1281
S04,550,0.275415,0.000614,47.5022,0.053053,0.004848,47.5022,42.0867,36.1598
S04,551,0.276028,0.000614,47.5575,0.053058,0.004845,47.5575,42.1212,36.1989
S04,552,0.276643,0.000614,47.558,0.053157,0.004851,47.558,42.1492,36.2214
S04,553,0.277257,0.000614,47.6067,0.053144,0.004846,47.6067,42.1704,36.2565
S04,554,0.277873,0.000615,47.6323,0.053229,0.004851,47.6323,42.2053,36.2739
S04,555,0.278488,0.000616,47.6508,0.053267,0.004851,47.6508,42.2312,36.3065
S04,556,0.279104,0.000616,47.6788,0.053291,0.004849,47.6788,42.2514,36.3446
S04,557,0.27972,0.000616,47.7172,0.053335,0.00485,47.7172,42.2721,36.3811
S04,558,0.280337,0.000617,47.7611,0.0534,0.004853,47.7611,42.289,36.3852
S04,559,0.280954,0.000617,47.7791,0.053476,0.004857,47.7791,42.3242,36.4081
S04,560,0.281572,0.000618,47.8174,0.053499,0.004855,47.8174,42.3499,36.4383
S04,561,0.28219,0.000618,47.8628,0.053565,0.004858,47.8628,42.3981,36.4589
S04,562,0.282809,0.000619,47.9078,0.053645,0.004862,47.9078,42.4414,36.4831
S04,563,0.283429,0.00062,47.9142,0.053724,0.004866,47.9142,42.4813,36.5166
S04,564,0.284049,0.00062,47.997,0.053724,0.004863,47.997,42.5012,36.5393
S04,565,0.284669,0.000621,47.9943,0.053881,0.004874,47.9943,42.5395,36.5654
S04,566,0.28529,0.000621,48.0343,0.053862,0.004869,48.0343,42.5767,36.5819
S04,567,0.285912,0.000621,48.0826,0.053932,0.004872,48.0826,42.6334,36.5964
S04,568,0.286534,0.000622,48.1153,0.054019,0.004877,48.1153,42.67,36.6319
S04,569,0.287157,0.000623,48.1609,0.054073,0.004879,48.1609,42.7,36.6451
S04,570,0.28778,0.000623,48.1785,0.054155,0.004883,48.1785,42.735,36.6617
S04,571,0.288403,0.000624,48.2174,0.054178,0.004882,48.2174,42.7787,36.6721
S04,572,0.289028,0.000624,48.2457,0.054246,0.004885,48.2457,42.8113,36.696
S04,573,0.289652,0.000625,48.2733,0.054292,0.004886,48.2733,42.8258,36.716
S04,574,0.290277,0.000625,48.2867,0.054337,0.004887,48.2867,42.865,36.7557
S04,575,0.290902,0.000625,48.2872,0.054352,0.004885,48.2872,42.89,36.7856
S04,576,0.291527,0.000625,48.3086,0.05434,0.00488,48.3086,42.9197,36.8074
S04,577,0.292153,0.000625,48.3728,0.054372,0.00488,48.3728,42.9519,36.8426
S04,578,0.292779,0.000626,48.4427,0.054494,0.004888,48.4427,42.9881,36.8625
S04,579,0.293407,0.000627,48.5102,0.054628,0.004898,48.5102,43.0301,36.8709
S04,580,0.294035,0.000628,48.5542,0.054757,0.004907,48.5542,43.0687,36.8889
S04,581,0.294664,0.000629,48.5929,0.054837,0.004911,48.5929,43.0954,36.9092
S04,582,0.295294,0.00063,48.6156,0.054906,0.004914,48.6156,43.1298,36.9227
S04,583,0.295924,0.00063,48.6443,0.054941,0.004914,48.6443,43.1605,36.9506
S04,584,0.296554,0.00063,48.6893,0.054989,0.004915,48.6893,43.2047,36.9696
S04,585,0.297185,0.000631,48.7561,0.055072,0.00492,48.7561,43.2132,37.0077
S04,586,0.297817,0.000632,48.801,0.055201,0.004929,48.801,43.2375,37.0303
S04,587,0.29845,0.000633,48.8361,0.055284,0.004933,48.8361,43.2677,37.0725
S04,588,0.299084,0.000633,48.8832,0.055347,0.004936,48.8832,43.2926,37.1003
S04,589,0.299718,0.000634,48.9473,0.055435,0.004941,48.9473,43.3222,37.1288
S04,590,0.300353,0.000635,48.9912,0.055559,0.004949,48.9912,43.365,37.157
S04,591,0.300988,0.000636,49.0163,0.055641,0.004954,49.0163,43.4144,37.1879
S04,592,0.301624,0.000636,49.0685,0.055682,0.004955,49.0685,43.4521,37.2166
S04,593,0.302261,0.000637,49.124,0.055782,0.004961,49.124,43.4822,37.2271
S04,594,0.302899,0.000638,49.1701,0.055889,0.004968,49.1701,43.5046,37.2671
S04,595,0.303537,0.000638,49.19,0.055976,0.004973,49.19,43.5488,37.2959
S04,596,0.304176,0.000639,49.2411,0.056007,0.004972,49.2411,43.576,37.32
S04,597,0.304815,0.000639,49.2535,0.056106,0.004978,49.2535,43.6051,37.3448
S04,598,0.305455,0.00064,49.2936,0.056121,0.004977,49.2936,43.6277,37.3835
S04,599,0.306095,0.00064,49.3101,0.056195,0.00498,49.3101,43.6625,37.4139
S04,600,0.306735,0.00064,49.3534,0.05622,0.00498,49.3534,43.6786,37.4146
S04,601,0.307376,0.000641,49.373,0.056302,0.004984,49.373,43.7166,37.4262
S04,602,0.308018,0.000641,49.4401,0.056333,0.004984,49.4401,43.7154,37.4448
S04,603,0.30866,0.000642,49.5184,0.056466,0.004993,49.5184,43.7384,37.4705
S04,604,0.309304,0.000644,49.5614,0.056625,0.005005,49.5614,43.7696,37.4759
S04,605,0.309948,0.000644,49.6162,0.056707,0.005009,49.6162,43.7993,37.4979
S04,606,0.310593,0.000645,49.6717,0.056815,0.005016,49.6717,43.8366,37.5281
S04,607,0.311239,0.000646,49.7083,0.056925,0.005024,49.7083,43.8596,37.5583
S04,608,0.311885,0.000647,49.7301,0.056994,0.005027,49.7301,43.8855,37.5858
S04,609,0.312532,0.000647,49.7924,0.057031,0.005027,49.7924,43.9408,37.5921
S04,610,0.31318,0.000648,49.8613,0.057156,0.005036,49.8613,43.9748,37.6147
S04,611,0.313829,0.000649,49.8981,0.057296,0.005046,49.8981,44.0095,37.6449
S04,612,0.314478,0.000649,49.9579,0.057366,0.005049,49.9579,44.0505,37.6695
S04,613,0.315129,0.00065,50.0161,0.057487,0.005057,50.0161,44.0838,37.729
S04,614,0.31578,0.000651,50.0826,0.057605,0.005065,50.0826,44.1278,37.7652
S04,615,0.316432,0.000652,50.1151,0.057741,0.005075,50.1151,44.1686,37.7954
S04,616,0.317085,0.000653,50.1778,0.057802,0.005077,50.1778,44.2022,37.8124
S04,617,0.317739,0.000654,50.2275,0.057931,0.005086,50.2275,44.2364,37.8318
S04,618,0.318393,0.000655,50.2966,0.058031,0.005092,50.2966,44.287,37.8598
S04,619,0.319049,0.000656,50.3394,0.058174,0.005102,50.3394,44.324,37.8931
S04,620,0.319705,0.000656,50.3752,0.058259,0.005107,50.3752,44.3616,37.9011
S04,621,0.320362,0.000657,50.4083,0.058329,0.005111,50.4083,44.3875,37.9256
S04,622,0.321019,0.000657,50.4522,0.058392,0.005114,50.4522,44.408,37.9401
S04,623,0.321677,0.000658,50.5119,0.05848,0.005119,50.5119,44.4538,37.9597
S04,624,0.322336,0.000659,50.5707,0.058604,0.005127,50.5707,44.4889,37.9862
S04,625,0.322996,0.00066,50.6176,0.058726,0.005135,50.6176,44.5396,38.0138
S04,626,0.323657,0.000661,50.6666,0.058822,0.005141,50.6666,44.5776,38.0395
S04,627,0.324318,0.000661,50.7294,0.058922,0.005147,50.7294,44.6031,38.0878
S04,628,0.32498,0.000662,50.7628,0.059054,0.005156,50.7628,44.6467,38.1258
S04,629,0.325643,0.000663,50.8185,0.059119,0.00516,50.8185,44.659,38.1491
S04,630,0.326307,0.000664,50.862,0.059236,0.005167,50.862,44.7027,38.1811
S04,631,0.326971,0.000664,50.9252,0.059325,0.005173,50.9252,44.7419,38.2187
S04,632,0.327637,0.000665,50.9738,0.059459,0.005182,50.9738,44.7885,38.2538
S04,633,0.328303,0.000666,51.0231,0.05956,0.005188,51.0231,44.8382,38.2879
S04,634,0.32897,0.000667,51.072,0.059662,0.005195,51.072,44.87,38.3164
S04,635,0.329637,0.000668,51.1306,0.059765,0.005201,51.1306,44.8954,38.3339
S04,636,0.330306,0.000669,51.181,0.059889,0.005209,51.181,44.9263,38.3711
S04,637,0.330976,0.000669,51.254,0.059995,0.005216,51.254,44.9644,38.3946
S04,638,0.331646,0.000671,51.2703,0.060154,0.005228,51.2703,44.9897,38.4296
S04,639,0.332317,0.000671,51.326,0.060182,0.005228,51.326,45.0455,38.4581
S04,640,0.332989,0.000672,51.3936,0.060301,0.005235,51.3936,45.0949,38.4853
S04,641,0.333662,0.000673,51.4671,0.060448,0.005246,51.4671,45.1104,38.4878
S04,642,0.334336,0.000674,51.5439,0.060609,0.005257,51.5439,45.1385,38.5307
S04,643,0.335011,0.000675,51.6233,0.060777,0.005269,51.6233,45.1733,38.5425
S04,644,0.335687,0.000677,51.6757,0.060953,0.005282,51.6757,45.2268,38.5673
S04,645,0.336365,0.000677,51.7618,0.061066,0.00529,51.7618,45.2664,38.5958
S04,646,0.337044,0.000679,51.7927,0.061258,0.005304,51.7927,45.2947,38.6179
S04,647,0.337723,0.000679,51.84,0.061322,0.005307,51.84,45.34,38.6278
S04,648,0.338403,0.00068,51.9243,0.061424,0.005313,51.9243,45.3754,38.6523
S04,649,0.339084,0.000681,51.9856,0.061613,0.005327,51.9856,45.3999,38.6768
S04,650,0.339767,0.000682,52.0364,0.061748,0.005336,52.0364,45.4288,38.7245
S04,651,0.34045,0.000683,52.0722,0.06186,0.005344,52.0722,45.4625,38.7533
S04,652,0.341133,0.000684,52.1267,0.061936,0.005348,52.1267,45.4973,38.7866
S04,653,0.341818,0.000685,52.1763,0.062056,0.005356,52.1763,45.5372,38.8194
S04,654,0.342504,0.000685,52.2427,0.062166,0.005363,52.2427,45.5666,38.8548
S04,655,0.34319,0.000687,52.3225,0.062315,0.005373,52.3225,45.6276,38.8893
S04,656,0.343878,0.000688,52.3363,0.062496,0.005386,52.3363,45.6572,38.9205
S04,657,0.344566,0.000688,52.372,0.062522,0.005386,52.372,45.697,38.9418
S04,658,0.345255,0.000689,52.4311,0.062599,0.005391,52.4311,45.7471,38.9721
S04,659,0.345944,0.00069,52.4953,0.062732,0.0054,52.4953,45.7855,39.0074
S04,660,0.346635,0.000691,52.5205,0.062878,0.00541,52.5205,45.8161,39.0368
S04,661,0.347326,0.000691,52.592,0.062931,0.005412,52.592,45.8542,39.0662
S04,662,0.348018,0.000692,52.6386,0.063094,0.005424,52.6386,45.8965,39.0929
S04,663,0.348711,0.000693,52.6931,0.063199,0.005431,52.6931,45.9261,39.1349
S04,664,0.349405,0.000694,52.7212,0.063323,0.005439,52.7212,45.9682,39.1547
S04,665,0.350099,0.000694,52.8007,0.063383,0.005442,52.8007,45.999,39.1759
S04,666,0.350795,0.000696,52.8148,0.063568,0.005455,52.8148,46.0345,39.2104
S04,667,0.351491,0.000696,52.8754,0.063595,0.005455,52.8754,46.073,39.2447
S04,668,0.352188,0.000697,52.9381,0.063735,0.005465,52.9381,46.1186,39.2985
S04,669,0.352886,0.000698,52.9862,0.06388,0.005475,52.9862,46.158,39.3196
S04,670,0.353584,0.000699,53.0618,0.063989,0.005482,53.0618,46.1823,39.3464
S04,671,0.354284,0.0007,53.1138,0.064166,0.005495,53.1138,46.2089,39.3741
S04,672,0.354985,0.000701,53.1079,0.064286,0.005503,53.1079,46.2477,39.3932
S04,673,0.355686,0.000701,53.1712,0.064266,0.005499,53.1712,46.2866,39.424
S04,674,0.356388,0.000702,53.2269,0.064414,0.00551,53.2269,46.352,39.4492
S04,675,0.35709,0.000703,53.2794,0.064544,0.005518,53.2794,46.3898,39.48
S04,676,0.357794,0.000704,53.3513,0.064666,0.005527,53.3513,46.4341,39.5101
S04,677,0.358499,0.000705,53.4201,0.064836,0.005539,53.4201,46.4832,39.5253
S04,678,0.359205,0.000706,53.4518,0.064999,0.00555,53.4518,46.5267,39.5626
S04,679,0.359911,0.000706,53.4958,0.065072,0.005554,53.4958,46.5596,39.5795
S04,680,0.360618,0.000707,53.5249,0.065175,0.005561,53.5249,46.6031,39.6147
S04,681,0.361326,0.000708,53.6112,0.065241,0.005565,53.6112,46.6388,39.638
S04,682,0.362035,0.000709,53.6692,0.065448,0.00558,53.6692,46.6973,39.6815
S04,683,0.362745,0.00071,53.6998,0.065586,0.005589,53.6998,46.7392,39.7209
S04,684,0.363456,0.000711,53.7008,0.065657,0.005593,53.7008,46.7768,39.7337
S04,685,0.364166,0.000711,53.7188,0.065655,0.005591,53.7188,46.8272,39.7797
S04,686,0.364877,0.000711,53.7793,0.065695,0.005593,53.7793,46.8593,39.8131
S04,687,0.365589,0.000712,53.8367,0.06584,0.005603,53.8367,46.8961,39.8424
S04,688,0.366302,0.000713,53.909,0.065978,0.005612,53.909,46.926,39.8578
S04,689,0.367016,0.000714,53.9559,0.066153,0.005625,53.9559,46.9508,39.892
S04,690,0.367731,0.000715,54.0267,0.066265,0.005632,54.0267,46.9875,39.9054
S04,691,0.368447,0.000716,54.0674,0.066438,0.005645,54.0674,47.0255,39.9314
S04,692,0.369164,0.000717,54.1404,0.066535,0.005651,54.1404,47.0543,39.966
S04,693,0.369882,0.000718,54.1872,0.066714,0.005664,54.1872,47.101,39.992
S04,694,0.370601,0.000719,54.2383,0.066828,0.005671,54.2383,47.1316,40.0156
S04,695,0.371321,0.00072,54.2942,0.066952,0.005679,54.2942,47.1609,40.0283
S04,696,0.372042,0.000721,54.3442,0.067089,0.005689,54.3442,47.2011,40.0738
S04,697,0.372763,0.000722,54.3869,0.067211,0.005697,54.3869,47.2629,40.1033
S04,698,0.373485,0.000722,54.4656,0.067316,0.005704,54.4656,47.308,40.1361
S04,699,0.374209,0.000724,54.5325,0.067511,0.005718,54.5325,47.3515,40.1696
S04,700,0.374934,0.000725,54.5736,0.067677,0.00573,54.5736,47.3766,40.1915
S04,701,0.375659,0.000725,54.6319,0.067779,0.005736,54.6319,47.4165,40.2298
S04,702,0.376386,0.000726,54.7084,0.067924,0.005746,54.7084,47.4575,40.2596
S04,703,0.377113,0.000728,54.7385,0.068116,0.00576,54.7385,47.4999,40.2838
S04,704,0.377842,0.000728,54.8245,0.06819,0.005764,54.8245,47.5532,40.321
S04,705,0.378571,0.00073,54.948,0.068407,0.00578,54.948,47.6017,40.3377
S04,706,0.379303,0.000732,55.0147,0.068721,0.005803,55.0147,47.6529,40.378
S04,707,0.380036,0.000733,55.074,0.06889,0.005815,55.074,47.6867,40.4176
S04,708,0.380771,0.000734,55.1337,0.069041,0.005826,55.1337,47.7367,40.4517
S04,709,0.381506,0.000735,55.1766,0.069192,0.005836,55.1766,47.7667,40.4737
S04,710,0.382242,0.000736,55.2098,0.069301,0.005843,55.2098,47.8043,40.5019
S04,711,0.382978,0.000736,55.278,0.069385,0.005849,55.278,47.8515,40.5303
S04,712,0.383716,0.000738,55.3101,0.06956,0.005861,55.3101,47.8989,40.5533
S04,713,0.384454,0.000738,55.3846,0.069641,0.005866,55.3846,47.9401,40.5977
S04,714,0.385194,0.00074,55.4661,0.069833,0.00588,55.4661,47.982,40.6182
S04,715,0.385935,0.000741,55.4977,0.070044,0.005895,55.4977,48.0167,40.6548
S04,716,0.386676,0.000742,55.5516,0.070125,0.0059,55.5516,48.0747,40.6798
S04,717,0.387419,0.000742,55.5972,0.070265,0.005909,55.5972,48.1008,40.7094
S04,718,0.388162,0.000743,55.6406,0.070383,0.005917,55.6406,48.1428,40.7339
S04,719,0.388906,0.000744,55.7048,0.070495,0.005925,55.7048,48.1843,40.7696
S04,720,0.389651,0.000745,55.7471,0.070663,0.005936,55.7471,48.2466,40.7946
S04,721,0.390397,0.000746,55.8376,0.070773,0.005944,55.8376,48.3009,40.8253
S04,722,0.391145,0.000748,55.9028,0.071011,0.005961,55.9028,48.3488,40.85
S04,723,0.391893,0.000749,55.9809,0.071183,0.005973,55.9809,48.4092,40.8759
S04,724,0.392643,0.00075,56.0373,0.07139,0.005987,56.0373,48.4562,40.9169
S04,725,0.393394,0.000751,56.1059,0.071539,0.005998,56.1059,48.5027,40.9558
S04,726,0.394147,0.000752,56.2052,0.071721,0.00601,56.2052,48.5691,40.9799
S04,727,0.394901,0.000754,56.2437,0.071986,0.006029,56.2437,48.622,41.0017
S04,728,0.395656,0.000755,56.2899,0.072089,0.006036,56.2899,48.6726,41.0291
S04,729,0.396411,0.000756,56.3639,0.072212,0.006045,56.3639,48.7176,41.06
S04,730,0.397168,0.000757,56.3789,0.072411,0.006059,56.3789,48.7659,41.0964
S04,731,0.397925,0.000757,56.4423,0.072451,0.006061,56.4423,48.8012,41.136
S04,732,0.398683,0.000758,56.5099,0.072622,0.006073,56.5099,48.853,41.1615
S04,733,0.399443,0.00076,56.5561,0.072804,0.006085,56.5561,48.908,41.2
S04,734,0.400203,0.00076,56.5926,0.072929,0.006094,56.5926,48.955,41.2223
S04,735,0.400964,0.000761,56.6587,0.073028,0.0061,56.6587,49.0066,41.2364
S04,736,0.401727,0.000762,56.6902,0.073208,0.006113,56.6902,49.0332,41.2857
S04,737,0.402489,0.000763,56.7513,0.073294,0.006119,56.7513,49.0916,41.3271
S04,738,0.403253,0.000764,56.8075,0.073461,0.00613,56.8075,49.131,41.3586
S04,739,0.404018,0.000765,56.8252,0.073615,0.006141,56.8252,49.1811,41.3974
S04,740,0.404783,0.000765,56.8892,0.073664,0.006144,56.8892,49.2243,41.4178
S04,741,0.40555,0.000766,56.9392,0.07384,0.006156,56.9392,49.2803,41.4646
S04,742,0.406317,0.000767,56.9821,0.073978,0.006166,56.9821,49.338,41.4906
S04,743,0.407085,0.000768,57.03,0.074097,0.006174,57.03,49.4043,41.533
S04,744,0.407854,0.000769,57.1149,0.07423,0.006183,57.1149,49.4316,41.5806
S04,745,0.408624,0.00077,57.1388,0.074465,0.006199,57.1388,49.4948,41.6211
S04,746,0.409395,0.000771,57.1716,0.074532,0.006204,57.1716,49.547,41.6776
S04,747,0.410167,0.000771,57.2428,0.074625,0.00621,57.2428,49.5999,41.7031
S04,748,0.41094,0.000773,57.3078,0.074823,0.006224,57.3078,49.629,41.7384
S04,749,0.411713,0.000774,57.3573,0.075005,0.006237,57.3573,49.6649,41.7753
S04,750,0.412488,0.000775,57.3984,0.075145,0.006246,57.3984,49.7227,41.8096
S04,751,0.413264,0.000776,57.4778,0.075261,0.006254,57.4778,49.7774,41.8229
S04,752,0.414041,0.000777,57.5118,0.075484,0.00627,57.5118,49.8231,41.8574
S04,753,0.414819,0.000778,57.6062,0.075581,0.006276,57.6062,49.8692,41.8919
S04,754,0.415598,0.000779,57.6723,0.075848,0.006295,57.6723,49.911,41.911
S04,755,0.416379,0.000781,57.7506,0.076036,0.006308,57.7506,49.9638,41.9368
S04,756,0.417161,0.000782,57.8259,0.076258,0.006324,57.8259,49.9983,41.985
S04,757,0.417945,0.000784,57.8887,0.076473,0.006339,57.8887,50.0748,42.0053
S04,758,0.418729,0.000785,57.9577,0.076654,0.006351,57.9577,50.126,42.0377
S04,759,0.419515,0.000786,58.0554,0.076852,0.006365,58.0554,50.1817,42.0697
S04,760,0.420303,0.000788,58.1015,0.077132,0.006384,58.1015,50.2404,42.1238
S04,761,0.421092,0.000789,58.1729,0.077266,0.006394,58.1729,50.2825,42.1663
S04,762,0.421882,0.00079,58.2153,0.077473,0.006408,58.2153,50.3558,42.1955
S04,763,0.422673,0.000791,58.2649,0.077597,0.006417,58.2649,50.4061,42.2097
S04,764,0.423464,0.000792,58.3476,0.077743,0.006427,58.3476,50.4681,42.2328
S04,765,0.424258,0.000793,58.4244,0.077984,0.006443,58.4244,50.5125,42.2588
S04,766,0.425053,0.000795,58.4897,0.078208,0.006459,58.4897,50.5496,42.282
S04,767,0.425849,0.000796,58.5926,0.0784,0.006472,58.5926,50.5849,42.3259
S04,768,0.426646,0.000798,58.6804,0.078701,0.006493,58.6804,50.6341,42.3517
S04,769,0.427446,0.0008,58.7215,0.07896,0.006511,58.7215,50.6883,42.3932
S04,770,0.428246,0.0008,58.8105,0.079083,0.006519,58.8105,50.7177,42.44
S04,771,0.429048,0.000802,58.8767,0.079346,0.006537,58.8767,50.7555,42.4832
S04,772,0.429852,0.000803,58.9346,0.079544,0.006551,58.9346,50.8149,42.4996
S04,773,0.430656,0.000804,59.016,0.079718,0.006563,59.016,50.868,42.5294
S04,774,0.431462,0.000806,59.0542,0.079961,0.006579,59.0542,50.9331,42.5508
S04,775,0.432269,0.000807,59.1086,0.080078,0.006587,59.1086,50.9974,42.5864
S04,776,0.433077,0.000808,59.1653,0.080242,0.006599,59.1653,51.0609,42.6187
S04,777,0.433885,0.000809,59.2227,0.080415,0.006611,59.2227,51.1208,42.6537
S04,778,0.434695,0.00081,59.2678,0.080589,0.006623,59.2678,51.1639,42.6703
S04,779,0.435506,0.000811,59.3663,0.080727,0.006632,59.3663,51.1952,42.716
S04,780,0.436319,0.000813,59.4335,0.081025,0.006652,59.4335,51.2664,42.7513
S04,781,0.437133,0.000814,59.512,0.08123,0.006666,59.512,51.3324,42.7945
S04,782,0.437948,0.000816,59.5526,0.081469,0.006683,59.5526,51.3722,42.8252
S04,783,0.438765,0.000816,59.6147,0.081596,0.006691,59.6147,51.4314,42.8564
S04,784,0.439582,0.000817,59.7105,0.081787,0.006705,59.7105,51.4797,42.9002
S04,785,0.440401,0.000819,59.7693,0.08208,0.006724,59.7693,51.5363,42.9273
S04,786,0.441222,0.00082,59.8412,0.082263,0.006737,59.8412,51.5955,42.9627
S04,787,0.442044,0.000822,59.8865,0.082485,0.006752,59.8865,51.6674,42.9955
S04,788,0.442867,0.000823,59.9188,0.082628,0.006762,59.9188,51.7299,43.0464
S04,789,0.44369,0.000823,59.9816,0.082732,0.006769,59.9816,51.7668,43.0776
S04,790,0.444515,0.000825,60.0495,0.082929,0.006783,60.0495,51.8197,43.102
S04,791,0.445341,0.000826,60.1211,0.083141,0.006797,60.1211,51.8683,43.1379
S04,792,0.446168,0.000827,60.1575,0.083366,0.006812,60.1575,51.9182,43.1747
S04,793,0.446996,0.000828,60.1788,0.083483,0.00682,60.1788,51.9592,43.217
S04,794,0.447824,0.000828,60.2082,0.083555,0.006826,60.2082,52.0111,43.2571
S04,795,0.448653,0.000829,60.2814,0.083652,0.006832,60.2814,52.061,43.2843
S04,796,0.449484,0.00083,60.3747,0.083883,0.006848,60.3747,52.0974,43.3295
S04,797,0.450316,0.000832,60.4544,0.084176,0.006868,60.4544,52.1593,43.3517
S04,798,0.45115,0.000834,60.5058,0.084428,0.006885,60.5058,52.2182,43.3869
S04,799,0.451985,0.000835,60.5606,0.084594,0.006896,60.5606,52.2633,43.4235
S04,800,0.452821,0.000836,60.6137,0.084771,0.006908,60.6137,52.3124,43.4473
S04,801,0.453658,0.000837,60.6705,0.084943,0.00692,60.6705,52.3592,43.4651
S04,802,0.454496,0.000838,60.7241,0.085126,0.006933,60.7241,52.4229,43.5064
S04,803,0.455335,0.000839,60.7814,0.0853,0.006944,60.7814,52.4721,43.5438
S04,804,0.456176,0.00084,60.8465,0.085487,0.006957,60.8465,52.5225,43.5839
S04,805,0.457017,0.000842,60.9252,0.085698,0.006971,60.9252,52.5844,43.6175
S04,806,0.457861,0.000843,60.985,0.085952,0.006988,60.985,52.6396,43.6392
S04,807,0.458705,0.000844,61.0681,0.086147,0.007002,61.0681,52.6944,43.6864
S04,808,0.459551,0.000846,61.1094,0.086417,0.00702,61.1094,52.7251,43.7198
S04,809,0.460398,0.000847,61.1832,0.086555,0.007029,61.1832,52.7695,43.7557
S04,810,0.461247,0.000848,61.2948,0.086796,0.007045,61.2948,52.818,43.787
S04,811,0.462097,0.000851,61.3407,0.087158,0.007069,61.3407,52.8718,43.8132
S04,812,0.462949,0.000852,61.4189,0.087312,0.00708,61.4189,52.9016,43.8501
S04,813,0.463802,0.000853,61.4515,0.087569,0.007097,61.4515,52.9633,43.8931
S04,814,0.464656,0.000854,61.5395,0.087682,0.007105,61.5395,53.0155,43.9193
S04,815,0.465511,0.000856,61.6253,0.087972,0.007124,61.6253,53.064,43.9687
S04,816,0.466369,0.000857,61.6984,0.088256,0.007143,61.6984,53.122,44.0058
S04,817,0.467227,0.000859,61.7994,0.088499,0.007159,61.7994,53.1814,44.0749
S04,818,0.468088,0.000861,61.8787,0.088833,0.007181,61.8787,53.2425,44.1063
S04,819,0.468951,0.000863,61.9484,0.089099,0.007198,61.9484,53.2956,44.1254
S04,820,0.469815,0.000864,62.0109,0.089334,0.007214,62.0109,53.3475,44.1625
S04,821,0.47068,0.000865,62.0839,0.089546,0.007228,62.0839,53.4019,44.2014
S04,822,0.471547,0.000867,62.1556,0.089793,0.007244,62.1556,53.4614,44.2287
S04,823,0.472415,0.000868,62.2512,0.090037,0.00726,62.2512,53.5068,44.2498
S04,824,0.473285,0.00087,62.3032,0.090359,0.007281,62.3032,53.5497,44.2759
S04,825,0.474156,0.000871,62.3532,0.09054,0.007293,62.3532,53.5977,44.3066
S04,826,0.475029,0.000872,62.4251,0.090714,0.007305,62.4251,53.6634,44.3612
S04,827,0.475902,0.000874,62.4836,0.090961,0.007322,62.4836,53.7193,44.3985
S04,828,0.476777,0.000875,62.5598,0.091165,0.007335,62.5598,53.7755,44.4384
S04,829,0.477654,0.000877,62.6477,0.091427,0.007352,62.6477,53.8256,44.4773
S04,830,0.478532,0.000878,62.7329,0.091729,0.007372,62.7329,53.8731,44.5134
S04,831,0.479412,0.00088,62.7936,0.092022,0.007391,62.7936,53.9284,44.5401
S04,832,0.480294,0.000881,62.877,0.092235,0.007405,62.877,53.9779,44.5825
S04,833,0.481177,0.000883,62.9406,0.092525,0.007424,62.9406,54.0404,44.6191
S04,834,0.482061,0.000884,63.0001,0.092749,0.007438,63.0001,54.084,44.6559
S04,835,0.482947,0.000886,63.1072,0.09296,0.007452,63.1072,54.132,44.6836
S04,836,0.483835,0.000888,63.1861,0.093331,0.007476,63.1861,54.1806,44.7124
S04,837,0.484725,0.00089,63.2473,0.093609,0.007494,63.2473,54.2268,44.7485
S04,838,0.485616,0.000891,63.3454,0.093827,0.007508,63.3454,54.2837,44.7733
S04,839,0.486509,0.000893,63.4504,0.094171,0.00753,63.4504,54.3348,44.7882
S04,840,0.487404,0.000895,63.5184,0.09454,0.007553,63.5184,54.4115,44.8251
S04,841,0.488301,0.000897,63.6009,0.094784,0.007569,63.6009,54.4672,44.8492
S04,842,0.489199,0.000898,63.7267,0.095078,0.007588,63.7267,54.5393,44.9013
S04,843,0.4901,0.000901,63.7831,0.095521,0.007615,63.7831,54.5982,44.9554
S04,844,0.491003,0.000902,63.8533,0.095728,0.007629,63.8533,54.6487,44.9892
S04,845,0.491907,0.000904,63.9052,0.095983,0.007645,63.9052,54.6994,45.022
S04,846,0.492812,0.000905,63.9863,0.096175,0.007658,63.9863,54.7468,45.056
S04,847,0.493718,0.000907,64.0676,0.096469,0.007676,64.0676,54.8092,45.1098
S04,848,0.494627,0.000908,64.1407,0.096764,0.007695,64.1407,54.8723,45.152
S04,849,0.495537,0.00091,64.2165,0.097031,0.007712,64.2165,54.9359,45.1839
S04,850,0.496448,0.000912,64.2843,0.097309,0.00773,64.2843,54.9967,45.2333
S04,851,0.497362,0.000913,64.3696,0.097559,0.007746,64.3696,55.0564,45.2751
S04,852,0.498277,0.000915,64.4675,0.097872,0.007765,64.4675,55.1232,45.3136
S04,853,0.499194,0.000917,64.5566,0.098229,0.007787,64.5566,55.1855,45.3512
S04,854,0.500113,0.000919,64.6172,0.098557,0.007808,64.6172,55.2378,45.3832
S04,855,0.501033,0.00092,64.6676,0.098786,0.007823,64.6676,55.3045,45.4267
S04,856,0.501955,0.000921,64.7467,0.098978,0.007835,64.7467,55.3713,45.4754
S04,857,0.502878,0.000923,64.836,0.099273,0.007854,64.836,55.4343,45.5305
S04,858,0.503803,0.000925,64.897,0.099605,0.007874,64.897,55.492,45.5724
S04,859,0.504729,0.000926,64.9616,0.099838,0.007889,64.9616,55.5462,45.5967
S04,860,0.505657,0.000928,65.0311,0.100083,0.007905,65.0311,55.6047,45.6305
S04,861,0.506587,0.000929,65.1095,0.100347,0.007921,65.1095,55.6563,45.6831
S04,862,0.507518,0.000931,65.204,0.100643,0.00794,65.204,55.7019,45.7296
S04,863,0.508451,0.000933,65.2816,0.100999,0.007962,65.2816,55.7667,45.7718
S04,864,0.509386,0.000935,65.3527,0.101294,0.00798,65.3527,55.8199,45.8136
S04,865,0.510323,0.000937,65.4262,0.101567,0.007997,65.4262,55.8821,45.8492
S04,866,0.511261,0.000938,65.4799,0.101849,0.008015,65.4799,55.9503,45.8973
S04,867,0.5122,0.000939,65.5901,0.10206,0.008028,65.5901,55.9971,45.9375
S04,868,0.513142,0.000942,65.6543,0.102478,0.008053,65.6543,56.0308,45.9917
S04,869,0.514085,0.000943,65.7332,0.102728,0.008069,65.7332,56.0818,46.0382
S04,870,0.51503,0.000945,65.8142,0.103034,0.008088,65.8142,56.1482,46.0731
S04,871,0.515977,0.000947,65.8892,0.103347,0.008107,65.8892,56.2096,46.1199
S04,872,0.516926,0.000949,66.0019,0.10364,0.008125,66.0019,56.2594,46.1655
S04,873,0.517877,0.000951,66.0861,0.104072,0.00815,66.0861,56.3022,46.1889
S04,874,0.51883,0.000953,66.1624,0.104401,0.00817,66.1624,56.3684,46.2263
S04,875,0.519785,0.000955,66.2455,0.104702,0.008189,66.2455,56.4407,46.2667
S04,876,0.520741,0.000957,66.3376,0.105028,0.008208,66.3376,56.4958,46.3152
S04,877,0.5217,0.000959,66.3963,0.105389,0.00823,66.3963,56.5417,46.3595
S04,878,0.52266,0.00096,66.5151,0.105626,0.008245,66.5151,56.5923,46.3694
S04,879,0.523623,0.000963,66.611,0.10609,0.008272,66.611,56.6691,46.4217
S04,880,0.524588,0.000965,66.6703,0.106469,0.008294,66.6703,56.73,46.4648
S04,881,0.525554,0.000966,66.7691,0.106711,0.008309,66.7691,56.8059,46.5122
S04,882,0.526522,0.000969,66.865,0.107103,0.008332,66.865,56.873,46.5529
S04,883,0.527493,0.000971,66.913,0.107485,0.008355,66.913,56.9288,46.5985
S04,884,0.528465,0.000972,67.01,0.107686,0.008368,67.01,56.9767,46.6303
S04,885,0.529439,0.000974,67.0904,0.108075,0.008391,67.0904,57.0424,46.6779
S04,886,0.530415,0.000976,67.1692,0.108401,0.00841,67.1692,57.1055,46.7185
S04,887,0.531393,0.000978,67.2635,0.108722,0.008429,67.2635,57.1509,46.7596
S04,888,0.532373,0.00098,67.3474,0.109104,0.008451,67.3474,57.21,46.8081
S04,889,0.533355,0.000982,67.4695,0.109447,0.008472,67.4695,57.2774,46.8396
S04,890,0.534339,0.000985,67.5543,0.109938,0.0085,67.5543,57.3477,46.8974
S04,891,0.535326,0.000987,67.6328,0.110287,0.00852,67.6328,57.4136,46.9392
S04,892,0.536315,0.000989,67.7074,0.110612,0.008539,67.7074,57.4656,46.9742
S04,893,0.537305,0.00099,67.8132,0.110923,0.008558,67.8132,57.5275,47.0094
S04,894,0.538298,0.000993,67.9176,0.111357,0.008582,67.9176,57.5831,47.0383
S04,895,0.539293,0.000995,68.0005,0.111788,0.008607,68.0005,57.6442,47.089
S04,896,0.540291,0.000997,68.0488,0.112135,0.008627,68.0488,57.6933,47.123
S04,897,0.541289,0.000998,68.1478,0.112346,0.00864,68.1478,57.7466,47.159
S04,898,0.54229,0.001001,68.1933,0.112758,0.008664,68.1933,57.8101,47.2159
S04,899,0.543292,0.001002,68.2829,0.112959,0.008676,68.2829,57.8933,47.2762
S04,900,0.544295,0.001004,68.361,0.113336,0.008698,68.361,57.9421,47.3236
S04,901,0.545301,0.001006,68.5015,0.113668,0.008717,68.5015,58.0097,47.3692
S04,902,0.54631,0.001009,68.5714,0.114252,0.008749,68.5714,58.0731,47.4246
S04,903,0.547321,0.001011,68.6545,0.114553,0.008767,68.6545,58.1243,47.4766
S04,904,0.548334,0.001013,68.7469,0.114909,0.008787,68.7469,58.1793,47.5022
S04,905,0.549349,0.001015,68.8458,0.115304,0.00881,68.8458,58.2417,47.5433
S04,906,0.550367,0.001017,68.9527,0.115726,0.008833,68.9527,58.2989,47.5877
S04,907,0.551387,0.00102,69.0369,0.116182,0.008858,69.0369,58.3802,47.6384
S04,908,0.552409,0.001022,69.0929,0.116547,0.008879,69.0929,58.4495,47.6746
S04,909,0.553432,0.001023,69.1705,0.116798,0.008894,69.1705,58.5161,47.7159
S04,910,0.554457,0.001025,69.2567,0.117138,0.008914,69.2567,58.5708,47.7477
S04,911,0.555485,0.001027,69.3113,0.117514,0.008935,69.3113,58.6436,47.7817
S04,912,0.556514,0.001029,69.3826,0.117761,0.00895,69.3826,58.7012,47.8395
S04,913,0.557544,0.00103,69.5198,0.118078,0.008968,69.5198,58.785,47.8803
S04,914,0.558578,0.001034,69.6066,0.118668,0.008999,69.6066,58.8471,47.9224
S04,915,0.559614,0.001036,69.6725,0.119052,0.009021,69.6725,58.9259,47.9865
S04,916,0.560651,0.001038,69.7522,0.119349,0.009038,69.7522,58.993,48.0322
S04,917,0.561691,0.00104,69.8469,0.119705,0.009058,69.8469,59.0715,48.046
S04,918,0.562733,0.001042,69.964,0.120125,0.009081,69.964,59.1137,48.0708
S04,919,0.563778,0.001045,70.0277,0.12064,0.009109,70.0277,59.1805,48.106
S04,920,0.564824,0.001046,70.1183,0.120932,0.009126,70.1183,59.2385,48.1389
S04,921,0.565872,0.001049,70.2314,0.121338,0.009148,70.2314,59.3162,48.1921
S04,922,0.566924,0.001051,70.3173,0.121841,0.009175,70.3173,59.3737,48.2202
S04,923,0.567977,0.001054,70.4273,0.122231,0.009196,70.4273,59.4227,48.2649
S04,924,0.569034,0.001056,70.5068,0.122724,0.009222,70.5068,59.4699,48.3055
S04,925,0.570092,0.001058,70.6078,0.123088,0.009242,70.6078,59.5541,48.356
S04,926,0.571153,0.001061,70.7194,0.123546,0.009267,70.7194,59.6344,48.41
S04,927,0.572217,0.001064,70.807,0.124051,0.009293,70.807,59.6995,48.4344
S04,928,0.573282,0.001066,70.9082,0.124454,0.009315,70.9082,59.7557,48.4685
S04,929,0.574351,0.001068,70.9716,0.124918,0.00934,70.9716,59.8111,48.499
S04,930,0.575421,0.00107,71.0842,0.125218,0.009357,71.0842,59.8784,48.5426
S04,931,0.576494,0.001073,71.1716,0.125734,0.009384,71.1716,59.9483,48.593
S04,932,0.577569,0.001075,71.2914,0.126141,0.009406,71.2914,60.0191,48.6354
S04,933,0.578647,0.001078,71.4007,0.126692,0.009434,71.4007,60.0909,48.6789
S04,934,0.579728,0.001081,71.473,0.127199,0.00946,71.473,60.156,48.7335
S04,935,0.580811,0.001083,71.5643,0.127544,0.009479,71.5643,60.2216,48.8012
S04,936,0.581896,0.001085,71.667,0.127974,0.009502,71.667,60.2965,48.8461
S04,937,0.582984,0.001088,71.7478,0.128456,0.009527,71.7478,60.3631,48.8972
S04,938,0.584074,0.00109,71.8259,0.128842,0.009548,71.8259,60.4317,48.9278
S04,939,0.585166,0.001092,71.9471,0.129217,0.009568,71.9471,60.4891,48.9868
S04,940,0.586261,0.001095,72.0433,0.129787,0.009597,72.0433,60.5459,49.032
S04,941,0.587359,0.001098,72.17,0.130246,0.00962,72.17,60.605,49.0759
S04,942,0.588459,0.001101,72.2504,0.130845,0.00965,72.2504,60.6783,49.1373
S04,943,0.589562,0.001103,72.3428,0.131236,0.009671,72.3428,60.7466,49.174
S04,944,0.590668,0.001105,72.4608,0.131682,0.009694,72.4608,60.8371,49.219
S04,945,0.591776,0.001109,72.5451,0.132247,0.009722,72.5451,60.8946,49.2802
S04,946,0.592887,0.001111,72.6695,0.13266,0.009744,72.6695,60.9809,49.3312
S04,947,0.594001,0.001114,72.767,0.133258,0.009773,72.767,61.0524,49.381
S04,948,0.595118,0.001117,72.8492,0.133735,0.009798,72.8492,61.1305,49.4232
S04,949,0.596237,0.001119,72.9376,0.134142,0.009819,72.9376,61.2004,49.4671
S04,950,0.597358,0.001121,73.0213,0.134579,0.009841,73.0213,61.2593,49.5202
S04,951,0.598481,0.001123,73.138,0.134996,0.009863,73.138,61.3513,49.5637
S04,952,0.599608,0.001126,73.2339,0.135567,0.009891,73.2339,61.4315,49.6146
S04,953,0.600737,0.001129,73.3819,0.136044,0.009915,73.3819,61.5078,49.6596
S04,954,0.60187,0.001133,73.4636,0.136768,0.009949,73.4636,61.5753,49.7126
S04,955,0.603005,0.001135,73.5749,0.137181,0.009971,73.5749,61.6602,49.7507
S04,956,0.604143,0.001138,73.6762,0.137736,0.009998,73.6762,61.7019,49.7839
S04,957,0.605284,0.001141,73.7808,0.138245,0.010023,73.7808,61.7675,49.847
S04,958,0.606428,0.001144,73.9243,0.138772,0.010049,73.9243,61.8523,49.8959
S04,959,0.607575,0.001148,74.0231,0.139487,0.010082,74.0231,61.9348,49.9327
S04,960,0.608726,0.00115,74.1449,0.13999,0.010107,74.1449,61.9994,49.9916
S04,961,0.60988,0.001154,74.2396,0.140605,0.010136,74.2396,62.0681,50.0448
S04,962,0.611036,0.001156,74.3519,0.141093,0.01016,74.3519,62.1493,50.0955
S04,963,0.612195,0.001159,74.4792,0.141667,0.010188,74.4792,62.2304,50.1351
S04,964,0.613358,0.001163,74.612,0.142316,0.010218,74.612,62.2998,50.1739
S04,965,0.614525,0.001167,74.7126,0.142995,0.01025,74.7126,62.3849,50.226
S04,966,0.615694,0.001169,74.8134,0.143519,0.010275,74.8134,62.4579,50.2717
S04,967,0.616866,0.001172,74.9024,0.144045,0.0103,74.9024,62.5546,50.3276
S04,968,0.618041,0.001175,75.0199,0.144515,0.010323,75.0199,62.6249,50.3785
S04,969,0.619219,0.001178,75.0978,0.145127,0.010351,75.0978,62.7239,50.4316
S04,970,0.620399,0.00118,75.1864,0.145545,0.010372,75.1864,62.7757,50.4884
S04,971,0.621582,0.001183,75.3117,0.146017,0.010395,75.3117,62.8615,50.5512
S04,972,0.622768,0.001186,75.4229,0.146675,0.010425,75.4229,62.9379,50.6122
S04,973,0.623957,0.001189,75.5445,0.147264,0.010453,75.5445,63.0135,50.6644
S04,974,0.62515,0.001193,75.6811,0.147908,0.010482,75.6811,63.0943,50.7024
S04,975,0.626346,0.001197,75.7876,0.14863,0.010515,75.7876,63.1817,50.7382
S04,976,0.627546,0.0012,75.8837,0.149203,0.010541,75.8837,63.2393,50.7676
S04,977,0.628748,0.001202,76.0512,0.149724,0.010566,76.0512,63.3144,50.8307
S04,978,0.629955,0.001207,76.176,0.150613,0.010604,76.176,63.3971,50.8941
S04,979,0.631166,0.001211,76.2519,0.151287,0.010634,76.2519,63.4896,50.9473
S04,980,0.632379,0.001213,76.3904,0.15171,0.010655,76.3904,63.5683,50.9961
S04,981,0.633596,0.001217,76.475,0.152459,0.010688,76.475,63.6436,51.0444
S04,982,0.634815,0.001219,76.5577,0.152931,0.01071,76.5577,63.7073,51.0912
S04,983,0.636037,0.001222,76.6779,0.153394,0.010732,76.6779,63.787,51.1494
S04,984,0.637262,0.001225,76.8169,0.154055,0.010761,76.8169,63.8578,51.2091
S04,985,0.638491,0.001229,76.9545,0.154818,0.010795,76.9545,63.9364,51.2522
S04,986,0.639724,0.001233,77.0926,0.155576,0.010827,77.0926,64.0074,51.3095
S04,987,0.640962,0.001237,77.2439,0.15634,0.01086,77.2439,64.0942,51.3567
S04,988,0.642204,0.001242,77.3577,0.157179,0.010896,77.3577,64.1767,51.4144
S04,989,0.643449,0.001245,77.489,0.15782,0.010924,77.489,64.2671,51.4886
S04,990,0.644698,0.001249,77.6052,0.158558,0.010956,77.6052,64.3591,51.5527
S04,991,0.64595,0.001252,77.7328,0.159218,0.010985,77.7328,64.4284,51.607
S04,992,0.647207,0.001256,77.8136,0.159941,0.011016,77.8136,64.5119,51.6676
S04,993,0.648465,0.001259,77.9676,0.160413,0.011037,77.9676,64.5882,51.7194
S04,994,0.649729,0.001263,78.1362,0.161286,0.011074,78.1362,64.666,51.7819
S04,995,0.650997,0.001268,78.2309,0.162243,0.011113,78.2309,64.7344,51.8303
S04,996,0.652268,0.001271,78.3678,0.162798,0.011137,78.3678,64.8159,51.8882
S04,997,0.653544,0.001275,78.4854,0.163588,0.01117,78.4854,64.9019,51.941
S04,998,0.654823,0.001279,78.6206,0.164274,0.011199,78.6206,64.9928,52.0097
S04,999,0.656106,0.001283,78.7155,0.165061,0.011232,78.7155,65.0616,52.0548
S04,1000,0.657392,0.001286,78.8513,0.165625,0.011256,78.8513,65.1649,52.105
S04,1001,0.658682,0.00129,78.9666,0.166421,0.011289,78.9666,65.2403,52.1605
S04,1002,0.659975,0.001294,79.1222,0.167105,0.011318,79.1222,65.3369,52.2112
S04,1003,0.661274,0.001298,79.2807,0.16802,0.011355,79.2807,65.4199,52.2686
S04,1004,0.662577,0.001303,79.4056,0.168956,0.011392,79.4056,65.5055,52.3232
S04,1005,0.663884,0.001307,79.5428,0.169704,0.011423,79.5428,65.5968,52.3798
S04,1006,0.665196,0.001311,79.6923,0.170526,0.011456,79.6923,65.6899,52.4171
S04,1007,0.666512,0.001316,79.8127,0.171422,0.011491,79.8127,65.7618,52.4668
S04,1008,0.667832,0.00132,79.9535,0.172154,0.011521,79.9535,65.8421,52.5307
S04,1009,0.669156,0.001324,80.0814,0.173007,0.011555,80.0814,65.9396,52.5781
S04,1010,0.670485,0.001328,80.2042,0.173789,0.011586,80.2042,66.0258,52.6483
S04,1011,0.671817,0.001332,80.348,0.174544,0.011616,80.348,66.1024,52.6989
S04,1012,0.673154,0.001337,80.4915,0.175426,0.011651,80.4915,66.1763,52.7514
S04,1013,0.674495,0.001341,80.6319,0.176311,0.011685,80.6319,66.2548,52.8112
S04,1014,0.675841,0.001346,80.7485,0.17718,0.011719,80.7485,66.34,52.8632
S04,1015,0.67719,0.00135,80.8993,0.177912,0.011748,80.8993,66.4309,52.8957
S04,1016,0.678545,0.001354,81.0803,0.178851,0.011784,81.0803,66.5091,52.9456
S04,1017,0.679905,0.00136,81.2282,0.179977,0.011826,81.2282,66.6017,53.0224
S04,1018,0.68127,0.001365,81.3641,0.180909,0.011862,81.3641,66.683,53.0714
S04,1019,0.68264,0.001369,81.5212,0.181771,0.011895,81.5212,66.7721,53.1079
S04,1020,0.684014,0.001375,81.6559,0.182768,0.011932,81.6559,66.8531,53.1579
S04,1021,0.685393,0.001379,81.8119,0.183631,0.011965,81.8119,66.9205,53.2155
S04,1022,0.686777,0.001384,82.0129,0.184629,0.012002,82.0129,67.0048,53.2707
S04,1023,0.688168,0.001391,82.1914,0.185913,0.012048,82.1914,67.0878,53.3393
S04,1024,0.689565,0.001397,82.3298,0.187063,0.012089,82.3298,67.1895,53.3898
S04,1025,0.690966,0.001401,82.4525,0.187968,0.012123,82.4525,67.2885,53.4591
S04,1026,0.692372,0.001405,82.6377,0.188778,0.012153,82.6377,67.3933,53.525
S04,1027,0.693783,0.001412,82.7867,0.189987,0.012196,82.7867,67.4915,53.5794
S04,1028,0.6952,0.001417,82.8914,0.190972,0.012232,82.8914,67.5875,53.6151
S04,1029,0.69662,0.00142,83.0495,0.191679,0.012259,83.0495,67.6913,53.68
S04,1030,0.698045,0.001425,83.2009,0.19273,0.012297,83.2009,67.7958,53.7347
S04,1031,0.699476,0.001431,83.3543,0.193744,0.012333,83.3543,67.8921,53.7939
S04,1032,0.700912,0.001436,83.5111,0.194775,0.012369,83.5111,68.0082,53.847
S04,1033,0.702353,0.001441,83.6929,0.195834,0.012407,83.6929,68.1145,53.8809
S04,1034,0.7038,0.001447,83.8379,0.197061,0.012449,83.8379,68.2113,53.9301
S04,1035,0.705253,0.001452,84.0026,0.198053,0.012484,84.0026,68.3059,53.9664
S04,1036,0.706711,0.001458,84.2013,0.19918,0.012523,84.2013,68.4152,54.0191
S04,1037,0.708176,0.001465,84.3394,0.200539,0.012569,84.3394,68.503,54.0758
S04,1038,0.709646,0.00147,84.505,0.201501,0.012603,84.505,68.6054,54.1235
S04,1039,0.711121,0.001476,84.7191,0.202652,0.012642,84.7191,68.7262,54.1778
S04,1040,0.712605,0.001483,84.8636,0.204137,0.012691,84.8636,68.8117,54.2423
S04,1041,0.714093,0.001488,85.0351,0.205157,0.012726,85.0351,68.9039,54.2937
S04,1042,0.715587,0.001494,85.1805,0.206367,0.012766,85.1805,69.0117,54.3694
S04,1043,0.717087,0.0015,85.3319,0.207404,0.012801,85.3319,69.1003,54.4255
S04,1044,0.718592,0.001505,85.4757,0.208488,0.012837,85.4757,69.2011,54.4818
S04,1045,0.720102,0.00151,85.6409,0.209523,0.012872,85.6409,69.3041,54.5311
S04,1046,0.721618,0.001516,85.7805,0.210713,0.012911,85.7805,69.4124,54.5963
S04,1047,0.723139,0.001521,85.9446,0.211728,0.012945,85.9446,69.4985,54.6621
S04,1048,0.724666,0.001527,86.1177,0.212921,0.012984,86.1177,69.6093,54.7279
S04,1049,0.726199,0.001533,86.2636,0.214184,0.013025,86.2636,69.7239,54.8135
S04,1050,0.727738,0.001539,86.4639,0.21526,0.01306,86.4639,69.823,54.8789
S04,1051,0.729284,0.001546,86.6424,0.216729,0.013107,86.6424,69.9308,54.9367
S04,1052,0.730836,0.001553,86.7758,0.218051,0.013149,86.7758,70.0248,55.002
S04,1053,0.732394,0.001557,86.9526,0.219055,0.013181,86.9526,70.1294,55.0646
S04,1054,0.733958,0.001564,87.1395,0.220377,0.013223,87.1395,70.2438,55.1331
S04,1055,0.735529,0.001571,87.3693,0.221781,0.013266,87.3693,70.3557,55.2005
S04,1056,0.737108,0.00158,87.5452,0.223508,0.013319,87.5452,70.4729,55.2793
S04,1057,0.738695,0.001586,87.7176,0.224848,0.01336,87.7176,70.5688,55.3394
S04,1058,0.740287,0.001593,87.9072,0.226169,0.013401,87.9072,70.6772,55.3901
S04,1059,0.741887,0.0016,88.0734,0.227626,0.013445,88.0734,70.7961,55.452
S04,1060,0.743494,0.001606,88.2201,0.228916,0.013484,88.2201,70.9005,55.4943
S04,1061,0.745105,0.001612,88.4202,0.230065,0.01352,88.4202,71.0049,55.5484
S04,1062,0.746725,0.00162,88.5963,0.231624,0.013566,88.5963,71.1194,55.6065
S04,1063,0.748351,0.001626,88.7799,0.23301,0.013608,88.7799,71.228,55.6653
S04,1064,0.749985,0.001633,88.9745,0.234461,0.013651,88.9745,71.3324,55.7432
S04,1065,0.751626,0.001641,89.2292,0.236006,0.013696,89.2292,71.4446,55.8195
S04,1066,0.753277,0.001651,89.4266,0.238027,0.013753,89.4266,71.5305,55.8982
S04,1067,0.754936,0.001659,89.6129,0.239614,0.013799,89.6129,71.6498,55.9546
S04,1068,0.756602,0.001666,89.8488,0.241124,0.013842,89.8488,71.7459,56.0267
S04,1069,0.758278,0.001676,90.0309,0.243036,0.013896,90.0309,71.8545,56.0784
S04,1070,0.75996,0.001683,90.2454,0.244531,0.013938,90.2454,71.9788,56.1556
S04,1071,0.761652,0.001691,90.4211,0.246296,0.013988,90.4211,72.0916,56.225
S04,1072,0.76335,0.001699,90.626,0.247758,0.014029,90.626,72.1906,56.281
S04,1073,0.765057,0.001707,90.8323,0.249465,0.014076,90.8323,72.2948,56.3616
S04,1074,0.766772,0.001715,91.0326,0.251195,0.014124,91.0326,72.3984,56.4192
S04,1075,0.768496,0.001723,91.2385,0.252886,0.01417,91.2385,72.5233,56.4893
S04,1076,0.770228,0.001732,91.4326,0.254634,0.014218,91.4326,72.6404,56.5571
S04,1077,0.771968,0.00174,91.6829,0.256295,0.014263,91.6829,72.7513,56.6194
S04,1078,0.773718,0.00175,91.9205,0.258437,0.014319,91.9205,72.867,56.6802
S04,1079,0.775478,0.00176,92.134,0.260489,0.014373,92.134,72.9838,56.7439
S04,1080,0.777247,0.001769,92.3231,0.262349,0.014422,92.3231,73.096,56.8019
S04,1081,0.779024,0.001777,92.5446,0.264013,0.014466,92.5446,73.2037,56.8503
S04,1082,0.780811,0.001787,92.7401,0.265966,0.014517,92.7401,73.3219,56.9172
S04,1083,0.782606,0.001795,92.9157,0.267706,0.014563,92.9157,73.4353,56.9878
S04,1084,0.784408,0.001802,93.1238,0.269282,0.014604,93.1238,73.5422,57.0445
S04,1085,0.786219,0.001811,93.2839,0.271152,0.014652,93.2839,73.6569,57.1088
S04,1086,0.788038,0.001818,93.4926,0.27261,0.01469,93.4926,73.7657,57.1737
S04,1087,0.789865,0.001827,93.7517,0.274507,0.014738,93.7517,73.8798,57.2156
S04,1088,0.791703,0.001839,93.9711,0.276867,0.014797,93.9711,73.9997,57.2861
S04,1089,0.793551,0.001848,94.2095,0.278888,0.014847,94.2095,74.116,57.3458
S04,1090,0.79541,0.001859,94.3842,0.281095,0.014901,94.3842,74.2468,57.4239
S04,1091,0.797277,0.001866,94.5867,0.282734,0.014942,94.5867,74.36,57.4916
S04,1092,0.799152,0.001875,94.812,0.284638,0.014989,94.812,74.4795,57.5682
S04,1093,0.801037,0.001885,95.0412,0.286765,0.015041,95.0412,74.6203,57.6324
S04,1094,0.802933,0.001896,95.2664,0.288944,0.015093,95.2664,74.7374,57.714
S04,1095,0.804839,0.001906,95.5083,0.291098,0.015144,95.5083,74.8661,57.7704
S04,1096,0.806756,0.001917,95.7456,0.293427,0.015199,95.7456,74.9964,57.8496
S04,1097,0.808684,0.001928,96.0134,0.295728,0.015253,96.0134,75.1282,57.9341
S04,1098,0.810624,0.00194,96.2667,0.298338,0.015313,96.2667,75.2488,58.0022
S04,1099,0.812576,0.001952,96.5361,0.30083,0.01537,96.5361,75.3618,58.0672
S04,1100,0.81454,0.001964,96.7727,0.303497,0.01543,96.7727,75.4841,58.1395
S04,1101,0.816516,0.001976,97.0417,0.305864,0.015484,97.0417,75.6076,58.2114
S04,1102,0.818504,0.001988,97.2532,0.308568,0.015544,97.2532,75.741,58.2899
S04,1103,0.820503,0.001998,97.5115,0.310721,0.015593,97.5115,75.8772,58.3495
S04,1104,0.822513,0.002011,97.7899,0.313358,0.015651,97.7899,76.0162,58.443
S04,1105,0.824537,0.002024,98.0494,0.316218,0.015713,98.0494,76.1549,58.5098
S04,1106,0.826574,0.002036,98.2676,0.31891,0.015772,98.2676,76.2892,58.5756
S04,1107,0.828621,0.002047,98.5297,0.321198,0.015822,98.5297,76.4274,58.6527
S04,1108,0.83068,0.00206,98.7993,0.323955,0.015881,98.7993,76.5683,58.7252
S04,1109,0.832754,0.002073,99.0676,0.326813,0.015941,99.0676,76.6987,58.7887
S04,1110,0.83484,0.002086,99.3645,0.329681,0.016001,99.3645,76.84,58.8502
S04,1111,0.836941,0.002101,99.6405,0.332875,0.016067,99.6405,76.9709,58.9149
S04,1112,0.839056,0.002115,99.9141,0.335874,0.016128,99.9141,77.1187,59.0051
S04,1113,0.841185,0.002129,100.1937,0.338871,0.01619,100.1937,77.2755,59.0683
S04,1114,0.843328,0.002143,100.4352,0.341959,0.016252,100.4352,77.4117,59.1295
S04,1115,0.845484,0.002155,100.6885,0.344654,0.016307,100.6885,77.5587,59.2097
S04,1116,0.847652,0.002168,100.9926,0.347499,0.016364,100.9926,77.6803,59.293
S04,1117,0.849837,0.002184,101.2714,0.350933,0.016431,101.2714,77.8314,59.3801
S04,1118,0.852035,0.002199,101.5396,0.354114,0.016493,101.5396,77.9602,59.4541
S04,1119,0.854248,0.002213,101.8253,0.3572,0.016553,101.8253,78.1184,59.5274
S04,1120,0.856476,0.002228,102.1111,0.360512,0.016617,102.1111,78.2695,59.6071
S04,1121,0.858719,0.002243,102.4071,0.363853,0.016681,102.4071,78.4171,59.695
S04,1122,0.860978,0.002259,102.7301,0.367341,0.016746,102.7301,78.5627,59.7564
S04,1123,0.863255,0.002276,103.0101,0.371178,0.016817,103.0101,78.6991,59.8361
S04,1124,0.865547,0.002292,103.2866,0.374541,0.01688,103.2866,78.8358,59.9335
S04,1125,0.867853,0.002307,103.606,0.377891,0.016941,103.606,78.9871,60.0159
S04,1126,0.870178,0.002324,103.9155,0.381787,0.017012,103.9155,79.1419,60.0963
S04,1127,0.872519,0.002342,104.234,0.385599,0.01708,104.234,79.2967,60.1711
S04,1128,0.874879,0.002359,104.5374,0.389557,0.01715,104.5374,79.4527,60.2511
S04,1129,0.877255,0.002377,104.8638,0.393366,0.017217,104.8638,79.5999,60.3216
S04,1130,0.87965,0.002395,105.1991,0.397497,0.017289,105.1991,79.7583,60.401
S04,1131,0.882065,0.002414,105.5481,0.401781,0.017363,105.5481,79.9138,60.4817
S04,1132,0.884499,0.002434,105.862,0.406284,0.017439,105.862,80.0803,60.5549
S04,1133,0.886952,0.002453,106.1884,0.410379,0.017508,106.1884,80.2422,60.6383
S04,1134,0.889424,0.002472,106.5054,0.414677,0.01758,106.5054,80.4021,60.7206
S04,1135,0.891914,0.002491,106.863,0.418892,0.01765,106.863,80.5435,60.7874
S04,1136,0.894426,0.002512,107.1907,0.423687,0.017727,107.1907,80.7067,60.8584
S04,1137,0.896957,0.002532,107.5511,0.428131,0.017799,107.5511,80.8718,60.9281
S04,1138,0.899511,0.002553,107.8789,0.433063,0.017878,107.8789,81.0157,61.0104
S04,1139,0.902084,0.002573,108.2552,0.437599,0.01795,108.2552,81.1718,61.0913
S04,1140,0.904681,0.002596,108.6072,0.442853,0.018032,108.6072,81.352,61.1661
S04,1141,0.907299,0.002618,108.962,0.447826,0.018108,108.962,81.5342,61.2663
S04,1142,0.909939,0.002641,109.3261,0.452888,0.018186,109.3261,81.6964,61.3479
S04,1143,0.912603,0.002664,109.6845,0.458139,0.018265,109.6845,81.8665,61.4309
S04,1144,0.915289,0.002686,110.0695,0.463363,0.018343,110.0695,82.0255,61.5103
S04,1145,0.918001,0.002711,110.4773,0.469033,0.018427,110.4773,82.2046,61.6028
S04,1146,0.920738,0.002738,110.8677,0.475106,0.018515,110.8677,82.3908,61.6883
S04,1147,0.923501,0.002763,111.2693,0.480991,0.018599,111.2693,82.5779,61.7719
S04,1148,0.926291,0.00279,111.652,0.487113,0.018686,111.652,82.7535,61.8592
S04,1149,0.929106,0.002815,112.0523,0.493018,0.018769,112.0523,82.9148,61.9461
S04,1150,0.931949,0.002842,112.452,0.499264,0.018855,112.452,83.0806,62.0306
S04,1151,0.934818,0.002869,112.7985,0.505575,0.018941,112.7985,83.2573,62.1184
S04,1152,0.937711,0.002893,113.2426,0.511113,0.019017,113.2426,83.4412,62.208
S04,1153,0.940635,0.002924,113.6421,0.518278,0.019112,113.6421,83.6497,62.2958
S04,1154,0.943587,0.002952,114.0852,0.524809,0.019199,114.0852,83.8475,62.3716
S04,1155,0.94657,0.002983,114.5214,0.532139,0.019294,114.5214,84.0288,62.4677
S04,1156,0.949585,0.003014,114.9721,0.539448,0.019387,114.9721,84.2293,62.5708
S04,1157,0.952631,0.003047,115.4045,0.547097,0.019484,115.4045,84.4239,62.6787
S04,1158,0.95571,0.003078,115.8586,0.554532,0.019576,115.8586,84.6067,62.7658
S04,1159,0.958822,0.003112,116.3087,0.562441,0.019674,116.3087,84.8054,62.843
S04,1160,0.961967,0.003145,116.7682,0.570386,0.01977,116.7682,85.0027,62.9412
S04,1161,0.965147,0.00318,117.2031,0.578603,0.019868,117.2031,85.1933,63.0267
S04,1162,0.968361,0.003213,117.6751,0.586485,0.019962,117.6751,85.3868,63.1125
S04,1163,0.97161,0.00325,118.1958,0.59515,0.020062,118.1958,85.5957,63.2058
S04,1164,0.9749,0.00329,118.639,0.604842,0.020173,118.639,85.7892,63.2986
S04,1165,0.978225,0.003325,119.107,0.613216,0.020268,119.107,85.9869,63.388
S04,1166,0.981588,0.003362,119.5699,0.622174,0.020368,119.5699,86.1816,63.4715
S04,1167,0.984987,0.0034,120.0367,0.631157,0.020467,120.0367,86.3899,63.5539
S04,1168,0.988425,0.003438,120.4806,0.640338,0.020566,120.4806,86.5943,63.6486
S04,1169,0.991899,0.003474,120.9264,0.649187,0.020661,120.9264,86.823,63.7434
S04,1170,0.99541,0.003511,121.3702,0.658189,0.020757,121.3702,87.0246,63.8446
S04,1171,0.998958,0.003548,121.8067,0.667268,0.020852,121.8067,87.2317,63.9367
S04,1172,1.0,0.003585,122.2673,0.676314,0.020945,122.2673,87.4422,64.0172
S04,1173,1.0,0.003625,122.6947,0.68598,0.021044,122.6947,87.6564,64.0991
S04,1174,1.0,0.003662,123.1133,0.695071,0.021136,123.1133,87.8737,64.2019
S04,1175,1.0,0.003699,123.5626,0.704083,0.021225,123.5626,88.0839,64.2973
S04,1176,1.0,0.003738,124.0324,0.713876,0.021322,124.0324,88.2892,64.4001
S04,1177,1.0,0.00378,124.4911,0.72425,0.021422,124.4911,88.5005,64.5059
S04,1178,1.0,0.003822,124.9244,0.734519,0.02152,124.9244,88.7273,64.5934
S04,1179,1.0,0.003861,125.3474,0.744346,0.021613,125.3474,88.9413,64.6852
S04,1180,1.0,0.0039,125.8109,0.75406,0.021703,125.8109,89.1667,64.7817
S04,1181,1.0,0.003944,126.2825,0.764837,0.021802,126.2825,89.3922,64.8774
S04,1182,1.0,0.003988,126.7123,0.775952,0.021903,126.7123,89.5937,64.9853
S04,1183,1.0,0.004029,127.1545,0.786216,0.021995,127.1545,89.8153,65.0911
S04,1184,1.0,0.004072,127.5829,0.79691,0.02209,127.5829,90.0399,65.1835
S04,1185,1.0,0.004113,128.0439,0.8074,0.022182,128.0439,90.2648,65.2885
S04,1186,1.0,0.004158,128.4817,0.818833,0.02228,128.4817,90.5046,65.3987
S04,1187,1.0,0.004202,128.9286,0.829831,0.022374,128.9286,90.7532,65.491
S04,1188,1.0,0.004247,129.3946,0.841204,0.022469,129.3946,90.9922,65.5945
S04,1189,1.0,0.004294,129.8625,0.853216,0.022569,129.8625,91.2252,65.6876
S04,1190,1.0,0.004342,130.2862,0.865439,0.022668,130.2862,91.4488,65.7891
S04,1191,1.0,0.004386,130.7511,0.876654,0.022759,130.7511,91.6869,65.8817
S04,1192,1.0,0.004435,131.1947,0.889114,0.022858,131.1947,91.9261,65.9977
S04,1193,1.0,0.004482,131.6546,0.901161,0.022953,131.6546,92.1675,66.1101
S04,1194,1.0,0.004531,132.1145,0.91381,0.023051,132.1145,92.418,66.2078
S04,1195,1.0,0.00458,132.5511,0.926629,0.023149,132.5511,92.6392,66.3046
S04,1196,1.0,0.004628,133.0133,0.938953,0.023243,133.0133,92.888,66.4186
S04,1197,1.0,0.004679,133.455,0.95217,0.023341,133.455,93.1291,66.5273
S04,1198,1.0,0.004728,133.948,0.964964,0.023436,133.948,93.3818,66.618
S04,1199,1.0,0.004784,134.4051,0.979435,0.02354,134.4051,93.6315,66.7346
S04,1200,1.0,0.004836,134.8662,0.993039,0.023638,134.8662,93.8822,66.8471
S04,1201,1.0,0.004889,135.3084,1.00694,0.023736,135.3084,94.1231,66.9554
S04,1202,1.0,0.004941,135.7892,1.020444,0.023831,135.7892,94.3734,67.0609
S04,1203,1.0,0.004998,136.2186,1.035318,0.023933,136.2186,94.6344,67.1677
S04,1204,1.0,0.005049,136.6686,1.048778,0.024025,136.6686,94.8781,67.2618
S04,1205,1.0,0.005103,137.105,1.063061,0.024121,137.105,95.1502,67.3629
S04,1206,1.0,0.005156,137.5606,1.077086,0.024214,137.5606,95.408,67.4634
S04,1207,1.0,0.005212,138.0049,1.091917,0.024311,138.0049,95.6453,67.5882
S04,1208,1.0,0.005267,138.4732,1.106563,0.024406,138.4732,95.9079,67.7037
S04,1209,1.0,0.005326,138.9307,1.122204,0.024506,138.9307,96.1705,67.8093
S04,1210,1.0,0.005384,139.3673,1.137685,0.024603,139.3673,96.4176,67.9568
S04,1211,1.0,0.00544,139.829,1.152648,0.024696,139.829,96.6769,68.0857
S04,1212,1.0,0.0055,140.2833,1.168672,0.024795,140.2833,96.942,68.1913
S04,1213,1.0,0.005559,140.7396,1.184644,0.024891,140.7396,97.1966,68.3002
S04,1214,1.0,0.005619,141.2261,1.200896,0.024988,141.2261,97.4723,68.4246
S04,1215,1.0,0.005685,141.6712,1.218455,0.025092,141.6712,97.7459,68.5259
S04,1216,1.0,0.005745,142.1331,1.234732,0.025187,142.1331,98.0093,68.6396
S04,1217,1.0,0.005808,142.5562,1.25184,0.025285,142.5562,98.2855,68.766
S04,1218,1.0,0.005866,143.0334,1.267705,0.025375,143.0334,98.5533,68.8796
S04,1219,1.0,0.005933,143.4702,1.285834,0.025477,143.4702,98.8118,68.9989
S04,1220,1.0,0.005994,143.9511,1.302635,0.02557,143.9511,99.0859,69.1141
S04,1221,1.0,0.006063,144.4389,1.32138,0.025672,144.4389,99.3633,69.2437
S04,1222,1.0,0.006133,144.8894,1.340657,0.025775,144.8894,99.6334,69.3808
S04,1223,1.0,0.006199,145.3206,1.358692,0.025871,145.3206,99.8965,69.4947
S04,1224,1.0,0.006262,145.76,1.376164,0.025963,145.76,100.1648,69.6008
S04,1225,1.0,0.006328,146.1882,1.394188,0.026057,146.1882,100.4545,69.714
S04,1226,1.0,0.006392,146.6237,1.411966,0.026148,146.6237,100.7259,69.8584
S04,1227,1.0,0.006458,147.0925,1.430267,0.026241,147.0925,101.0216,69.9783
S04,1228,1.0,0.00653,147.5235,1.450227,0.026341,147.5235,101.2892,70.0844
S04,1229,1.0,0.006597,147.9626,1.4688,0.026433,147.9626,101.5716,70.1997
S04,1230,1.0,0.006665,148.4219,1.487957,0.026526,148.4219,101.8651,70.3294
S04,1231,1.0,0.006738,148.8491,1.508251,0.026624,148.8491,102.1362,70.4689
S04,1232,1.0,0.006806,149.2787,1.527357,0.026715,149.2787,102.4184,70.5928
S04,1233,1.0,0.006876,149.7527,1.546798,0.026806,149.7527,102.7148,70.7178
S04,1234,1.0,0.006953,150.2089,1.568529,0.026907,150.2089,102.9895,70.8452
S04,1235,1.0,0.007028,150.6458,1.589719,0.027004,150.6458,103.2841,70.9712
S04,1236,1.0,0.007101,151.0764,1.610257,0.027097,151.0764,103.5804,71.1045
S04,1237,1.0,0.007173,151.4999,1.630743,0.027188,151.4999,103.8781,71.2336
S04,1238,1.0,0.007245,151.9688,1.65113,0.027279,151.9688,104.1844,71.3663
S04,1239,1.0,0.007326,152.4238,1.673996,0.027378,152.4238,104.4865,71.5044
S04,1240,1.0,0.007404,152.8509,1.696465,0.027475,152.8509,104.7624,71.6345
S04,1241,1.0,0.007479,153.3022,1.717811,0.027566,153.3022,105.05,71.7674
S04,1242,1.0,0.007559,153.7605,1.740647,0.027662,153.7605,105.3315,71.9135
S04,1243,1.0,0.007641,154.2255,1.764136,0.027759,154.2255,105.6266,72.0669
S04,1244,1.0,0.007725,154.6987,1.788274,0.027857,154.6987,105.9165,72.1937
S04,1245,1.0,0.007812,155.1634,1.813164,0.027957,155.1634,106.2228,72.3196
S04,1246,1.0,0.007898,155.6056,1.837925,0.028056,155.6056,106.511,72.4285
S04,1247,1.0,0.00798,156.0666,1.861769,0.02815,156.0666,106.8178,72.5637
S04,1248,1.0,0.008067,156.5313,1.886952,0.028247,156.5313,107.1225,72.7021
S04,1249,1.0,0.008156,157.0043,1.912659,0.028346,157.0043,107.4229,72.846
S04,1250,1.0,0.008247,157.4508,1.939173,0.028446,157.4508,107.7156,72.9745
S04,1251,1.0,0.008334,157.9116,1.964504,0.028541,157.9116,108.028,73.1233
S04,1252,1.0,0.008425,158.3836,1.990986,0.028638,158.3836,108.3251,73.268
S04,1253,1.0,0.008519,158.8648,2.018466,0.028738,158.8648,108.6236,73.4034
S04,1254,1.0,0.008616,159.3032,2.046855,0.02884,159.3032,108.9341,73.5305
S04,1255,1.0,0.008705,159.7556,2.073026,0.028933,159.7556,109.2503,73.6755
S04,1256,1.0,0.008798,160.2027,2.100369,0.029028,160.2027,109.5543,73.8302
S04,1257,1.0,0.00889,160.6498,2.127725,0.029123,160.6498,109.8644,73.9856
S04,1258,1.0,0.008984,161.0879,2.155417,0.029218,161.0879,110.1725,74.1189
S04,1259,1.0,0.009077,161.5245,2.182874,0.029311,161.5245,110.4778,74.277
S04,1260,1.0,0.00917,161.9616,2.210561,0.029403,161.9616,110.7809,74.4346
S04,1261,1.0,0.009264,162.4106,2.23861,0.029496,162.4106,111.102,74.6018
S04,1262,1.0,0.009362,162.8583,2.267792,0.029591,162.8583,111.4046,74.7637
S04,1263,1.0,0.009461,163.3212,2.297239,0.029686,163.3212,111.7157,74.9315
S04,1264,1.0,0.009564,163.7721,2.328079,0.029784,163.7721,112.0254,75.0771
S04,1265,1.0,0.009665,164.2187,2.358486,0.029879,164.2187,112.3328,75.2189
S04,1266,1.0,0.009767,164.7069,2.388966,0.029974,164.7069,112.6523,75.3606
S04,1267,1.0,0.009879,165.1568,2.422751,0.030076,165.1568,112.9543,75.5103
S04,1268,1.0,0.009984,165.6208,2.454251,0.030172,165.6208,113.2641,75.6594
S04,1269,1.0,0.010093,166.0773,2.487153,0.030269,166.0773,113.5775,75.8027
S04,1270,1.0,0.010201,166.5409,2.519923,0.030366,166.5409,113.8925,75.9603
S04,1271,1.0,0.010312,167.0078,2.553632,0.030464,167.0078,114.2217,76.0926
S04,1272,1.0,0.010425,167.4386,2.588013,0.030562,167.4386,114.5407,76.243
S04,1273,1.0,0.01053,167.8668,2.620074,0.030653,167.8668,114.8616,76.3836
S04,1274,1.0,0.010636,168.3452,2.652313,0.030744,168.3452,115.1691,76.5531
S04,1275,1.0,0.010755,168.7702,2.688842,0.030845,168.7702,115.4739,76.6999
S04,1276,1.0,0.010862,169.2312,2.721624,0.030935,169.2312,115.7929,76.8496
S04,1277,1.0,0.01098,169.6876,2.757655,0.031032,169.6876,116.1275,77.0108
S04,1278,1.0,0.011097,170.1528,2.793768,0.031128,170.1528,116.465,77.1581
S04,1279,1.0,0.011218,170.6072,2.831044,0.031226,170.6072,116.7837,77.3345
S04,1280,1.0,0.011337,171.0636,2.86789,0.031322,171.0636,117.1299,77.4932
S04,1281,1.0,0.011459,171.532,2.905361,0.031418,171.532,117.4407,77.65
S04,1282,1.0,0.011584,171.9534,2.94431,0.031517,171.9534,117.7654,77.793
S04,1283,1.0,0.011698,172.424,2.979696,0.031606,172.424,118.1088,77.9703
S04,1284,1.0,0.011827,172.9026,3.019774,0.031705,172.9026,118.4329,78.1219
S04,1285,1.0,0.011959,173.3771,3.061061,0.031806,173.3771,118.7603,78.2763
S04,1286,1.0,0.012092,173.8534,3.102527,0.031905,173.8534,119.0904,78.4632
S04,1287,1.0,0.012227,174.2703,3.144675,0.032005,174.2703,119.4282,78.6252
S04,1288,1.0,0.012345,174.7352,3.181893,0.032094,174.7352,119.7705,78.7693
S04,1289,1.0,0.012479,175.1857,3.223995,0.032191,175.1857,120.0948,78.9281
S04,1290,1.0,0.01261,175.6213,3.265255,0.032286,175.6213,120.4287,79.0627
S04,1291,1.0,0.012738,176.1054,3.305595,0.032378,176.1054,120.7693,79.2214
S04,1292,1.0,0.012882,176.5883,3.351084,0.03248,176.5883,121.0937,79.3915
S04,1293,1.0,0.013028,177.0482,3.397044,0.032581,177.0482,121.4227,79.5575
S04,1294,1.0,0.013167,177.4885,3.441316,0.032677,177.4885,121.7479,79.7351
S04,1295,1.0,0.013302,177.9388,3.484152,0.03277,177.9388,122.0861,79.899
S04,1296,1.0,0.013441,178.4076,3.528509,0.032865,178.4076,122.4122,80.063
S04,1297,1.0,0.013588,178.869,3.575301,0.032963,178.869,122.7636,80.2285
S04,1298,1.0,0.013733,179.355,3.621894,0.03306,179.355,123.1158,80.4094
S04,1299,1.0,0.013889,179.8105,3.671652,0.033162,179.8105,123.4488,80.5722
S04,1300,1.0,0.014036,180.24,3.718797,0.033258,180.24,123.7968,80.7327
S04,1301,1.0,0.014175,180.6575,3.763685,0.033348,180.6575,124.1557,80.9093
S04,1302,1.0,0.014312,181.09,3.80777,0.033436,181.09,124.5188,81.0746
S04,1303,1.0,0.014455,181.578,3.853992,0.033527,181.578,124.8508,81.2325
S04,1304,1.0,0.014619,182.0468,3.90695,0.033629,182.0468,125.2012,81.3903
S04,1305,1.0,0.014778,182.5049,3.958419,0.033727,182.5049,125.5447,81.5789
S04,1306,1.0,0.014934,182.9783,4.009285,0.033823,182.9783,125.8949,81.7823
S04,1307,1.0,0.015098,183.4334,4.062543,0.033923,183.4334,126.2323,81.9613
S04,1308,1.0,0.015257,183.8854,4.114291,0.034018,183.8854,126.5836,82.1453
S04,1309,1.0,0.015416,184.3527,4.1663,0.034113,184.3527,126.92,82.3073
S04,1310,1.0,0.015583,184.783,4.220759,0.034211,184.783,127.2587,82.4982
S04,1311,1.0,0.015737,185.2758,4.271347,0.034301,185.2758,127.6184,82.6767
S04,1312,1.0,0.015917,185.7316,4.33024,0.034404,185.7316,127.9779,82.8513
S04,1313,1.0,0.016084,186.148,4.385254,0.034499,186.148,128.3146,83.0382
S04,1314,1.0,0.016237,186.6122,4.435902,0.034587,186.6122,128.6803,83.2252
S04,1315,1.0,0.016411,187.0179,4.493231,0.034684,187.0179,129.0285,83.4076
S04,1316,1.0,0.016563,187.4688,4.54364,0.034769,187.4688,129.3679,83.5937
S04,1317,1.0,0.016735,187.9293,4.600518,0.034864,187.9293,129.7205,83.7847
S04,1318,1.0,0.016912,188.3899,4.659326,0.03496,188.3899,130.0635,83.9767
S04,1319,1.0,0.017091,188.8198,4.718839,0.035056,188.8198,130.4374,84.158
S04,1320,1.0,0.017259,189.2515,4.774867,0.035146,189.2515,130.7869,84.3505
S04,1321,1.0,0.017429,189.6855,4.831768,0.035237,189.6855,131.1604,84.5454
S04,1322,1.0,0.017602,190.1655,4.8896,0.035328,190.1655,131.5177,84.7218
S04,1323,1.0,0.017796,190.596,4.954574,0.035428,190.596,131.8705,84.9046
S04,1324,1.0,0.017971,190.9996,5.013248,0.035518,190.9996,132.2353,85.088
S04,1325,1.0,0.018136,191.4311,5.068688,0.035603,191.4311,132.5808,85.286
S04,1326,1.0,0.018314,191.863,5.12875,0.035693,191.863,132.9417,85.471
S04,1327,1.0,0.018494,192.3115,5.189544,0.035783,192.3115,133.3001,85.6584
S04,1328,1.0,0.018683,192.7669,5.253463,0.035877,192.7669,133.6683,85.8536
S04,1329,1.0,0.018877,193.2365,5.319152,0.035972,193.2365,134.0393,86.0615
S04,1330,1.0,0.01908,193.6853,5.387762,0.03607,193.6853,134.4025,86.2636
S04,1331,1.0,0.019274,194.1616,5.453974,0.036164,194.1616,134.751,86.4743
S04,1332,1.0,0.019484,194.6443,5.525244,0.036263,194.6443,135.1248,86.6855
S04,1333,1.0,0.019699,195.1162,5.598377,0.036363,195.1162,135.4871,86.8833
S04,1334,1.0,0.01991,195.5712,5.670681,0.036461,195.5712,135.8541,87.0457
S04,1335,1.0,0.020116,196.0266,5.741058,0.036556,196.0266,136.2098,87.2288
S04,1336,1.0,0.020324,196.4653,5.812305,0.036651,196.4653,136.5649,87.4313
S04,1337,1.0,0.020525,196.9158,5.881572,0.036743,196.9158,136.913,87.6434
S04,1338,1.0,0.020734,197.3765,5.953579,0.036836,197.3765,137.2947,87.8275
S04,1339,1.0,0.020951,197.8222,6.028133,0.036932,197.8222,137.641,88.0273
S04,1340,1.0,0.021161,198.32,6.100948,0.037025,198.32,138.013,88.213
S04,1341,1.0,0.021401,198.7801,6.183679,0.037128,198.7801,138.3691,88.4187
S04,1342,1.0,0.021623,199.2311,6.260743,0.037224,199.2311,138.7351,88.6148
S04,1343,1.0,0.021843,199.6594,6.337039,0.037318,199.6594,139.0871,88.8279
S04,1344,1.0,0.022052,200.0,6.410042,0.037407,200.0,139.467,89.0368
S04,1345,1.0,0.022217,200.0,6.467722,0.037479,200.0,139.8251,89.2139
S04,1346,1.0,0.0222,200.0,6.463195,0.037482,200.0,140.1821,89.4207
S04,1347,1.0,0.022184,200.0,6.458656,0.037486,200.0,140.5435,89.6228
S04,1348,1.0,0.022167,200.0,6.454105,0.037489,200.0,140.9107,89.8161
S04,1349,1.0,0.02215,200.0,6.449543,0.037493,200.0,141.2858,90.0115
S04,1350,1.0,0.022134,200.0,6.444969,0.037496,200.0,141.6347,90.214
S04,1351,1.0,0.022117,200.0,6.440382,0.0375,200.0,141.9883,90.4147
S04,1352,1.0,0.0221,200.0,6.435784,0.037503,200.0,142.3534,90.6248
S04,1353,1.0,0.022083,200.0,6.431175,0.037507,200.0,142.6977,90.8466
S04,1354,1.0,0.022067,200.0,6.426553,0.03751,200.0,143.0196,91.0312
S04,1355,1.0,0.02205,200.0,6.421919,0.037513,200.0,143.3767,91.2444
S04,1356,1.0,0.022033,200.0,6.417273,0.037517,200.0,143.7214,91.4298
S04,1357,1.0,0.022016,200.0,6.412616,0.03752,200.0,144.0733,91.633
S04,1358,1.0,0.021999,200.0,6.407947,0.037523,200.0,144.4132,91.8414
S04,1359,1.0,0.021982,200.0,6.403265,0.037527,200.0,144.7377,92.0392
S04,1360,1.0,0.021965,200.0,6.398572,0.03753,200.0,145.0727,92.2606
S04,1361,1.0,0.021948,200.0,6.393867,0.037533,200.0,145.4097,92.4601
S04,1362,1.0,0.021931,200.0,6.389149,0.037536,200.0,145.7391,92.6703
S04,1363,1.0,0.021914,200.0,6.38442,0.037539,200.0,146.0818,92.8949
S04,1364,1.0,0.021897,200.0,6.379679,0.037542,200.0,146.3944,93.1188
S04,1365,1.0,0.02188,200.0,6.374926,0.037546,200.0,146.7166,93.336
S04,1366,1.0,0.021863,200.0,6.37016,0.037549,200.0,147.0332,93.5372
S04,1367,1.0,0.021846,200.0,6.365383,0.037552,200.0,147.3392,93.7477
S04,1368,1.0,0.021828,200.0,6.360594,0.037555,200.0,147.6635,93.9809
S04,1369,1.0,0.021811,200.0,6.355793,0.037558,200.0,147.9816,94.2204
S04,1370,1.0,0.021794,200.0,6.350979,0.037561,200.0,148.2634,94.4376
S04,1371,1.0,0.021777,200.0,6.346154,0.037564,200.0,148.5717,94.6424
S04,1372,1.0,0.021759,200.0,6.341316,0.037567,200.0,148.8799,94.8476
S04,1373,1.0,0.021742,200.0,6.336467,0.037569,200.0,149.1908,95.0744
S04,1374,1.0,0.021725,200.0,6.331605,0.037572,200.0,149.4998,95.2957
S04,1375,1.0,0.021707,200.0,6.326731,0.037575,200.0,149.7982,95.5045
S04,1376,1.0,0.02169,200.0,6.321845,0.037578,200.0,150.112,95.7264
S04,1377,1.0,0.021672,200.0,6.316947,0.037581,200.0,150.4173,95.9611
S04,1378,1.0,0.021655,200.0,6.312037,0.037584,200.0,150.7084,96.2017
S04,1379,1.0,0.021637,200.0,6.307115,0.037586,200.0,151.0063,96.4128
S04,1380,1.0,0.02162,200.0,6.302181,0.037589,200.0,151.3072,96.6347
S04,1381,1.0,0.021602,200.0,6.297235,0.037592,200.0,151.597,96.8448
S04,1382,1.0,0.021584,200.0,6.292276,0.037594,200.0,151.8943,97.0689
S04,1383,1.0,0.021567,200.0,6.287305,0.037597,200.0,152.1858,97.289
S04,1384,1.0,0.021549,200.0,6.282322,0.0376,200.0,152.4572,97.5142
S04,1385,1.0,0.021531,200.0,6.277327,0.037602,200.0,152.7502,97.731
S04,1386,1.0,0.021514,200.0,6.27232,0.037605,200.0,153.0321,97.9507
S04,1387,1.0,0.021496,200.0,6.267301,0.037607,200.0,153.3063,98.1694
S04,1388,1.0,0.021478,200.0,6.262269,0.03761,200.0,153.5804,98.3935
S04,1389,1.0,0.02146,200.0,6.257225,0.037613,200.0,153.8583,98.6131
S04,1390,1.0,0.021442,200.0,6.252169,0.037615,200.0,154.1384,98.8411
S04,1391,1.0,0.021424,200.0,6.247101,0.037617,200.0,154.4169,99.0624
S04,1392,1.0,0.021406,200.0,6.24202,0.03762,200.0,154.6893,99.2565
S04,1393,1.0,0.021389,200.0,6.236928,0.037622,200.0,154.9686,99.472
S04,1394,1.0,0.021371,200.0,6.231823,0.037625,200.0,155.238,99.6873
S04,1395,1.0,0.021353,200.0,6.226706,0.037627,200.0,155.5071,99.9125
S04,1396,1.0,0.021334,200.0,6.221576,0.037629,200.0,155.7709,100.1165
S04,1397,1.0,0.021316,200.0,6.216435,0.037632,200.0,156.0483,100.3315
S04,1398,1.0,0.021298,200.0,6.211281,0.037634,200.0,156.3017,100.5571
S04,1399,1.0,0.02128,200.0,6.206115,0.037636,200.0,156.56,100.7766
S04,1400,1.0,0.021262,200.0,6.200937,0.037638,200.0,156.8196,101.0028
S04,1401,1.0,0.021244,200.0,6.195746,0.03764,200.0,157.0664,101.2118
S04,1402,1.0,0.021225,200.0,6.190543,0.037643,200.0,157.316,101.4353
S04,1403,1.0,0.021207,200.0,6.185328,0.037645,200.0,157.5718,101.6694
S04,1404,1.0,0.021189,200.0,6.180101,0.037647,200.0,157.8359,101.9034
S04,1405,1.0,0.021171,200.0,6.174861,0.037649,200.0,158.1073,102.1206
S04,1406,1.0,0.021152,200.0,6.169609,0.037651,200.0,158.3609,102.3568
S04,1407,1.0,0.021134,200.0,6.164345,0.037653,200.0,158.6039,102.5838
S04,1408,1.0,0.021115,200.0,6.159068,0.037655,200.0,158.8422,102.8269
S04,1409,1.0,0.021097,200.0,6.153779,0.037657,200.0,159.0945,103.0606
S04,1410,1.0,0.021078,200.0,6.148478,0.037659,200.0,159.3325,103.2649
S04,1411,1.0,0.02106,200.0,6.143165,0.037661,200.0,159.5809,103.4867
S04,1412,1.0,0.021041,200.0,6.137839,0.037663,200.0,159.8321,103.7199
S04,1413,1.0,0.021023,200.0,6.132501,0.037665,200.0,160.0703,103.9478
S04,1414,1.0,0.021004,200.0,6.127151,0.037666,200.0,160.3007,104.1956
S04,1415,1.0,0.020986,200.0,6.121788,0.037668,200.0,160.5374,104.4207
S04,1416,1.0,0.020967,200.0,6.116413,0.03767,200.0,160.7793,104.6407
S04,1417,1.0,0.020948,200.0,6.111026,0.037672,200.0,160.9932,104.8664
S04,1418,1.0,0.020929,200.0,6.105626,0.037673,200.0,161.2102,105.1047
S04,1419,1.0,0.020911,200.0,6.100214,0.037675,200.0,161.4398,105.3314
S04,1420,1.0,0.020892,200.0,6.09479,0.037677,200.0,161.6694,105.5664
S04,1421,1.0,0.020873,200.0,6.089353,0.037678,200.0,161.8921,105.7959
S04,1422,1.0,0.020854,200.0,6.083905,0.03768,200.0,162.1074,106.0257
S04,1423,1.0,0.020835,200.0,6.078443,0.037682,200.0,162.332,106.2714
S04,1424,1.0,0.020816,200.0,6.07297,0.037683,200.0,162.56,106.4879
S04,1425,1.0,0.020797,200.0,6.067484,0.037685,200.0,162.7786,106.7124
S04,1426,1.0,0.020778,200.0,6.061986,0.037686,200.0,162.9971,106.9377
S04,1427,1.0,0.020759,200.0,6.056475,0.037688,200.0,163.2133,107.1549
S04,1428,1.0,0.02074,200.0,6.050952,0.037689,200.0,163.4471,107.3792
S04,1429,1.0,0.020721,200.0,6.045417,0.037691,200.0,163.6628,107.6219
S04,1430,1.0,0.020702,200.0,6.03987,0.037692,200.0,163.8842,107.8411
S04,1431,1.0,0.020683,200.0,6.03431,0.037693,200.0,164.0988,108.0708
S04,1432,1.0,0.020664,200.0,6.028737,0.037695,200.0,164.3004,108.2875
S04,1433,1.0,0.020644,200.0,6.023153,0.037696,200.0,164.5246,108.5049
S04,1434,1.0,0.020625,200.0,6.017556,0.037697,200.0,164.7365,108.7409
S04,1435,1.0,0.020606,200.0,6.011947,0.037699,200.0,164.9453,108.9569
S04,1436,1.0,0.020587,200.0,6.006325,0.0377,200.0,165.1526,109.1836
S04,1437,1.0,0.020567,200.0,6.000692,0.037701,200.0,165.3592,109.4106
S04,1438,1.0,0.020548,200.0,5.995045,0.037702,200.0,165.5846,109.6329
S04,1439,1.0,0.020528,200.0,5.989387,0.037703,200.0,165.7872,109.8789
S04,1440,1.0,0.020509,200.0,5.983716,0.037705,200.0,165.9934,110.1068
S05,0,0.001619,0.000619,32.5282,0.048435,0.003455,32.5282,32.2141,32.0479
S05,1,0.002239,0.00062,32.5811,0.048489,0.003461,32.5811,32.2047,32.0343
S05,2,0.00286,0.000621,32.6189,0.048591,0.003473,32.6189,32.2027,32.0358
S05,3,0.003481,0.000621,32.6678,0.048664,0.003482,32.6678,32.2086,32.0329
S05,4,0.004103,0.000622,32.6877,0.048758,0.003492,32.6877,32.201,32.036
S05,5,0.004725,0.000622,32.7606,0.048796,0.003497,32.7606,32.2043,32.0247
S05,6,0.005349,0.000623,32.7957,0.048937,0.003513,32.7957,32.2158,32.0274
S05,7,0.005972,0.000624,32.8094,0.049005,0.003521,32.8094,32.2194,32.0336
S05,8,0.006596,0.000624,32.8648,0.04903,0.003524,32.8648,32.2033,32.0302
S05,9,0.007221,0.000625,32.9137,0.049138,0.003536,32.9137,32.2269,32.0427
S05,10,0.007847,0.000626,32.9305,0.049232,0.003547,32.9305,32.2408,32.0392
S05,11,0.008472,0.000626,32.9669,0.049264,0.003551,32.9669,32.2418,32.0431
S05,12,0.009099,0.000626,33.0397,0.049334,0.003559,33.0397,32.2368,32.0524
S05,13,0.009726,0.000627,33.0802,0.049476,0.003575,33.0802,32.25,32.0617
S05,14,0.010354,0.000628,33.1171,0.049554,0.003583,33.1171,32.2619,32.0748
S05,15,0.010983,0.000629,33.1339,0.049625,0.003592,33.1339,32.2802,32.079
S05,16,0.011612,0.000629,33.2039,0.049656,0.003596,33.2039,32.2651,32.0794
S05,17,0.012241,0.00063,33.2335,0.049793,0.00361,33.2335,32.2643,32.0608
S05,18,0.012872,0.00063,33.2678,0.04985,0.003617,33.2678,32.2676,32.0503
S05,19,0.013502,0.000631,33.2888,0.049916,0.003624,33.2888,32.2814,32.0496
S05,20,0.014134,0.000631,33.3486,0.049955,0.003629,33.3486,32.3093,32.0507
S05,21,0.014766,0.000632,33.3874,0.050072,0.003641,33.3874,32.2998,32.0313
S05,22,0.015398,0.000633,33.4214,0.050147,0.00365,33.4214,32.299,32.0386
S05,23,0.016031,0.000633,33.4804,0.050212,0.003657,33.4804,32.3036,32.0429
S05,24,0.016665,0.000634,33.502,0.050327,0.003669,33.502,32.3138,32.0268
S05,25,0.017299,0.000634,33.5479,0.050368,0.003674,33.5479,32.3311,32.0059
S05,26,0.017934,0.000635,33.5675,0.050457,0.003684,33.5675,32.3437,32.0103
S05,27,0.01857,0.000635,33.6125,0.050493,0.003688,33.6125,32.3397,32.0256
S05,28,0.019206,0.000636,33.6585,0.05058,0.003697,33.6585,32.349,32.0345
S05,29,0.019842,0.000637,33.7106,0.05067,0.003707,33.7106,32.363,32.0345
S05,30,0.02048,0.000637,33.7441,0.050772,0.003717,33.7441,32.3527,32.0439
S05,31,0.021118,0.000638,33.8163,0.050836,0.003724,33.8163,32.3476,32.0487
S05,32,0.021757,0.000639,33.8532,0.050979,0.003739,33.8532,32.3479,32.0441
S05,33,0.022396,0.00064,33.8573,0.05105,0.003747,33.8573,32.3638,32.043
S05,34,0.023036,0.00064,33.9063,0.051054,0.003748,33.9063,32.386,32.0487
S05,35,0.023676,0.00064,33.9252,0.05115,0.003758,33.9252,32.4068,32.0491
S05,36,0.024317,0.000641,33.9664,0.051184,0.003762,33.9664,32.4076,32.0502
S05,37,0.024958,0.000641,33.9955,0.051264,0.00377,33.9955,32.408,32.0442
S05,38,0.0256,0.000642,34.0576,0.051319,0.003776,34.0576,32.428,32.037
S05,39,0.026243,0.000643,34.082,0.051442,0.003788,34.082,32.4393,32.0278
S05,40,0.026886,0.000643,34.1062,0.051487,0.003793,34.1062,32.4551,32.0475
S05,41,0.027529,0.000643,34.1565,0.051532,0.003798,34.1565,32.4656,32.0514
S05,42,0.028173,0.000644,34.2003,0.051631,0.003808,34.2003,32.4712,32.0563
S05,43,0.028818,0.000645,34.2394,0.051716,0.003817,34.2394,32.4869,32.0589
S05,44,0.029464,0.000645,34.302,0.051792,0.003824,34.302,32.5046,32.0636
S05,45,0.03011,0.000646,34.3339,0.051916,0.003837,34.3339,32.5324,32.0832
S05,46,0.030757,0.000647,34.4003,0.051976,0.003843,34.4003,32.553,32.0726
S05,47,0.031405,0.000648,34.4434,0.052108,0.003856,34.4434,32.5944,32.0681
S05,48,0.032053,0.000649,34.4659,0.052192,0.003864,34.4659,32.6082,32.0467
S05,49,0.032702,0.000649,34.5123,0.052234,0.003869,34.5123,32.6204,32.0421
S05,50,0.033352,0.00065,34.5809,0.052324,0.003878,34.5809,32.6236,32.0462
S05,51,0.034003,0.000651,34.6019,0.052461,0.003891,34.6019,32.6319,32.0564
S05,52,0.034654,0.000651,34.6091,0.052499,0.003895,34.6091,32.6607,32.0504
S05,53,0.035305,0.000651,34.6631,0.052509,0.003896,34.6631,32.6887,32.0623
S05,54,0.035957,0.000652,34.6778,0.052615,0.003906,34.6778,32.7245,32.0811
S05,55,0.036609,0.000652,34.7533,0.05264,0.003909,34.7533,32.728,32.0794
S05,56,0.037262,0.000653,34.7803,0.052792,0.003924,34.7803,32.7456,32.0899
S05,57,0.037916,0.000654,34.8139,0.052842,0.003929,34.8139,32.7719,32.1034
S05,58,0.03857,0.000654,34.8604,0.052906,0.003935,34.8604,32.7807,32.0781
S05,59,0.039225,0.000655,34.8897,0.052998,0.003944,34.8897,32.8038,32.0514
S05,60,0.03988,0.000655,34.9247,0.053053,0.003949,34.9247,32.8049,32.0527
S05,61,0.040536,0.000656,34.9704,0.05312,0.003955,34.9704,32.8202,32.0346
S05,62,0.041193,0.000657,35.0063,0.053209,0.003964,35.0063,32.8336,32.0471
S05,63,0.04185,0.000657,35.0718,0.053278,0.00397,35.0718,32.8423,32.0657
S05,64,0.042509,0.000658,35.1143,0.05341,0.003983,35.1143,32.8645,32.0721
S05,65,0.043168,0.000659,35.1457,0.053493,0.003991,35.1457,32.8821,32.0792
S05,66,0.043827,0.000659,35.1863,0.053552,0.003996,35.1863,32.9009,32.0741
S05,67,0.044487,0.00066,35.2346,0.053631,0.004003,35.2346,32.9233,32.0642
S05,68,0.045148,0.000661,35.2736,0.053726,0.004012,35.2736,32.9434,32.0855
S05,69,0.045809,0.000661,35.3074,0.053802,0.004019,35.3074,32.9516,32.1038
S05,70,0.046471,0.000662,35.327,0.053866,0.004025,35.327,32.9704,32.1072
S05,71,0.047133,0.000662,35.4051,0.0539,0.004028,35.4051,32.9939,32.1117
S05,72,0.047797,0.000663,35.4708,0.054059,0.004043,35.4708,33.0041,32.1184
S05,73,0.048461,0.000665,35.4845,0.054192,0.004055,35.4845,33.0187,32.1215
S05,74,0.049126,0.000665,35.5282,0.054214,0.004057,35.5282,33.0219,32.1389
S05,75,0.049791,0.000665,35.5442,0.054299,0.004065,35.5442,33.056,32.138
S05,76,0.050457,0.000666,35.5894,0.054326,0.004067,35.5894,33.0677,32.1336
S05,77,0.051123,0.000666,35.6567,0.054414,0.004075,35.6567,33.0845,32.1586
S05,78,0.051791,0.000667,35.6836,0.054551,0.004087,35.6836,33.0929,32.1763
S05,79,0.052459,0.000668,35.696,0.054601,0.004092,35.696,33.1268,32.1967
S05,80,0.053127,0.000668,35.7117,0.054619,0.004093,35.7117,33.1572,32.2073
S05,81,0.053795,0.000668,35.752,0.054644,0.004095,35.752,33.177,32.2225
S05,82,0.054464,0.000669,35.8013,0.054722,0.004102,35.8013,33.1969,32.2267
S05,83,0.055134,0.00067,35.8456,0.05482,0.004111,35.8456,33.2038,32.2297
S05,84,0.055804,0.00067,35.8842,0.054907,0.004118,35.8842,33.2215,32.2213
S05,85,0.056475,0.000671,35.9252,0.054982,0.004125,35.9252,33.2272,32.22
S05,86,0.057147,0.000672,35.9657,0.055062,0.004132,35.9657,33.235,32.2388
S05,87,0.057819,0.000672,36.0271,0.055141,0.004138,36.0271,33.2641,32.2587
S05,88,0.058492,0.000673,36.0516,0.055265,0.004149,36.0516,33.2848,32.2652
S05,89,0.059166,0.000674,36.0991,0.055309,0.004153,36.0991,33.3052,32.2633
S05,90,0.05984,0.000674,36.1142,0.055403,0.004161,36.1142,33.3148,32.2611
S05,91,0.060515,0.000675,36.1511,0.055427,0.004163,36.1511,33.3338,32.2561
S05,92,0.06119,0.000675,36.1704,0.055498,0.004169,36.1704,33.3465,32.2537
S05,93,0.061866,0.000676,36.2164,0.05553,0.004171,36.2164,33.3475,32.2557
S05,94,0.062542,0.000676,36.2557,0.055621,0.004179,36.2557,33.3601,32.2643
S05,95,0.063219,0.000677,36.3164,0.055697,0.004185,36.3164,33.3751,32.2725
S05,96,0.063897,0.000678,36.3467,0.05582,0.004196,36.3467,33.3908,32.2832
S05,97,0.064575,0.000678,36.3628,0.055877,0.0042,36.3628,33.404,32.2826
S05,98,0.065254,0.000679,36.3591,0.055902,0.004202,36.3591,33.4305,32.3092
S05,99,0.065932,0.000679,36.4585,0.055884,0.004199,36.4585,33.4612,32.3161
S05,100,0.066612,0.00068,36.5088,0.056092,0.004218,36.5088,33.4774,32.3109
S05,101,0.067293,0.000681,36.5188,0.056192,0.004226,36.5188,33.5023,32.3165
S05,102,0.067975,0.000681,36.5388,0.056204,0.004226,36.5388,33.5065,32.3209
S05,103,0.068656,0.000681,36.5666,0.056237,0.004228,36.5666,33.5166,32.3304
S05,104,0.069338,0.000682,36.6081,0.056288,0.004232,36.6081,33.5187,32.3258
S05,105,0.07002,0.000683,36.6502,0.056369,0.004239,36.6502,33.532,32.3278
S05,106,0.070704,0.000683,36.6828,0.056451,0.004245,36.6828,33.5425,32.3539
S05,107,0.071387,0.000684,36.6999,0.056513,0.00425,36.6999,33.5639,32.3569
S05,108,0.072071,0.000684,36.7337,0.056539,0.004252,36.7337,33.5858,32.3695
S05,109,0.072756,0.000685,36.7811,0.056603,0.004256,36.7811,33.5965,32.3729
S05,110,0.073441,0.000685,36.808,0.056697,0.004264,36.808,33.6097,32.3802
S05,111,0.074127,0.000686,36.8668,0.056746,0.004267,36.8668,33.6174,32.3829
S05,112,0.074814,0.000687,36.8841,0.056865,0.004277,36.8841,33.6378,32.3812
S05,113,0.075501,0.000687,36.9439,0.056892,0.004279,36.9439,33.6619,32.389
S05,114,0.076189,0.000688,36.9673,0.057014,0.004289,36.9673,33.6837,32.3877
S05,115,0.076877,0.000688,37.0039,0.057055,0.004291,37.0039,33.6865,32.3917
S05,116,0.077566,0.000689,37.0536,0.057125,0.004296,37.0536,33.6989,32.3932
S05,117,0.078256,0.00069,37.0553,0.057224,0.004304,37.0553,33.7246,32.4096
S05,118,0.078945,0.00069,37.1126,0.057216,0.004302,37.1126,33.7346,32.4107
S05,119,0.079636,0.000691,37.1038,0.057332,0.004312,37.1038,33.7518,32.4344
S05,120,0.080327,0.000691,37.1304,0.0573,0.004308,37.1304,33.7814,32.438
S05,121,0.081018,0.000691,37.1581,0.057348,0.004311,37.1581,33.7911,32.4458
S05,122,0.081709,0.000691,37.2067,0.057397,0.004314,37.2067,33.8073,32.445
S05,123,0.082401,0.000692,37.2487,0.057494,0.004322,37.2487,33.8196,32.4347
S05,124,0.083094,0.000693,37.2779,0.057576,0.004328,37.2779,33.8318,32.4292
S05,125,0.083788,0.000693,37.3292,0.057629,0.004331,37.3292,33.862,32.4391
S05,126,0.084482,0.000694,37.3934,0.057732,0.004339,37.3934,33.86,32.4432
S05,127,0.085177,0.000695,37.4356,0.057865,0.00435,37.4356,33.8932,32.4394
S05,128,0.085873,0.000696,37.4617,0.057947,0.004356,37.4617,33.9281,32.4428
S05,129,0.08657,0.000696,37.5223,0.057993,0.004358,37.5223,33.9597,32.4369
S05,130,0.087267,0.000697,37.5911,0.058118,0.004368,37.5911,33.9767,32.4652
S05,131,0.087965,0.000699,37.6373,0.058261,0.004379,37.6373,33.9969,32.4523
S05,132,0.088665,0.000699,37.6883,0.058353,0.004386,37.6883,34.0043,32.4564
S05,133,0.089365,0.0007,37.6917,0.058456,0.004394,37.6917,34.0246,32.4572
S05,134,0.090065,0.0007,37.7576,0.05845,0.004392,37.7576,34.0547,32.4674
S05,135,0.090766,0.000701,37.788,0.058587,0.004402,37.788,34.0828,32.4787
S05,136,0.091468,0.000702,37.8459,0.058643,0.004406,37.8459,34.0967,32.494
S05,137,0.092171,0.000703,37.9089,0.058761,0.004415,37.9089,34.1251,32.4906
S05,138,0.092875,0.000704,37.9328,0.058892,0.004425,37.9328,34.1428,32.4956
S05,139,0.093579,0.000704,37.9615,0.058933,0.004427,37.9615,34.174,32.4988
S05,140,0.094284,0.000705,37.9921,0.058985,0.00443,37.9921,34.1942,32.5215
S05,141,0.094989,0.000705,38.0079,0.059041,0.004433,38.0079,34.2247,32.5349
S05,142,0.095694,0.000705,38.0759,0.059063,0.004434,38.0759,34.2455,32.5202
S05,143,0.096401,0.000707,38.1179,0.059205,0.004444,38.1179,34.2496,32.536
S05,144,0.097108,0.000707,38.1785,0.059288,0.00445,38.1785,34.2696,32.5406
S05,145,0.097816,0.000708,38.2504,0.059413,0.004459,38.2504,34.2774,32.5468
S05,146,0.098526,0.00071,38.3036,0.059565,0.004471,38.3036,34.313,32.5628
S05,147,0.099236,0.00071,38.3783,0.059674,0.004478,38.3783,34.3397,32.5836
S05,148,0.099948,0.000712,38.4124,0.059833,0.004491,38.4124,34.3762,32.5927
S05,149,0.10066,0.000712,38.4404,0.059898,0.004494,38.4404,34.4041,32.5912
S05,150,0.101373,0.000713,38.4823,0.059948,0.004497,38.4823,34.4258,32.6159
S05,151,0.102086,0.000713,38.526,0.06003,0.004502,38.526,34.4449,32.6165
S05,152,0.102801,0.000714,38.5792,0.060117,0.004508,38.5792,34.4755,32.6354
S05,153,0.103516,0.000715,38.6357,0.060226,0.004516,38.6357,34.5077,32.626
S05,154,0.104232,0.000716,38.6917,0.060343,0.004524,38.6917,34.529,32.6347
S05,155,0.104949,0.000717,38.6733,0.060459,0.004532,38.6733,34.5603,32.6369
S05,156,0.105665,0.000717,38.7342,0.0604,0.004525,38.7342,34.576,32.6594
S05,157,0.106383,0.000718,38.7682,0.060528,0.004534,38.7682,34.609,32.68
S05,158,0.107101,0.000718,38.8207,0.060592,0.004538,38.8207,34.6403,32.6921
S05,159,0.10782,0.000719,38.8755,0.060699,0.004545,38.8755,34.6632,32.6986
S05,160,0.10854,0.00072,38.927,0.060813,0.004553,38.927,34.6813,32.7061
S05,161,0.109261,0.000721,38.9529,0.060919,0.00456,38.9529,34.7008,32.706
S05,162,0.109983,0.000721,39.0203,0.060963,0.004562,39.0203,34.7279,32.7091
S05,163,0.110705,0.000723,39.0757,0.061107,0.004572,39.0757,34.7633,32.7142
S05,164,0.111429,0.000723,39.1292,0.061222,0.00458,39.1292,34.7777,32.7127
S05,165,0.112153,0.000724,39.1708,0.061333,0.004587,39.1708,34.8059,32.7143
S05,166,0.112878,0.000725,39.2379,0.061415,0.004592,39.2379,34.8156,32.7229
S05,167,0.113604,0.000726,39.2919,0.061559,0.004602,39.2919,34.8456,32.7214
S05,168,0.114332,0.000727,39.3148,0.061671,0.00461,39.3148,34.8696,32.744
S05,169,0.115059,0.000728,39.3629,0.061709,0.004611,39.3629,34.9065,32.7429
S05,170,0.115788,0.000728,39.4331,0.061807,0.004617,39.4331,34.9125,32.7669
S05,171,0.116517,0.00073,39.4816,0.061958,0.004628,39.4816,34.953,32.7871
S05,172,0.117248,0.00073,39.5543,0.062057,0.004634,39.5543,34.9922,32.8021
S05,173,0.117979,0.000732,39.5901,0.062215,0.004645,39.5901,35.0205,32.8044
S05,174,0.118712,0.000732,39.6179,0.062284,0.004648,39.6179,35.0469,32.8181
S05,175,0.119445,0.000733,39.6555,0.062334,0.00465,39.6555,35.067,32.8272
S05,176,0.120178,0.000733,39.6626,0.062407,0.004654,39.6626,35.1008,32.8421
S05,177,0.120912,0.000734,39.7331,0.062406,0.004652,39.7331,35.1221,32.861
S05,178,0.121647,0.000735,39.7914,0.062559,0.004663,39.7914,35.1565,32.8705
S05,179,0.122382,0.000736,39.8794,0.062683,0.004671,39.8794,35.1884,32.8828
S05,180,0.12312,0.000737,39.925,0.062879,0.004684,39.925,35.2168,32.8912
S05,181,0.123858,0.000738,39.9848,0.062971,0.00469,39.9848,35.2472,32.8921
S05,182,0.124597,0.000739,40.0433,0.063099,0.004698,40.0433,35.2878,32.8859
S05,183,0.125337,0.00074,40.1028,0.063224,0.004706,40.1028,35.3101,32.8889
S05,184,0.126079,0.000741,40.1382,0.063351,0.004714,40.1382,35.342,32.9077
S05,185,0.126821,0.000742,40.1842,0.063419,0.004717,40.1842,35.3653,32.9155
S05,186,0.127563,0.000743,40.2354,0.063514,0.004723,40.2354,35.3796,32.9328
S05,187,0.128307,0.000744,40.2652,0.063621,0.004729,40.2652,35.4022,32.9571
S05,188,0.129051,0.000744,40.2734,0.063675,0.004731,40.2734,35.4237,32.969
S05,189,0.129795,0.000744,40.3131,0.063676,0.004729,40.3131,35.4439,33.0056
S05,190,0.13054,0.000745,40.3638,0.063755,0.004733,40.3638,35.4778,33.0391
S05,191,0.131286,0.000746,40.4306,0.063861,0.004739,40.4306,35.511,33.0572
S05,192,0.132033,0.000747,40.4498,0.064007,0.004749,40.4498,35.5408,33.0722
S05,193,0.13278,0.000747,40.5113,0.064035,0.004748,40.5113,35.567,33.0751
S05,194,0.133529,0.000748,40.5377,0.064168,0.004757,40.5377,35.6039,33.0959
S05,195,0.134278,0.000749,40.5873,0.064214,0.004758,40.5873,35.643,33.0968
S05,196,0.135028,0.00075,40.6052,0.064317,0.004764,40.6052,35.6719,33.1068
S05,197,0.135778,0.00075,40.6916,0.064342,0.004763,40.6916,35.7091,33.1024
S05,198,0.136529,0.000752,40.7182,0.064538,0.004777,40.7182,35.7375,33.1088
S05,199,0.137281,0.000752,40.7343,0.064584,0.004778,40.7343,35.7687,33.1179
S05,200,0.138034,0.000752,40.7938,0.064604,0.004777,40.7938,35.7953,33.1384
S05,201,0.138787,0.000753,40.8607,0.064733,0.004785,40.8607,35.8252,33.1377
S05,202,0.139542,0.000755,40.9053,0.06488,0.004794,40.9053,35.8711,33.1425
S05,203,0.140297,0.000755,40.9588,0.064971,0.004798,40.9588,35.898,33.1467
S05,204,0.141054,0.000756,41.029,0.065085,0.004805,41.029,35.936,33.1676
S05,205,0.141812,0.000758,41.0407,0.065241,0.004815,41.0407,35.9593,33.1931
S05,206,0.142569,0.000758,41.0909,0.06525,0.004813,41.0909,35.9889,33.1906
S05,207,0.143328,0.000759,41.1277,0.065356,0.004819,41.1277,36.024,33.2033
S05,208,0.144088,0.000759,41.2156,0.065428,0.004822,41.2156,36.0576,33.215
S05,209,0.144849,0.000761,41.2385,0.06563,0.004835,41.2385,36.1121,33.2169
S05,210,0.14561,0.000761,41.3143,0.065667,0.004835,41.3143,36.1316,33.244
S05,211,0.146373,0.000763,41.3518,0.065838,0.004846,41.3518,36.1512,33.2334
S05,212,0.147136,0.000763,41.4297,0.065912,0.004849,41.4297,36.1944,33.2543
S05,213,0.147901,0.000765,41.5345,0.066089,0.00486,41.5345,36.2369,33.2741
S05,214,0.148668,0.000767,41.5558,0.066335,0.004877,41.5558,36.2726,33.2854
S05,215,0.149435,0.000767,41.5951,0.066368,0.004877,41.5951,36.3094,33.3059
S05,216,0.150203,0.000768,41.6585,0.066447,0.00488,41.6585,36.3312,33.3175
S05,217,0.150972,0.000769,41.6768,0.066588,0.004888,41.6768,36.3541,33.3154
S05,218,0.151741,0.000769,41.7383,0.066613,0.004887,41.7383,36.4059,33.317
S05,219,0.152512,0.00077,41.775,0.066749,0.004895,41.775,36.4286,33.3272
S05,220,0.153283,0.000771,41.8493,0.066822,0.004898,41.8493,36.4653,33.3715
S05,221,0.154055,0.000773,41.9199,0.066991,0.004908,41.9199,36.4977,33.3852
S05,222,0.154829,0.000774,41.9648,0.067151,0.004918,41.9648,36.5249,33.3826
S05,223,0.155604,0.000775,42.0091,0.067245,0.004922,42.0091,36.5533,33.3968
S05,224,0.156379,0.000775,42.0475,0.067338,0.004926,42.0475,36.591,33.4043
S05,225,0.157155,0.000776,42.084,0.067415,0.004929,42.084,36.626,33.4157
S05,226,0.157932,0.000777,42.1977,0.067487,0.004932,42.1977,36.6503,33.4375
S05,227,0.158711,0.000779,42.2491,0.06776,0.00495,42.2491,36.709,33.4575
S05,228,0.159491,0.00078,42.2857,0.067872,0.004956,42.2857,36.747,33.4506
S05,229,0.160272,0.000781,42.3307,0.067944,0.004958,42.3307,36.7865,33.4742
S05,230,0.161053,0.000781,42.3902,0.068039,0.004962,42.3902,36.8162,33.4953
S05,231,0.161835,0.000782,42.4179,0.068172,0.004969,42.4179,36.8516,33.5134
S05,232,0.162618,0.000783,42.4641,0.068222,0.00497,42.4641,36.8823,33.5358
S05,233,0.163402,0.000784,42.5237,0.06832,0.004975,42.5237,36.9175,33.5606
S05,234,0.164187,0.000785,42.6109,0.068453,0.004982,42.6109,36.962,33.5668
S05,235,0.164974,0.000787,42.6537,0.06866,0.004994,42.6537,36.9886,33.5895
S05,236,0.165761,0.000787,42.7297,0.068749,0.004998,42.7297,37.0245,33.5998
S05,237,0.16655,0.000789,42.7876,0.068926,0.005008,42.7876,37.0443,33.6122
S05,238,0.16734,0.00079,42.8021,0.069056,0.005015,42.8021,37.0789,33.6184
S05,239,0.16813,0.00079,42.8642,0.069071,0.005013,42.8642,37.1133,33.6346
S05,240,0.168921,0.000791,42.9303,0.069212,0.005021,42.9303,37.1441,33.6336
S05,241,0.169714,0.000793,42.9817,0.069364,0.005029,42.9817,37.1746,33.6614
S05,242,0.170507,0.000793,43.0092,0.069477,0.005034,43.0092,37.1906,33.6678
S05,243,0.171301,0.000794,43.0746,0.069526,0.005035,43.0746,37.2315,33.6797
S05,244,0.172096,0.000795,43.1325,0.069677,0.005043,43.1325,37.2573,33.7036
S05,245,0.172893,0.000796,43.182,0.069807,0.005049,43.182,37.3002,33.7086
S05,246,0.17369,0.000797,43.2352,0.069916,0.005054,43.2352,37.3374,33.7039
S05,247,0.174488,0.000798,43.2921,0.070034,0.00506,43.2921,37.3696,33.7166
S05,248,0.175287,0.000799,43.363,0.070163,0.005066,43.363,37.4002,33.732
S05,249,0.176088,0.000801,43.4001,0.070329,0.005075,43.4001,37.4414,33.7396
S05,250,0.176889,0.000801,43.4616,0.070404,0.005077,43.4616,37.4747,33.7662
S05,251,0.177692,0.000803,43.51,0.070545,0.005085,43.51,37.5182,33.7918
S05,252,0.178495,0.000803,43.5558,0.070652,0.005089,43.5558,37.5464,33.8045
S05,253,0.1793,0.000804,43.6065,0.070751,0.005093,43.6065,37.5946,33.8368
S05,254,0.180105,0.000805,43.6559,0.070863,0.005098,43.6559,37.6239,33.8288
S05,255,0.180911,0.000806,43.6933,0.070972,0.005103,43.6933,37.6489,33.8402
S05,256,0.181718,0.000807,43.7474,0.071049,0.005105,43.7474,37.6698,33.8511
S05,257,0.182526,0.000808,43.794,0.071171,0.005111,43.794,37.7146,33.8731
S05,258,0.183335,0.000809,43.8429,0.071272,0.005115,43.8429,37.7647,33.9141
S05,259,0.184145,0.00081,43.9173,0.071381,0.005119,43.9173,37.8096,33.9322
S05,260,0.184956,0.000811,43.9339,0.071558,0.005129,43.9339,37.842,33.9424
S05,261,0.185768,0.000812,43.9753,0.071578,0.005127,43.9753,37.878,33.9626
S05,262,0.18658,0.000812,44.0398,0.071666,0.00513,44.0398,37.9297,33.9961
S05,263,0.187393,0.000814,44.0566,0.071817,0.005137,44.0566,37.9632,34.0084
S05,264,0.188207,0.000814,44.0799,0.071838,0.005135,44.0799,37.9831,34.0208
S05,265,0.189022,0.000814,44.1264,0.071876,0.005135,44.1264,38.0328,34.0592
S05,266,0.189837,0.000815,44.1836,0.071978,0.005139,44.1836,38.0786,34.0772
S05,267,0.190653,0.000816,44.239,0.07211,0.005145,44.239,38.1134,34.0863
S05,268,0.191471,0.000817,44.3305,0.072236,0.00515,44.3305,38.1634,34.1216
S05,269,0.19229,0.000819,44.3881,0.072463,0.005163,44.3881,38.2047,34.1477
S05,270,0.19311,0.00082,44.4315,0.072597,0.005169,44.4315,38.2494,34.1588
S05,271,0.193931,0.000821,44.4537,0.072691,0.005173,44.4537,38.3037,34.173
S05,272,0.194753,0.000822,44.5608,0.072726,0.005172,44.5608,38.3484,34.1967
S05,273,0.195576,0.000824,44.6518,0.072998,0.005188,44.6518,38.4008,34.2063
S05,274,0.196402,0.000825,44.7049,0.073225,0.0052,44.7049,38.4312,34.2204
S05,275,0.197228,0.000826,44.7833,0.073347,0.005205,44.7833,38.465,34.2342
S05,276,0.198056,0.000828,44.8173,0.07354,0.005216,44.8173,38.5066,34.2525
S05,277,0.198885,0.000829,44.8941,0.073608,0.005217,44.8941,38.5542,34.2584
S05,278,0.199715,0.00083,44.9522,0.073798,0.005227,44.9522,38.5913,34.2793
S05,279,0.200546,0.000831,45.0094,0.073934,0.005233,45.0094,38.6223,34.2944
S05,280,0.201379,0.000832,45.0744,0.074069,0.005239,45.0744,38.6811,34.3266
S05,281,0.202212,0.000834,45.1399,0.074225,0.005246,45.1399,38.7015,34.3447
S05,282,0.203047,0.000835,45.1964,0.074383,0.005253,45.1964,38.7462,34.3657
S05,283,0.203884,0.000836,45.2493,0.074516,0.005259,45.2493,38.7867,34.385
S05,284,0.204721,0.000837,45.3311,0.074639,0.005264,45.3311,38.8353,34.3981
S05,285,0.20556,0.000839,45.366,0.074845,0.005275,45.366,38.8819,34.3997
S05,286,0.206399,0.000839,45.4438,0.074917,0.005276,45.4438,38.9229,34.4394
S05,287,0.20724,0.000841,45.4808,0.075111,0.005286,45.4808,38.9699,34.4402
S05,288,0.208082,0.000842,45.5489,0.075189,0.005288,45.5489,38.9981,34.4565
S05,289,0.208925,0.000843,45.5932,0.075357,0.005296,45.5932,39.0466,34.4687
S05,290,0.209769,0.000844,45.6673,0.075456,0.005299,45.6673,39.0835,34.4903
S05,291,0.210615,0.000846,45.7503,0.075641,0.005308,45.7503,39.1114,34.5083
S05,292,0.211462,0.000847,45.7851,0.075852,0.005319,45.7851,39.1425,34.5255
S05,293,0.21231,0.000848,45.8577,0.075924,0.00532,45.8577,39.1816,34.5334
S05,294,0.213159,0.000849,45.9108,0.076106,0.005329,45.9108,39.2249,34.5559
S05,295,0.214009,0.00085,45.9675,0.076232,0.005334,45.9675,39.2813,34.5589
S05,296,0.214861,0.000852,46.0239,0.076368,0.005339,46.0239,39.3248,34.5937
S05,297,0.215714,0.000853,46.1214,0.076503,0.005345,46.1214,39.3636,34.6103
S05,298,0.216568,0.000855,46.2003,0.076759,0.005358,46.2003,39.4053,34.6253
S05,299,0.217424,0.000856,46.2808,0.07696,0.005368,46.2808,39.4509,34.6365
S05,300,0.218282,0.000858,46.3234,0.077168,0.005379,46.3234,39.4936,34.6473
S05,301,0.219141,0.000859,46.3887,0.077264,0.005381,46.3887,39.5471,34.6608
S05,302,0.220001,0.00086,46.4656,0.077427,0.005388,46.4656,39.6074,34.6649
S05,303,0.220863,0.000862,46.5081,0.077624,0.005398,46.5081,39.6447,34.6806
S05,304,0.221725,0.000863,46.5887,0.07772,0.0054,46.5887,39.6944,34.7036
S05,305,0.222589,0.000864,46.6239,0.077929,0.005411,46.6239,39.7354,34.7255
S05,306,0.223454,0.000865,46.7039,0.078004,0.005412,46.7039,39.7777,34.7585
S05,307,0.224321,0.000867,46.7507,0.078212,0.005422,46.7507,39.8228,34.7656
S05,308,0.225188,0.000867,46.8052,0.078321,0.005425,46.8052,39.8638,34.7821
S05,309,0.226057,0.000869,46.8538,0.078454,0.00543,46.8538,39.9089,34.7969
S05,310,0.226927,0.00087,46.916,0.078569,0.005434,46.916,39.9623,34.8249
S05,311,0.227797,0.000871,47.0007,0.078725,0.005441,47.0007,40.0116,34.8616
S05,312,0.22867,0.000873,47.0424,0.078949,0.005452,47.0424,40.0556,34.8951
S05,313,0.229543,0.000873,47.1046,0.079044,0.005454,47.1046,40.0997,34.9255
S05,314,0.230418,0.000875,47.1658,0.0792,0.00546,47.1658,40.1563,34.967
S05,315,0.231294,0.000876,47.2045,0.079354,0.005467,47.2045,40.1943,34.9769
S05,316,0.232171,0.000877,47.2773,0.079441,0.005468,47.2773,40.2449,34.9754
S05,317,0.233049,0.000878,47.3226,0.07963,0.005477,47.3226,40.2853,34.9933
S05,318,0.233929,0.000879,47.3743,0.079737,0.00548,47.3743,40.3384,35.012
S05,319,0.234809,0.00088,47.4478,0.079863,0.005484,47.4478,40.3911,35.0275
S05,320,0.235691,0.000882,47.5111,0.080055,0.005493,47.5111,40.4372,35.057
S05,321,0.236574,0.000883,47.5564,0.080217,0.005499,47.5564,40.4832,35.0856
S05,322,0.237458,0.000884,47.6397,0.080324,0.005502,47.6397,40.5297,35.0932
S05,323,0.238344,0.000886,47.7108,0.080548,0.005513,47.7108,40.5665,35.1133
S05,324,0.239232,0.000887,47.7674,0.080734,0.005521,47.7674,40.6059,35.1294
S05,325,0.24012,0.000889,47.8695,0.080877,0.005526,47.8695,40.6475,35.1517
S05,326,0.241011,0.000891,47.9256,0.081159,0.005541,47.9256,40.6931,35.1786
S05,327,0.241903,0.000892,47.9796,0.0813,0.005546,47.9796,40.7466,35.2054
S05,328,0.242796,0.000893,48.0396,0.081436,0.00555,48.0396,40.7767,35.2363
S05,329,0.24369,0.000894,48.0917,0.08159,0.005556,48.0917,40.8131,35.2569
S05,330,0.244586,0.000895,48.1663,0.081719,0.005561,48.1663,40.8501,35.2767
S05,331,0.245483,0.000897,48.2623,0.081919,0.005569,48.2623,40.8807,35.2867
S05,332,0.246382,0.000899,48.3228,0.082186,0.005582,48.3228,40.9341,35.3118
S05,333,0.247282,0.0009,48.421,0.082342,0.005588,48.421,40.9951,35.3307
S05,334,0.248185,0.000902,48.4529,0.082617,0.005602,48.4529,41.0306,35.3583
S05,335,0.249088,0.000903,48.5056,0.082685,0.005602,48.5056,41.065,35.3852
S05,336,0.249992,0.000904,48.5519,0.082818,0.005606,48.5519,41.1017,35.4207
S05,337,0.250897,0.000905,48.6403,0.082932,0.005609,48.6403,41.1421,35.4376
S05,338,0.251804,0.000907,48.7031,0.083177,0.005621,48.7031,41.1768,35.4591
S05,339,0.252713,0.000908,48.7542,0.083343,0.005627,48.7542,41.2129,35.4701
S05,340,0.253623,0.00091,48.8036,0.083472,0.005631,48.8036,41.274,35.4771
S05,341,0.254533,0.000911,48.8709,0.083596,0.005635,48.8709,41.3189,35.4941
S05,342,0.255445,0.000912,48.9584,0.083777,0.005642,48.9584,41.3644,35.519
S05,343,0.256359,0.000914,49.0339,0.084022,0.005653,49.0339,41.4193,35.551
S05,344,0.257275,0.000916,49.0975,0.084229,0.005662,49.0975,41.4766,35.5737
S05,345,0.258192,0.000917,49.166,0.0844,0.005669,49.166,41.5127,35.6002
S05,346,0.25911,0.000919,49.2218,0.084585,0.005676,49.2218,41.5636,35.6284
S05,347,0.26003,0.00092,49.3414,0.084731,0.005681,49.3414,41.6063,35.6408
S05,348,0.260952,0.000922,49.4119,0.085082,0.005699,49.4119,41.6447,35.6729
S05,349,0.261876,0.000924,49.4498,0.085276,0.005706,49.4498,41.6828,35.7106
S05,350,0.262801,0.000925,49.5335,0.085365,0.005708,49.5335,41.73,35.7266
S05,351,0.263728,0.000927,49.616,0.085602,0.005718,49.616,41.7919,35.7408
S05,352,0.264656,0.000928,49.691,0.085835,0.005728,49.691,41.8595,35.7662
S05,353,0.265586,0.00093,49.765,0.086046,0.005737,49.765,41.914,35.782
S05,354,0.266518,0.000932,49.8017,0.086253,0.005746,49.8017,41.9589,35.8212
S05,355,0.26745,0.000932,49.8893,0.086339,0.005747,49.8893,42.0133,35.8428
S05,356,0.268384,0.000934,49.9657,0.086591,0.005758,49.9657,42.0596,35.8754
S05,357,0.26932,0.000936,50.0217,0.086807,0.005767,50.0217,42.136,35.9057
S05,358,0.270258,0.000937,50.0973,0.086957,0.005772,50.0973,42.1742,35.9174
S05,359,0.271197,0.000939,50.1388,0.087172,0.00578,50.1388,42.2284,35.9477
S05,360,0.272137,0.00094,50.2184,0.087275,0.005782,50.2184,42.2811,35.9827
S05,361,0.273078,0.000942,50.2745,0.087503,0.005792,50.2745,42.3269,36.0048
S05,362,0.274021,0.000943,50.3713,0.087655,0.005797,50.3713,42.3835,36.0486
S05,363,0.274966,0.000945,50.4144,0.087941,0.00581,50.4144,42.4252,36.0734
S05,364,0.275912,0.000946,50.4703,0.08805,0.005812,50.4703,42.4735,36.1139
S05,365,0.27686,0.000947,50.5643,0.088201,0.005817,50.5643,42.5087,36.144
S05,366,0.277809,0.000949,50.6499,0.08848,0.005829,50.6499,42.5766,36.167
S05,367,0.278761,0.000951,50.7006,0.088731,0.00584,50.7006,42.6291,36.1816
S05,368,0.279713,0.000952,50.7425,0.088867,0.005844,50.7425,42.6786,36.2005
S05,369,0.280666,0.000953,50.8212,0.088973,0.005846,50.8212,42.7238,36.2149
S05,370,0.281622,0.000955,50.9177,0.089202,0.005855,50.9177,42.7913,36.2335
S05,371,0.282579,0.000957,50.9653,0.089492,0.005868,50.9653,42.8407,36.2503
S05,372,0.283538,0.000958,51.0523,0.089618,0.005871,51.0523,42.8931,36.2819
S05,373,0.284498,0.00096,51.1029,0.089877,0.005882,51.1029,42.9376,36.3007
S05,374,0.28546,0.000962,51.2079,0.090014,0.005886,51.2079,42.9775,36.3322
S05,375,0.286424,0.000964,51.271,0.090334,0.0059,51.271,43.0186,36.3596
S05,376,0.287389,0.000965,51.3701,0.090514,0.005907,51.3701,43.0813,36.3876
S05,377,0.288357,0.000968,51.3877,0.090816,0.00592,51.3877,43.1303,36.4074
S05,378,0.289325,0.000968,51.4506,0.090843,0.005917,51.4506,43.1962,36.4305
S05,379,0.290294,0.00097,51.518,0.091023,0.005923,51.518,43.2413,36.4725
S05,380,0.291266,0.000971,51.5456,0.091218,0.00593,51.5456,43.3034,36.5146
S05,381,0.292237,0.000972,51.6306,0.091278,0.00593,51.6306,43.3518,36.5417
S05,382,0.293211,0.000974,51.7327,0.091535,0.00594,51.7327,43.4051,36.5747
S05,383,0.294187,0.000976,51.7922,0.091851,0.005954,51.7922,43.4623,36.5979
S05,384,0.295164,0.000977,51.8114,0.092021,0.00596,51.8114,43.5236,36.6201
S05,385,0.296142,0.000978,51.904,0.092053,0.005957,51.904,43.5652,36.6604
S05,386,0.297122,0.00098,52.0163,0.092338,0.005969,52.0163,43.6127,36.6967
S05,387,0.298105,0.000983,52.0614,0.092692,0.005985,52.0614,43.6636,36.733
S05,388,0.299088,0.000984,52.1693,0.092814,0.005988,52.1693,43.7285,36.7619
S05,389,0.300075,0.000986,52.2633,0.093154,0.006003,52.2633,43.7849,36.7869
S05,390,0.301063,0.000988,52.3169,0.093447,0.006015,52.3169,43.8332,36.8063
S05,391,0.302053,0.00099,52.412,0.0936,0.006019,52.412,43.8825,36.8406
S05,392,0.303045,0.000992,52.4812,0.093897,0.006032,52.4812,43.9318,36.8782
S05,393,0.304038,0.000993,52.5308,0.094106,0.006039,52.5308,43.9967,36.8975
S05,394,0.305033,0.000995,52.5889,0.094245,0.006043,52.5889,44.0454,36.9434
S05,395,0.306029,0.000996,52.6894,0.094415,0.006048,52.6894,44.1161,36.9663
S05,396,0.307027,0.000998,52.7396,0.094734,0.006062,52.7396,44.1804,36.9969
S05,397,0.308027,0.001,52.8096,0.094877,0.006065,52.8096,44.2292,37.0315
S05,398,0.309028,0.001001,52.8801,0.09509,0.006073,52.8801,44.267,37.0582
S05,399,0.310031,0.001003,52.9298,0.095305,0.006081,52.9298,44.304,37.0986
S05,400,0.311035,0.001004,52.9813,0.095447,0.006084,52.9813,44.3447,37.1326
S05,401,0.31204,0.001005,53.0986,0.095595,0.006088,53.0986,44.4036,37.1692
S05,402,0.313048,0.001008,53.1764,0.095978,0.006105,53.1764,44.4522,37.1904
S05,403,0.314058,0.00101,53.2669,0.096222,0.006114,53.2669,44.5072,37.2201
S05,404,0.31507,0.001012,53.3364,0.096512,0.006126,53.3364,44.5664,37.2347
S05,405,0.316084,0.001014,53.4327,0.096726,0.006133,53.4327,44.6255,37.2616
S05,406,0.3171,0.001016,53.5347,0.097038,0.006146,53.5347,44.6979,37.2986
S05,407,0.318119,0.001019,53.5894,0.097372,0.00616,53.5894,44.7571,37.3318
S05,408,0.319139,0.00102,53.6351,0.097534,0.006164,53.6351,44.8146,37.3526
S05,409,0.32016,0.001021,53.7337,0.097665,0.006167,53.7337,44.8579,37.3841
S05,410,0.321183,0.001023,53.813,0.097988,0.00618,53.813,44.9127,37.4085
S05,411,0.322209,0.001025,53.8744,0.098242,0.00619,53.8744,44.9659,37.4447
S05,412,0.323235,0.001027,53.9449,0.098431,0.006196,53.9449,45.0083,37.4694
S05,413,0.324264,0.001029,54.014,0.098653,0.006203,54.014,45.062,37.4925
S05,414,0.325294,0.00103,54.1024,0.098871,0.006211,54.1024,45.1178,37.5355
S05,415,0.326326,0.001032,54.1605,0.099161,0.006222,54.1605,45.1861,37.5788
S05,416,0.32736,0.001034,54.2381,0.099339,0.006227,54.2381,45.251,37.6052
S05,417,0.328396,0.001036,54.299,0.09959,0.006236,54.299,45.3084,37.641
S05,418,0.329433,0.001037,54.3872,0.09978,0.006242,54.3872,45.3674,37.6546
S05,419,0.330472,0.001039,54.4548,0.100071,0.006253,54.4548,45.4092,37.6787
S05,420,0.331513,0.001041,54.5327,0.100286,0.00626,54.5327,45.4607,37.7353
S05,421,0.332556,0.001043,54.6216,0.10054,0.00627,54.6216,45.5149,37.7506
S05,422,0.333601,0.001045,54.6961,0.100836,0.006281,54.6961,45.5726,37.7716
S05,423,0.334648,0.001047,54.7775,0.101079,0.006289,54.7775,45.6278,37.7993
S05,424,0.335697,0.001049,54.8538,0.101349,0.006299,54.8538,45.684,37.8353
S05,425,0.336748,0.001051,54.9273,0.1016,0.006308,54.9273,45.7245,37.8765
S05,426,0.337801,0.001053,55.0284,0.101841,0.006316,55.0284,45.7818,37.9188
S05,427,0.338856,0.001055,55.0927,0.102186,0.00633,55.0927,45.8323,37.9634
S05,428,0.339913,0.001057,55.1796,0.102394,0.006337,55.1796,45.8872,38.0133
S05,429,0.340972,0.001059,55.2825,0.102688,0.006348,55.2825,45.9351,38.0435
S05,430,0.342034,0.001062,55.3543,0.103043,0.006362,55.3543,45.9791,38.0732
S05,431,0.343097,0.001063,55.4117,0.103281,0.00637,55.4117,46.0365,38.1031
S05,432,0.344162,0.001065,55.5031,0.103464,0.006375,55.5031,46.0828,38.1283
S05,433,0.345229,0.001067,55.5725,0.103778,0.006387,55.5725,46.1167,38.1612
S05,434,0.346298,0.001069,55.6419,0.104009,0.006394,55.6419,46.1899,38.1983
S05,435,0.347369,0.001071,55.7188,0.10424,0.006402,55.7188,46.2364,38.2243
S05,436,0.348441,0.001073,55.8037,0.1045,0.006411,55.8037,46.306,38.249
S05,437,0.349516,0.001075,55.8739,0.104792,0.006422,55.8739,46.3685,38.2931
S05,438,0.350593,0.001077,55.9321,0.105027,0.006429,55.9321,46.4365,38.3215
S05,439,0.351671,0.001078,56.0122,0.105217,0.006434,56.0122,46.5137,38.3463
S05,440,0.352751,0.00108,56.09,0.105492,0.006444,56.09,46.5687,38.3638
S05,441,0.353833,0.001082,56.1661,0.105759,0.006453,56.1661,46.6309,38.386
S05,442,0.354917,0.001084,56.2563,0.10602,0.006462,56.2563,46.6826,38.4113
S05,443,0.356003,0.001086,56.3496,0.106337,0.006474,56.3496,46.73,38.4429
S05,444,0.357092,0.001089,56.4545,0.106667,0.006486,56.4545,46.7669,38.4823
S05,445,0.358184,0.001091,56.5343,0.107044,0.006501,56.5343,46.8101,38.5195
S05,446,0.359277,0.001094,56.6215,0.107323,0.006511,56.6215,46.8784,38.538
S05,447,0.360373,0.001096,56.6823,0.107631,0.006522,56.6823,46.9364,38.5695
S05,448,0.36147,0.001097,56.7758,0.107836,0.006528,56.7758,46.9759,38.6111
S05,449,0.36257,0.0011,56.8609,0.108171,0.00654,56.8609,47.0338,38.6504
S05,450,0.363672,0.001102,56.945,0.108474,0.006551,56.945,47.1142,38.6816
S05,451,0.364776,0.001104,57.035,0.108774,0.006561,57.035,47.1746,38.7055
S05,452,0.365883,0.001107,57.1468,0.109098,0.006573,57.1468,47.2324,38.7274
S05,453,0.366992,0.00111,57.2034,0.109511,0.006589,57.2034,47.3016,38.7775
S05,454,0.368103,0.001111,57.3036,0.109702,0.006594,57.3036,47.3682,38.8093
S05,455,0.369217,0.001114,57.3702,0.11007,0.006608,57.3702,47.4341,38.8528
S05,456,0.370332,0.001115,57.46,0.110303,0.006615,57.46,47.4986,38.8697
S05,457,0.37145,0.001118,57.5406,0.110631,0.006627,57.5406,47.5603,38.9153
S05,458,0.37257,0.00112,57.6094,0.110923,0.006637,57.6094,47.6325,38.9466
S05,459,0.373692,0.001122,57.7248,0.111166,0.006644,57.7248,47.6869,38.9856
S05,460,0.374817,0.001125,57.8057,0.111602,0.006661,57.8057,47.7732,39.0083
S05,461,0.375944,0.001127,57.8589,0.111897,0.006671,57.8589,47.8325,39.0467
S05,462,0.377072,0.001128,57.9295,0.112078,0.006675,57.9295,47.8972,39.086
S05,463,0.378202,0.00113,58.0245,0.112333,0.006683,58.0245,47.9492,39.1217
S05,464,0.379335,0.001133,58.119,0.112688,0.006696,58.119,48.0093,39.1445
S05,465,0.38047,0.001135,58.2316,0.113042,0.006709,58.2316,48.0662,39.1936
S05,466,0.381609,0.001138,58.3779,0.113473,0.006725,58.3779,48.1136,39.2151
S05,467,0.382751,0.001142,58.4502,0.114045,0.006748,58.4502,48.1824,39.2518
S05,468,0.383895,0.001144,58.5276,0.114311,0.006756,58.5276,48.2507,39.3158
S05,469,0.385042,0.001146,58.6296,0.114599,0.006766,58.6296,48.3222,39.3371
S05,470,0.386191,0.001149,58.6788,0.11499,0.00678,58.6788,48.3921,39.3711
S05,471,0.387342,0.001151,58.8099,0.115161,0.006784,58.8099,48.4564,39.3911
S05,472,0.388496,0.001154,58.8955,0.115677,0.006804,58.8955,48.4937,39.4265
S05,473,0.389652,0.001156,58.9904,0.116003,0.006815,58.9904,48.5534,39.4743
S05,474,0.390811,0.001159,59.084,0.116369,0.006828,59.084,48.6076,39.5223
S05,475,0.391973,0.001162,59.1816,0.116731,0.00684,59.1816,48.6713,39.5393
S05,476,0.393137,0.001164,59.2908,0.117111,0.006854,59.2908,48.7371,39.5635
S05,477,0.394304,0.001167,59.4043,0.117542,0.00687,59.4043,48.8001,39.6118
S05,478,0.395475,0.00117,59.4988,0.117993,0.006886,59.4988,48.8714,39.6368
S05,479,0.396648,0.001173,59.559,0.118363,0.006899,59.559,48.9479,39.6571
S05,480,0.397823,0.001175,59.6644,0.118587,0.006905,59.6644,49.0087,39.7063
S05,481,0.399001,0.001178,59.7655,0.119006,0.00692,59.7655,49.0798,39.7545
S05,482,0.400181,0.001181,59.8521,0.119409,0.006934,59.8521,49.1497,39.804
S05,483,0.401364,0.001183,59.9201,0.11975,0.006945,59.9201,49.2033,39.8495
S05,484,0.402549,0.001185,60.0482,0.12001,0.006953,60.0482,49.2557,39.8815
S05,485,0.403737,0.001188,60.1191,0.120534,0.006973,60.1191,49.3009,39.9126
S05,486,0.404928,0.00119,60.214,0.120809,0.006981,60.214,49.3593,39.9633
S05,487,0.406121,0.001193,60.2884,0.121189,0.006994,60.2884,49.4296,39.9987
S05,488,0.407316,0.001195,60.3898,0.121481,0.007003,60.3898,49.5038,40.0332
S05,489,0.408514,0.001198,60.5005,0.121893,0.007017,60.5005,49.5853,40.0793
S05,490,0.409716,0.001201,60.5921,0.122348,0.007033,60.5921,49.6433,40.1136
S05,491,0.41092,0.001204,60.7176,0.122719,0.007046,60.7176,49.7114,40.1504
S05,492,0.412127,0.001207,60.8212,0.123243,0.007065,60.8212,49.7832,40.1754
S05,493,0.413337,0.00121,60.9434,0.123671,0.00708,60.9434,49.8652,40.2113
S05,494,0.414551,0.001214,61.0336,0.124184,0.007098,61.0336,49.9389,40.2466
S05,495,0.415768,0.001217,61.1482,0.124555,0.00711,61.1482,50.0142,40.2861
S05,496,0.416988,0.00122,61.2576,0.125036,0.007127,61.2576,50.0974,40.3465
S05,497,0.418211,0.001223,61.3762,0.125497,0.007143,61.3762,50.1401,40.3918
S05,498,0.419437,0.001226,61.4447,0.126,0.007161,61.4447,50.2141,40.442
S05,499,0.420666,0.001228,61.5829,0.126277,0.007169,61.5829,50.291,40.4743
S05,500,0.421898,0.001233,61.6936,0.126873,0.007191,61.6936,50.3539,40.5035
S05,501,0.423134,0.001236,61.7783,0.127346,0.007207,61.7783,50.4158,40.5509
S05,502,0.424372,0.001238,61.877,0.127701,0.007218,61.877,50.477,40.5893
S05,503,0.425614,0.001241,61.9897,0.128121,0.007232,61.9897,50.5333,40.6159
S05,504,0.426858,0.001244,62.0577,0.128607,0.007249,62.0577,50.5974,40.6519
S05,505,0.428104,0.001246,62.1515,0.128887,0.007257,62.1515,50.6768,40.6736
S05,506,0.429354,0.001249,62.2227,0.129288,0.00727,62.2227,50.7626,40.7157
S05,507,0.430605,0.001251,62.3226,0.129584,0.007278,62.3226,50.8442,40.7448
S05,508,0.431859,0.001254,62.418,0.130016,0.007292,62.418,50.9139,40.8029
S05,509,0.433116,0.001257,62.5004,0.130428,0.007306,62.5004,50.9957,40.8316
S05,510,0.434376,0.00126,62.6197,0.13078,0.007317,62.6197,51.0837,40.8738
S05,511,0.435639,0.001263,62.7133,0.131308,0.007335,62.7133,51.1616,40.9235
S05,512,0.436905,0.001266,62.8255,0.131715,0.007348,62.8255,51.2326,40.96
S05,513,0.438174,0.001269,62.9497,0.132213,0.007365,62.9497,51.3113,41.0087
S05,514,0.439448,0.001273,63.0834,0.13277,0.007384,63.0834,51.394,41.0503
S05,515,0.440725,0.001277,63.1877,0.133375,0.007405,63.1877,51.4685,41.1011
S05,516,0.442005,0.00128,63.29,0.13384,0.00742,63.29,51.5458,41.1351
S05,517,0.443288,0.001283,63.42,0.134297,0.007435,63.42,51.6142,41.1666
S05,518,0.444576,0.001287,63.5225,0.134891,0.007455,63.5225,51.6991,41.1991
S05,519,0.445866,0.00129,63.6127,0.135353,0.00747,63.6127,51.7737,41.2411
S05,520,0.447159,0.001293,63.6967,0.135756,0.007483,63.6967,51.8448,41.285
S05,521,0.448455,0.001296,63.7857,0.13613,0.007494,63.7857,51.9205,41.3528
S05,522,0.449754,0.001299,63.9448,0.13653,0.007506,63.9448,51.9815,41.3979
S05,523,0.451057,0.001303,64.0187,0.137276,0.007532,64.0187,52.0392,41.4408
S05,524,0.452363,0.001306,64.1255,0.137605,0.007542,64.1255,52.1225,41.5013
S05,525,0.453672,0.001309,64.2684,0.138097,0.007557,64.2684,52.1942,41.5473
S05,526,0.454986,0.001314,64.3928,0.138771,0.007581,64.3928,52.2758,41.5883
S05,527,0.456303,0.001317,64.5127,0.139356,0.0076,64.5127,52.3621,41.6458
S05,528,0.457624,0.001321,64.5894,0.13992,0.007618,64.5894,52.4159,41.6909
S05,529,0.458948,0.001324,64.6861,0.140269,0.007628,64.6861,52.4895,41.7266
S05,530,0.460274,0.001327,64.7898,0.140719,0.007642,64.7898,52.5482,41.784
S05,531,0.461604,0.00133,64.9293,0.141207,0.007658,64.9293,52.627,41.8292
S05,532,0.462938,0.001334,65.0217,0.141878,0.00768,65.0217,52.7066,41.8687
S05,533,0.464276,0.001337,65.1311,0.142312,0.007693,65.1311,52.7687,41.9108
S05,534,0.465616,0.001341,65.2654,0.142834,0.00771,65.2654,52.8501,41.9696
S05,535,0.466961,0.001345,65.3815,0.143486,0.007731,65.3815,52.9356,42.0169
S05,536,0.46831,0.001349,65.5138,0.144046,0.007749,65.5138,53.0066,42.0757
S05,537,0.469663,0.001353,65.6518,0.144693,0.00777,65.6518,53.0898,42.1364
S05,538,0.47102,0.001357,65.7724,0.145373,0.007792,65.7724,53.1795,42.1896
S05,539,0.472381,0.001361,65.8712,0.145964,0.007811,65.8712,53.2521,42.235
S05,540,0.473746,0.001364,66.024,0.146444,0.007826,66.024,53.3326,42.2819
S05,541,0.475115,0.001369,66.1676,0.147209,0.007851,66.1676,53.4149,42.3415
S05,542,0.476489,0.001374,66.3089,0.147929,0.007874,66.3089,53.5027,42.3857
S05,543,0.477868,0.001379,66.4051,0.148639,0.007898,66.4051,53.5806,42.4312
S05,544,0.479249,0.001382,66.5382,0.149114,0.007912,66.5382,53.6728,42.4799
S05,545,0.480636,0.001386,66.6678,0.149787,0.007933,66.6678,53.7685,42.5271
S05,546,0.482026,0.00139,66.7769,0.150443,0.007954,66.7769,53.8556,42.5658
S05,547,0.48342,0.001394,66.9061,0.150993,0.00797,66.9061,53.9282,42.6249
S05,548,0.484818,0.001398,67.0495,0.151653,0.007991,67.0495,54.0047,42.6641
S05,549,0.486222,0.001403,67.1491,0.152392,0.008015,67.1491,54.0743,42.7113
S05,550,0.487628,0.001406,67.2488,0.152897,0.008029,67.2488,54.1462,42.7457
S05,551,0.489038,0.00141,67.3895,0.153404,0.008044,67.3895,54.2117,42.8181
S05,552,0.490452,0.001414,67.5121,0.154137,0.008067,67.5121,54.2735,42.8647
S05,553,0.491871,0.001419,67.6271,0.154773,0.008087,67.6271,54.3371,42.897
S05,554,0.493293,0.001422,67.7957,0.155371,0.008105,67.7957,54.4095,42.9378
S05,555,0.494721,0.001428,67.934,0.156267,0.008133,67.934,54.4771,42.9856
S05,556,0.496154,0.001433,68.0428,0.157,0.008156,68.0428,54.5541,43.0175
S05,557,0.497591,0.001437,68.178,0.157571,0.008173,68.178,54.6399,43.0692
S05,558,0.499032,0.001441,68.2939,0.158292,0.008195,68.2939,54.7223,43.1214
S05,559,0.500477,0.001445,68.4054,0.158907,0.008213,68.4054,54.7996,43.1655
S05,560,0.501926,0.001449,68.5872,0.1595,0.00823,68.5872,54.8877,43.1899
S05,561,0.503381,0.001455,68.6931,0.160494,0.008262,68.6931,54.9612,43.2438
S05,562,0.50484,0.001459,68.8447,0.161061,0.008278,68.8447,55.0373,43.2919
S05,563,0.506304,0.001464,68.9753,0.161891,0.008304,68.9753,55.1365,43.3532
S05,564,0.507773,0.001469,69.1,0.162605,0.008325,69.1,55.2255,43.4016
S05,565,0.509246,0.001473,69.2584,0.163287,0.008345,69.2584,55.3072,43.443
S05,566,0.510725,0.001479,69.3765,0.164168,0.008372,69.3765,55.3777,43.4925
S05,567,0.512207,0.001483,69.4876,0.164818,0.008391,69.4876,55.4593,43.5504
S05,568,0.513694,0.001487,69.6116,0.16543,0.008408,69.6116,55.541,43.5983
S05,569,0.515185,0.001491,69.7306,0.16612,0.008428,69.7306,55.6394,43.6341
S05,570,0.51668,0.001495,69.9069,0.166782,0.008447,69.9069,55.7281,43.6815
S05,571,0.518182,0.001502,70.083,0.167787,0.008478,70.083,55.8124,43.7222
S05,572,0.51969,0.001508,70.2338,0.168796,0.008508,70.2338,55.9155,43.7762
S05,573,0.521203,0.001513,70.3948,0.169659,0.008534,70.3948,56.0117,43.8163
S05,574,0.522722,0.001519,70.5477,0.170588,0.008561,70.5477,56.0907,43.8551
S05,575,0.524246,0.001525,70.7001,0.171473,0.008587,70.7001,56.1901,43.9024
S05,576,0.525777,0.00153,70.8692,0.172359,0.008613,70.8692,56.2851,43.9616
S05,577,0.527313,0.001536,70.9938,0.17335,0.008642,70.9938,56.377,44.0145
S05,578,0.528854,0.001541,71.1244,0.174075,0.008662,71.1244,56.4561,44.0505
S05,579,0.530399,0.001546,71.2625,0.17484,0.008684,71.2625,56.5515,44.1175
S05,580,0.53195,0.001551,71.4155,0.175654,0.008707,71.4155,56.6514,44.1834
S05,581,0.533506,0.001556,71.5805,0.176564,0.008733,71.5805,56.739,44.2383
S05,582,0.535069,0.001562,71.7123,0.177553,0.008762,71.7123,56.8213,44.2656
S05,583,0.536636,0.001567,71.8589,0.17834,0.008783,71.8589,56.9158,44.3231
S05,584,0.538209,0.001573,72.0157,0.179223,0.008808,72.0157,56.9946,44.37
S05,585,0.539787,0.001579,72.1616,0.180175,0.008835,72.1616,57.0893,44.4196
S05,586,0.541371,0.001584,72.298,0.181062,0.00886,72.298,57.1823,44.4713
S05,587,0.542961,0.001589,72.4343,0.181893,0.008883,72.4343,57.2839,44.5187
S05,588,0.544555,0.001594,72.5668,0.182727,0.008906,72.5668,57.3868,44.5563
S05,589,0.546154,0.001599,72.7329,0.18354,0.008928,72.7329,57.4817,44.5966
S05,590,0.54776,0.001606,72.8802,0.184573,0.008957,72.8802,57.5823,44.6364
S05,591,0.549371,0.001611,73.0096,0.18549,0.008982,73.0096,57.6706,44.6836
S05,592,0.550988,0.001616,73.1609,0.186295,0.009003,73.1609,57.7713,44.7397
S05,593,0.55261,0.001622,73.3071,0.187246,0.009029,73.3071,57.8652,44.7814
S05,594,0.554238,0.001628,73.4444,0.188168,0.009054,73.4444,57.9682,44.8288
S05,595,0.555871,0.001633,73.5873,0.189036,0.009077,73.5873,58.0686,44.8966
S05,596,0.557509,0.001639,73.7317,0.189945,0.009102,73.7317,58.1552,44.9592
S05,597,0.559153,0.001644,73.8937,0.190868,0.009126,73.8937,58.2383,45.0172
S05,598,0.560804,0.001651,74.072,0.191913,0.009155,74.072,58.3205,45.0637
S05,599,0.562461,0.001658,74.2057,0.193072,0.009186,74.2057,58.4305,45.1333
S05,600,0.564124,0.001663,74.3408,0.193938,0.009209,74.3408,58.5121,45.1802
S05,601,0.565792,0.001668,74.5005,0.194816,0.009232,74.5005,58.6101,45.2331
S05,602,0.567467,0.001674,74.6808,0.195865,0.009259,74.6808,58.7004,45.2988
S05,603,0.569149,0.001682,74.8278,0.197062,0.009291,74.8278,58.801,45.3618
S05,604,0.570836,0.001688,74.9853,0.198035,0.009317,74.9853,58.92,45.4146
S05,605,0.57253,0.001694,75.1537,0.199086,0.009344,75.1537,59.0208,45.4654
S05,606,0.574231,0.001701,75.3086,0.200218,0.009374,75.3086,59.1108,45.5382
S05,607,0.575938,0.001707,75.465,0.201262,0.009401,75.465,59.2032,45.5964
S05,608,0.577651,0.001713,75.6353,0.202321,0.009428,75.6353,59.3079,45.6678
S05,609,0.579371,0.00172,75.8061,0.203484,0.009458,75.8061,59.3982,45.7264
S05,610,0.581098,0.001727,75.9659,0.204656,0.009489,75.9659,59.4896,45.7688
S05,611,0.582832,0.001734,76.1444,0.205756,0.009517,76.1444,59.601,45.8344
S05,612,0.584573,0.001741,76.3264,0.206996,0.009548,76.3264,59.7006,45.8814
S05,613,0.586322,0.001749,76.4844,0.208268,0.009581,76.4844,59.8138,45.9424
S05,614,0.588077,0.001755,76.6386,0.209373,0.009609,76.6386,59.9345,46.0006
S05,615,0.589839,0.001762,76.8283,0.210457,0.009636,76.8283,60.0226,46.0469
S05,616,0.591608,0.00177,77.0156,0.211805,0.00967,77.0156,60.1169,46.0935
S05,617,0.593386,0.001778,77.1624,0.213144,0.009704,77.1624,60.2116,46.1555
S05,618,0.59517,0.001784,77.3454,0.214192,0.009729,77.3454,60.3164,46.2073
S05,619,0.596961,0.001791,77.4958,0.215513,0.009762,77.4958,60.4292,46.2601
S05,620,0.598759,0.001798,77.6746,0.216598,0.009788,77.6746,60.5372,46.3034
S05,621,0.600565,0.001806,77.8342,0.217901,0.009821,77.8342,60.6442,46.3529
S05,622,0.602377,0.001812,78.0015,0.219067,0.009849,78.0015,60.7477,46.403
S05,623,0.604197,0.00182,78.1826,0.220297,0.009879,78.1826,60.8587,46.465
S05,624,0.606024,0.001827,78.3513,0.221639,0.009911,78.3513,60.9604,46.5151
S05,625,0.607859,0.001835,78.5331,0.222894,0.009941,78.5331,61.0614,46.5725
S05,626,0.609701,0.001843,78.7458,0.224255,0.009974,78.7458,61.1624,46.6204
S05,627,0.611554,0.001852,78.9321,0.225865,0.010013,78.9321,61.27,46.6864
S05,628,0.613414,0.00186,79.1164,0.227279,0.010047,79.1164,61.3748,46.7443
S05,629,0.615282,0.001868,79.3289,0.228686,0.01008,79.3289,61.4827,46.8112
S05,630,0.61716,0.001878,79.5027,0.230323,0.010119,79.5027,61.6015,46.8686
S05,631,0.619046,0.001886,79.6956,0.231665,0.010151,79.6956,61.712,46.9206
S05,632,0.62094,0.001894,79.8822,0.233166,0.010186,79.8822,61.8249,46.9841
S05,633,0.622843,0.001903,80.0618,0.234625,0.01022,80.0618,61.9364,47.0563
S05,634,0.624754,0.001911,80.2251,0.236036,0.010252,80.2251,62.0415,47.1141
S05,635,0.626672,0.001918,80.3931,0.237323,0.010282,80.3931,62.1451,47.1701
S05,636,0.628598,0.001926,80.595,0.238655,0.010312,80.595,62.2481,47.2286
S05,637,0.630533,0.001935,80.7552,0.240273,0.010349,80.7552,62.3461,47.2798
S05,638,0.632476,0.001943,80.9369,0.241556,0.010378,80.9369,62.4483,47.3439
S05,639,0.634427,0.001951,81.1048,0.243024,0.010411,81.1048,62.5696,47.4055
S05,640,0.636385,0.001959,81.2734,0.244386,0.010441,81.2734,62.6973,47.4615
S05,641,0.638352,0.001967,81.47,0.24576,0.010472,81.47,62.8053,47.5343
S05,642,0.640328,0.001976,81.6896,0.247378,0.010508,81.6896,62.9156,47.599
S05,643,0.642314,0.001986,81.9032,0.249201,0.010549,81.9032,63.0298,47.6597
S05,644,0.64431,0.001996,82.1077,0.250985,0.010588,82.1077,63.1441,47.7099
S05,645,0.646316,0.002006,82.3106,0.252703,0.010626,82.3106,63.2416,47.7775
S05,646,0.648332,0.002016,82.5127,0.254417,0.010663,82.5127,63.36,47.8331
S05,647,0.650357,0.002025,82.6904,0.256136,0.010701,82.6904,63.4868,47.887
S05,648,0.652391,0.002034,82.9384,0.257652,0.010733,82.9384,63.6201,47.9718
S05,649,0.654437,0.002046,83.131,0.259796,0.01078,83.131,63.7406,48.036
S05,650,0.656492,0.002055,83.3535,0.261464,0.010816,83.3535,63.8676,48.1158
S05,651,0.658558,0.002066,83.5625,0.263409,0.010857,83.5625,63.9699,48.1659
S05,652,0.660635,0.002076,83.757,0.265246,0.010896,83.757,64.0934,48.2338
S05,653,0.662721,0.002086,84.0038,0.266965,0.010932,84.0038,64.2066,48.2953
S05,654,0.664819,0.002098,84.2447,0.269169,0.010978,84.2447,64.3287,48.3686
S05,655,0.666929,0.00211,84.4924,0.271337,0.011024,84.4924,64.4356,48.4422
S05,656,0.669052,0.002123,84.7176,0.273584,0.01107,84.7176,64.548,48.4925
S05,657,0.671187,0.002134,84.9293,0.275638,0.011113,84.9293,64.6668,48.5552
S05,658,0.673332,0.002145,85.1697,0.27758,0.011152,85.1697,64.7927,48.6252
S05,659,0.675489,0.002157,85.4027,0.279806,0.011198,85.4027,64.9132,48.6866
S05,660,0.677658,0.002169,85.6146,0.281977,0.011241,85.6146,65.044,48.7627
S05,661,0.679839,0.00218,85.8352,0.283963,0.011281,85.8352,65.1693,48.8311
S05,662,0.68203,0.002192,86.0309,0.286046,0.011323,86.0309,65.2886,48.8652
S05,663,0.684232,0.002202,86.271,0.287902,0.011359,86.271,65.4221,48.9356
S05,664,0.686447,0.002214,86.5023,0.290201,0.011404,86.5023,65.5484,49.0039
S05,665,0.688673,0.002227,86.7446,0.292432,0.011448,86.7446,65.678,49.064
S05,666,0.690913,0.00224,86.99,0.294787,0.011494,86.99,65.8038,49.1378
S05,667,0.693166,0.002253,87.2374,0.297191,0.011541,87.2374,65.9175,49.2178
S05,668,0.695432,0.002266,87.4941,0.299633,0.011587,87.4941,66.036,49.3004
S05,669,0.697711,0.00228,87.7291,0.302188,0.011636,87.7291,66.1576,49.3646
S05,670,0.700004,0.002293,87.9993,0.304542,0.011681,87.9993,66.2908,49.422
S05,671,0.702311,0.002307,88.2583,0.307275,0.011732,88.2583,66.4298,49.481
S05,672,0.704633,0.002322,88.5147,0.309914,0.011782,88.5147,66.5559,49.5553
S05,673,0.706969,0.002336,88.7568,0.312548,0.011831,88.7568,66.6636,49.6242
S05,674,0.709318,0.002349,89.001,0.315051,0.011877,89.001,66.7888,49.695
S05,675,0.711681,0.002363,89.2453,0.317597,0.011923,89.2453,66.937,49.7559
S05,676,0.714058,0.002377,89.5227,0.320161,0.01197,89.5227,67.0739,49.8337
S05,677,0.71645,0.002392,89.789,0.323102,0.012023,89.789,67.1975,49.9079
S05,678,0.718858,0.002408,90.0664,0.325947,0.012074,90.0664,67.3364,49.9826
S05,679,0.721281,0.002424,90.2919,0.328937,0.012127,90.2919,67.4637,50.0534
S05,680,0.723718,0.002437,90.5831,0.33138,0.01217,90.5831,67.59,50.0997
S05,681,0.726171,0.002454,90.8731,0.33457,0.012226,90.8731,67.7523,50.1858
S05,682,0.728642,0.00247,91.1256,0.337774,0.012282,91.1256,67.9029,50.2504
S05,683,0.731127,0.002485,91.4286,0.340584,0.01233,91.4286,68.0627,50.3414
S05,684,0.733631,0.002503,91.7121,0.34399,0.012389,91.7121,68.2042,50.4096
S05,685,0.736151,0.00252,91.9933,0.347205,0.012444,91.9933,68.3341,50.4831
S05,686,0.738688,0.002537,92.2983,0.350419,0.012498,92.2983,68.4691,50.556
S05,687,0.741244,0.002556,92.604,0.353941,0.012557,92.604,68.6189,50.6415
S05,688,0.743818,0.002574,92.8825,0.357503,0.012616,92.8825,68.7517,50.7293
S05,689,0.746409,0.002591,93.159,0.360775,0.01267,93.159,68.8925,50.8126
S05,690,0.749018,0.002608,93.4782,0.36405,0.012723,93.4782,69.0544,50.8802
S05,691,0.751646,0.002628,93.7951,0.367872,0.012785,93.7951,69.208,50.9535
S05,692,0.754294,0.002648,94.1197,0.371702,0.012846,94.1197,69.3498,51.0295
S05,693,0.756963,0.002669,94.4466,0.375665,0.012909,94.4466,69.4968,51.1094
S05,694,0.759653,0.00269,94.7491,0.379695,0.012973,94.7491,69.6408,51.1769
S05,695,0.762362,0.002709,95.0437,0.383458,0.013032,95.0437,69.7886,51.2365
S05,696,0.76509,0.002728,95.3727,0.387155,0.013089,95.3727,69.9533,51.3198
S05,697,0.767839,0.002749,95.696,0.391328,0.013153,95.696,70.1012,51.4095
S05,698,0.77061,0.002771,96.0102,0.395468,0.013216,96.0102,70.2709,51.4798
S05,699,0.773401,0.002791,96.3311,0.39953,0.013277,96.3311,70.424,51.5519
S05,700,0.776214,0.002813,96.6435,0.40372,0.013339,96.6435,70.5854,51.6266
S05,701,0.779048,0.002834,96.9564,0.407836,0.0134,96.9564,70.7338,51.7218
S05,702,0.781903,0.002855,97.3246,0.411998,0.013461,97.3246,70.915,51.7971
S05,703,0.784783,0.00288,97.6703,0.416954,0.013533,97.6703,71.0609,51.8589
S05,704,0.787687,0.002904,98.0118,0.421655,0.013601,98.0118,71.234,51.9347
S05,705,0.790615,0.002928,98.3635,0.426346,0.013668,98.3635,71.4011,52.0096
S05,706,0.793567,0.002952,98.6806,0.43123,0.013736,98.6806,71.5569,52.0872
S05,707,0.796541,0.002975,99.0227,0.435675,0.013798,99.0227,71.718,52.1662
S05,708,0.79954,0.002999,99.4221,0.44052,0.013866,99.4221,71.8747,52.2362
S05,709,0.802568,0.003027,99.7711,0.446248,0.013946,99.7711,72.0495,52.3189
S05,710,0.80562,0.003053,100.1211,0.451304,0.014015,100.1211,72.2187,52.3991
S05,711,0.808699,0.003078,100.5005,0.456428,0.014085,100.5005,72.3813,52.4925
S05,712,0.811805,0.003106,100.8746,0.462047,0.014161,100.8746,72.5499,52.5758
S05,713,0.814938,0.003134,101.2434,0.467652,0.014235,101.2434,72.7269,52.6415
S05,714,0.8181,0.003161,101.6538,0.473238,0.014309,101.6538,72.8966,52.7244
S05,715,0.821292,0.003193,102.0478,0.479531,0.014391,102.0478,73.065,52.812
S05,716,0.824515,0.003223,102.449,0.485644,0.01447,102.449,73.2517,52.9016
S05,717,0.827768,0.003253,102.888,0.491946,0.01455,102.888,73.4307,52.9811
S05,718,0.831056,0.003288,103.3268,0.498932,0.014638,103.3268,73.6103,53.0723
S05,719,0.834378,0.003322,103.7507,0.506009,0.014725,103.7507,73.7818,53.1339
S05,720,0.837734,0.003356,104.1844,0.512931,0.01481,104.1844,73.9546,53.2166
S05,721,0.841125,0.003391,104.6322,0.520105,0.014897,104.6322,74.1552,53.2779
S05,722,0.844552,0.003427,105.0409,0.527614,0.014986,105.0409,74.3566,53.3832
S05,723,0.848012,0.003461,105.4687,0.534551,0.015068,105.4687,74.5429,53.4736
S05,724,0.851508,0.003496,105.877,0.541905,0.015154,105.877,74.7342,53.5673
S05,725,0.855038,0.00353,106.3512,0.549012,0.015236,106.3512,74.9255,53.6664
S05,726,0.858608,0.00357,106.818,0.557381,0.015331,106.818,75.1138,53.7386
S05,727,0.862218,0.00361,107.2463,0.565734,0.015424,107.2463,75.3111,53.8222
S05,728,0.865865,0.003647,107.6539,0.573499,0.01551,107.6539,75.5045,53.9015
S05,729,0.869548,0.003682,108.1331,0.580978,0.015592,108.1331,75.7026,54.0003
S05,730,0.873272,0.003725,108.5833,0.589895,0.015688,108.5833,75.9107,54.0936
S05,731,0.877037,0.003765,109.0521,0.598389,0.015778,109.0521,76.0955,54.1939
S05,732,0.880844,0.003807,109.5202,0.607355,0.015872,109.5202,76.3017,54.2781
S05,733,0.884694,0.00385,109.9455,0.616432,0.015966,109.9455,76.504,54.3659
S05,734,0.888583,0.003889,110.4035,0.624788,0.016051,110.4035,76.7017,54.4547
S05,735,0.892514,0.003931,110.8865,0.633906,0.016143,110.8865,76.8985,54.5467
S05,736,0.896491,0.003977,111.3703,0.64366,0.01624,111.3703,77.1156,54.6258
S05,737,0.900513,0.004023,111.7916,0.653572,0.016337,111.7916,77.321,54.7049
S05,738,0.904577,0.004063,112.2557,0.662311,0.016422,112.2557,77.5162,54.804
S05,739,0.908685,0.004108,112.7174,0.672073,0.016515,112.7174,77.7429,54.8927
S05,740,0.912839,0.004154,113.1607,0.681916,0.016608,113.1607,77.968,54.9759
S05,741,0.917036,0.004198,113.6174,0.691494,0.016697,113.6174,78.1848,55.0782
S05,742,0.92128,0.004243,114.048,0.701493,0.016789,114.048,78.3865,55.1586
S05,743,0.925567,0.004287,114.4916,0.711043,0.016876,114.4916,78.6014,55.2752
S05,744,0.929899,0.004332,114.9321,0.721007,0.016965,114.9321,78.8286,55.3712
S05,745,0.934277,0.004378,115.3806,0.731035,0.017054,115.3806,79.0484,55.4751
S05,746,0.938702,0.004425,115.8235,0.741378,0.017144,115.8235,79.2514,55.5927
S05,747,0.943174,0.004472,116.2723,0.751726,0.017233,116.2723,79.4699,55.6955
S05,748,0.947693,0.00452,116.7345,0.762353,0.017323,116.7345,79.6954,55.79
S05,749,0.952263,0.004569,117.1782,0.773445,0.017416,117.1782,79.9059,55.8989
S05,750,0.95688,0.004618,117.5972,0.784234,0.017506,117.5972,80.1342,55.9974
S05,751,0.961544,0.004664,118.0353,0.794547,0.01759,118.0353,80.357,56.1011
S05,752,0.966257,0.004713,118.4854,0.805469,0.017679,118.4854,80.6031,56.2061
S05,753,0.97102,0.004763,118.9408,0.816842,0.01777,118.9408,80.8388,56.3203
S05,754,0.975835,0.004815,119.3641,0.828499,0.017861,119.3641,81.0598,56.4295
S05,755,0.980699,0.004863,119.803,0.839472,0.017947,119.803,81.2954,56.5283
S05,756,0.985613,0.004914,120.1862,0.850997,0.018035,120.1862,81.5143,56.6177
S05,757,0.990572,0.004959,120.6285,0.861168,0.018113,120.6285,81.7326,56.7213
S05,758,0.995584,0.005011,121.105,0.873066,0.018202,121.105,81.963,56.8041
S05,759,1.0,0.005068,121.5512,0.886062,0.018298,121.5512,82.1975,56.9138
S05,760,1.0,0.005122,122.0317,0.898392,0.018388,122.0317,82.4191,57.0155
S05,761,1.0,0.005181,122.4842,0.911855,0.018485,122.4842,82.6615,57.1156
S05,762,1.0,0.005237,122.9392,0.924703,0.018577,122.9392,82.9016,57.2189
S05,763,1.0,0.005294,123.3653,0.937795,0.018669,123.3653,83.1498,57.3326
S05,764,1.0,0.005347,123.806,0.950204,0.018755,123.806,83.3934,57.4194
S05,765,1.0,0.005403,124.224,0.963207,0.018844,124.224,83.6297,57.5229
S05,766,1.0,0.005457,124.6427,0.97569,0.018929,124.6427,83.8629,57.6416
S05,767,1.0,0.005511,125.099,0.988347,0.019014,125.099,84.1198,57.7491
S05,768,1.0,0.005571,125.5582,1.002325,0.019106,125.5582,84.3743,57.8617
S05,769,1.0,0.005632,126.0109,1.01658,0.019199,126.0109,84.623,57.9597
S05,770,1.0,0.005693,126.4998,1.030822,0.019291,126.4998,84.8686,58.0511
S05,771,1.0,0.005759,126.9538,1.046417,0.01939,126.9538,85.1055,58.1664
S05,772,1.0,0.005821,127.3877,1.061094,0.019482,127.3877,85.3586,58.2659
S05,773,1.0,0.005881,127.7806,1.075297,0.019569,127.7806,85.6235,58.3737
S05,774,1.0,0.005936,128.2426,1.088297,0.019649,128.2426,85.9024,58.4753
S05,775,1.0,0.006001,128.6877,1.103799,0.019743,128.6877,86.1637,58.5983
S05,776,1.0,0.006065,129.1493,1.118924,0.019833,129.1493,86.4102,58.7022
S05,777,1.0,0.006132,129.5747,1.134823,0.019927,129.5747,86.6764,58.8194
S05,778,1.0,0.006193,130.048,1.149651,0.020013,130.048,86.9338,58.9241
S05,779,1.0,0.006263,130.5116,1.166379,0.020109,130.5116,87.1767,59.0398
S05,780,1.0,0.006332,130.9498,1.182984,0.020203,130.9498,87.4463,59.1528
S05,781,1.0,0.006398,131.3803,1.198878,0.020292,131.3803,87.6992,59.2627
S05,782,1.0,0.006463,131.8375,1.214684,0.02038,131.8375,87.9725,59.3775
S05,783,1.0,0.006534,132.3248,1.231697,0.020473,132.3248,88.2411,59.4846
S05,784,1.0,0.006609,132.7811,1.250086,0.020571,132.7811,88.4958,59.6104
S05,785,1.0,0.006681,133.2482,1.267529,0.020664,133.2482,88.7556,59.727
S05,786,1.0,0.006755,133.6794,1.285627,0.020759,133.6794,89.0107,59.8303
S05,787,1.0,0.006824,134.1274,1.302538,0.020847,134.1274,89.289,59.9428
S05,788,1.0,0.006896,134.5868,1.320336,0.020938,134.5868,89.5601,60.0564
S05,789,1.0,0.006972,135.0147,1.338828,0.021031,135.0147,89.8286,60.176
S05,790,1.0,0.007042,135.4336,1.356261,0.021118,135.4336,90.0985,60.2927
S05,791,1.0,0.007112,135.8918,1.37353,0.021204,135.8918,90.3576,60.4081
S05,792,1.0,0.007189,136.3487,1.392676,0.021297,136.3487,90.6564,60.5236
S05,793,1.0,0.007267,136.7955,1.412018,0.02139,136.7955,90.9219,60.6575
S05,794,1.0,0.007344,137.2812,1.431172,0.021481,137.2812,91.1893,60.7885
S05,795,1.0,0.007429,137.7175,1.45229,0.02158,137.7175,91.4765,60.9173
S05,796,1.0,0.007505,138.1451,1.471485,0.021669,138.1451,91.7575,61.044
S05,797,1.0,0.007581,138.5954,1.490529,0.021756,138.5954,92.0442,61.171
S05,798,1.0,0.007662,138.9952,1.510848,0.021848,138.9952,92.3115,61.2681
S05,799,1.0,0.007734,139.4744,1.529077,0.02193,139.4744,92.593,61.4
S05,800,1.0,0.007822,139.9244,1.551249,0.022027,139.9244,92.8821,61.5153
S05,801,1.0,0.007905,140.3933,1.572334,0.022119,140.3933,93.1799,61.6405
S05,802,1.0,0.007993,140.8406,1.5946,0.022215,140.8406,93.4656,61.778
S05,803,1.0,0.008078,141.2947,1.616108,0.022306,141.2947,93.7285,61.8984
S05,804,1.0,0.008164,141.7637,1.638222,0.022399,141.7637,94.0221,62.034
S05,805,1.0,0.008255,142.2213,1.661373,0.022494,142.2213,94.299,62.1562
S05,806,1.0,0.008344,142.6764,1.684251,0.022588,142.6764,94.6035,62.3022
S05,807,1.0,0.008434,143.1041,1.707299,0.022681,143.1041,94.878,62.4238
S05,808,1.0,0.008519,143.5505,1.729211,0.022768,143.5505,95.1789,62.5389
S05,809,1.0,0.008609,143.9967,1.752379,0.022859,143.9967,95.4576,62.6752
S05,810,1.0,0.008699,144.4111,1.775829,0.022951,144.4111,95.7451,62.8068
S05,811,1.0,0.008784,144.8907,1.797847,0.023036,144.8907,96.0437,62.9536
S05,812,1.0,0.008884,145.3046,1.823706,0.023134,145.3046,96.3461,63.0927
S05,813,1.0,0.00897,145.7762,1.846253,0.023218,145.7762,96.669,63.2193
S05,814,1.0,0.00907,146.2403,1.872313,0.023315,146.2403,96.9718,63.3719
S05,815,1.0,0.009169,146.7007,1.898295,0.02341,146.7007,97.2807,63.5073
S05,816,1.0,0.009269,147.1286,1.924402,0.023504,147.1286,97.5823,63.6631
S05,817,1.0,0.009362,147.58,1.948939,0.023592,147.58,97.8774,63.7855
S05,818,1.0,0.009462,148.0255,1.975168,0.023684,148.0255,98.1609,63.9149
S05,819,1.0,0.009561,148.4621,2.001373,0.023775,148.4621,98.4573,64.0392
S05,820,1.0,0.009659,148.9274,2.027369,0.023865,148.9274,98.7655,64.1784
S05,821,1.0,0.009765,149.366,2.055443,0.02396,149.366,99.0713,64.3196
S05,822,1.0,0.009866,149.8152,2.082221,0.02405,149.8152,99.3695,64.4529
S05,823,1.0,0.00997,150.3062,2.109999,0.024142,150.3062,99.6697,64.5836
S05,824,1.0,0.010085,150.7769,2.140801,0.024243,150.7769,99.97,64.708
S05,825,1.0,0.010197,151.264,2.170707,0.024339,151.264,100.2982,64.8469
S05,826,1.0,0.010314,151.6939,2.202084,0.024439,151.6939,100.6069,64.987
S05,827,1.0,0.010418,152.1762,2.230079,0.024527,152.1762,100.9028,65.1234
S05,828,1.0,0.010536,152.6637,2.261938,0.024626,152.6637,101.2055,65.2709
S05,829,1.0,0.010657,153.1161,2.29459,0.024726,153.1161,101.5163,65.4047
S05,830,1.0,0.01077,153.5351,2.325244,0.024819,153.5351,101.8375,65.5424
S05,831,1.0,0.010876,153.9591,2.353942,0.024905,153.9591,102.1406,65.683
S05,832,1.0,0.010983,154.4122,2.383322,0.024992,154.4122,102.46,65.8458
S05,833,1.0,0.0111,154.8191,2.41514,0.025085,154.8191,102.7832,65.99
S05,834,1.0,0.011205,155.2575,2.443994,0.025169,155.2575,103.0993,66.1343
S05,835,1.0,0.01132,155.6896,2.475499,0.025259,155.6896,103.4109,66.2745
S05,836,1.0,0.011435,156.1529,2.506901,0.025348,156.1529,103.7474,66.4232
S05,837,1.0,0.011559,156.5933,2.541046,0.025444,156.5933,104.0598,66.5802
S05,838,1.0,0.011678,157.0295,2.573867,0.025534,157.0295,104.3774,66.7354
S05,839,1.0,0.011797,157.4827,2.606765,0.025624,157.4827,104.693,66.8977
S05,840,1.0,0.011922,157.9323,2.641386,0.025717,157.9323,105.0107,67.0506
S05,841,1.0,0.012047,158.4134,2.676155,0.02581,158.4134,105.3227,67.1924
S05,842,1.0,0.012183,158.8532,2.713883,0.025909,158.8532,105.6559,67.3473
S05,843,1.0,0.012308,159.3022,2.748753,0.025999,159.3022,105.9849,67.5035
S05,844,1.0,0.012437,159.7511,2.784798,0.026092,159.7511,106.3216,67.6596
S05,845,1.0,0.012567,160.1995,2.821273,0.026184,160.1995,106.6499,67.8244
S05,846,1.0,0.012698,160.6478,2.858157,0.026277,160.6478,106.9662,67.982
S05,847,1.0,0.012831,161.0805,2.895482,0.026369,161.0805,107.2882,68.1356
S05,848,1.0,0.01296,161.5537,2.931911,0.026458,161.5537,107.6066,68.2911
S05,849,1.0,0.013103,162.0252,2.972323,0.026556,162.0252,107.9443,68.4457
S05,850,1.0,0.013247,162.4472,3.013113,0.026653,162.4472,108.272,68.5936
S05,851,1.0,0.013377,162.8961,3.049959,0.02674,162.8961,108.6098,68.7506
S05,852,1.0,0.013516,163.3351,3.089685,0.026833,163.3351,108.9394,68.9118
S05,853,1.0,0.013654,163.7909,3.128975,0.026923,163.7909,109.278,69.0612
S05,854,1.0,0.013799,164.2184,3.170299,0.027018,164.2184,109.6021,69.2392
S05,855,1.0,0.013935,164.6461,3.209458,0.027106,164.6461,109.9377,69.3912
S05,856,1.0,0.014073,165.1173,3.249085,0.027194,165.1173,110.283,69.5514
S05,857,1.0,0.014228,165.5804,3.293385,0.027292,165.5804,110.6281,69.7363
S05,858,1.0,0.014381,166.0325,3.337463,0.027387,166.0325,110.9531,69.8839
S05,859,1.0,0.014531,166.4572,3.380986,0.027481,166.4572,111.2826,70.0505
S05,860,1.0,0.014674,166.8844,3.422284,0.027568,166.8844,111.6323,70.2138
S05,861,1.0,0.014819,167.3094,3.464305,0.027657,167.3094,111.9621,70.3834
S05,862,1.0,0.014964,167.7538,3.506574,0.027745,167.7538,112.2854,70.5552
S05,863,1.0,0.015118,168.1835,3.551354,0.027837,168.1835,112.6162,70.7141
S05,864,1.0,0.015267,168.6525,3.59511,0.027926,168.6525,112.9237,70.8902
S05,865,1.0,0.015433,169.126,3.643561,0.028023,169.126,113.263,71.051
S05,866,1.0,0.015602,169.5703,3.693113,0.028121,169.5703,113.6207,71.2137
S05,867,1.0,0.015762,170.043,3.740092,0.028213,170.043,113.9621,71.3847
S05,868,1.0,0.015935,170.4937,3.790777,0.02831,170.4937,114.2888,71.5395
S05,869,1.0,0.0161,170.9773,3.839619,0.028404,170.9773,114.6292,71.7216
S05,870,1.0,0.01628,171.4257,3.892798,0.028503,171.4257,114.9591,71.9028
S05,871,1.0,0.016448,171.9286,3.942603,0.028596,171.9286,115.2955,72.074
S05,872,1.0,0.01664,172.3675,3.99936,0.0287,172.3675,115.6408,72.2483
S05,873,1.0,0.016807,172.8013,4.049308,0.028791,172.8013,115.9761,72.4276
S05,874,1.0,0.016974,173.2201,4.099208,0.028881,173.2201,116.3098,72.5998
S05,875,1.0,0.017137,173.6823,4.147865,0.028968,173.6823,116.6507,72.778
S05,876,1.0,0.017319,174.1382,4.202371,0.029064,174.1382,116.9976,72.9475
S05,877,1.0,0.0175,174.5764,4.256757,0.029158,174.5764,117.3278,73.135
S05,878,1.0,0.017676,175.0194,4.309576,0.029249,175.0194,117.6669,73.3202
S05,879,1.0,0.017855,175.4595,4.3636,0.029341,175.4595,118.0039,73.4952
S05,880,1.0,0.018035,175.8856,4.41788,0.029433,175.8856,118.34,73.6786
S05,881,1.0,0.01821,176.3502,4.470956,0.029521,176.3502,118.6936,73.8477
S05,882,1.0,0.018403,176.8122,4.529694,0.029618,176.8122,119.0487,74.0331
S05,883,1.0,0.018598,177.2796,4.588798,0.029713,177.2796,119.397,74.2195
S05,884,1.0,0.018797,177.7425,4.649344,0.02981,177.7425,119.7551,74.4089
S05,885,1.0,0.018996,178.1588,4.709993,0.029906,178.1588,120.1087,74.5912
S05,886,1.0,0.019175,178.6153,4.764927,0.029993,178.6153,120.4597,74.7806
S05,887,1.0,0.019374,179.0934,4.826082,0.030088,179.0934,120.7979,74.9583
S05,888,1.0,0.019586,179.5601,4.891008,0.030187,179.5601,121.1489,75.1379
S05,889,1.0,0.019794,180.0043,4.955113,0.030284,180.0043,121.4932,75.3524
S05,890,1.0,0.019994,180.4924,5.016702,0.030376,180.4924,121.8574,75.5414
S05,891,1.0,0.020217,180.9558,5.085469,0.030477,180.9558,122.2129,75.7452
S05,892,1.0,0.020429,181.4062,5.151395,0.030574,181.4062,122.5646,75.9406
S05,893,1.0,0.020638,181.8212,5.216155,0.030667,181.8212,122.9233,76.1262
S05,894,1.0,0.020831,182.2655,5.276234,0.030754,182.2655,123.2773,76.2972
S05,895,1.0,0.02104,182.6932,5.341474,0.030846,182.6932,123.6296,76.4846
S05,896,1.0,0.021243,183.1507,5.404845,0.030935,183.1507,123.9853,76.6765
S05,897,1.0,0.021462,183.6108,5.473617,0.031031,183.6108,124.3631,76.8712
S05,898,1.0,0.021685,184.0829,5.543604,0.031126,184.0829,124.7335,77.0587
S05,899,1.0,0.021917,184.5212,5.616349,0.031224,184.5212,125.1011,77.2455
S05,900,1.0,0.022133,184.9586,5.684393,0.031316,184.9586,125.4569,77.447
S05,901,1.0,0.02235,185.3984,5.753055,0.031407,185.3984,125.8021,77.6417
S05,902,1.0,0.022571,185.8912,5.822855,0.031499,185.8912,126.1542,77.8461
S05,903,1.0,0.022822,186.3509,5.902449,0.031601,186.3509,126.4985,78.0365
S05,904,1.0,0.023058,186.7703,5.977304,0.031697,186.7703,126.8605,78.2121
S05,905,1.0,0.023273,187.2053,6.045991,0.031784,187.2053,127.2211,78.3985
S05,906,1.0,0.023499,187.631,6.118135,0.031875,187.631,127.5794,78.5956
S05,907,1.0,0.023722,188.0963,6.189394,0.031964,188.0963,127.9479,78.8094
S05,908,1.0,0.023969,188.5522,6.268538,0.032061,188.5522,128.3072,79.0041
S05,909,1.0,0.024213,189.0002,6.346875,0.032156,189.0002,128.6756,79.2102
S05,910,1.0,0.024455,189.4449,6.424607,0.032249,189.4449,129.0402,79.4207
S05,911,1.0,0.024697,189.8712,6.502604,0.032342,189.8712,129.4155,79.6121
S05,912,1.0,0.02493,190.2938,6.577939,0.032431,190.2938,129.7913,79.8028
S05,913,1.0,0.025162,190.7496,6.653329,0.03252,190.7496,130.1575,80.0131
S05,914,1.0,0.025417,191.2194,6.73592,0.032615,191.2194,130.5422,80.212
S05,915,1.0,0.025683,191.6694,6.82217,0.032713,191.6694,130.9145,80.406
S05,916,1.0,0.025939,192.1174,6.905468,0.032807,192.1174,131.2891,80.5968
S05,917,1.0,0.026195,192.6202,6.98927,0.0329,192.6202,131.6679,80.8227
S05,918,1.0,0.026489,193.0556,7.085111,0.033005,193.0556,132.0307,81.0364
S05,919,1.0,0.026743,193.4774,7.168232,0.033096,193.4774,132.3911,81.2523
S05,920,1.0,0.026989,193.9153,7.249386,0.033184,193.9153,132.761,81.4428
S05,921,1.0,0.027248,194.3947,7.334713,0.033276,194.3947,133.1209,81.6297
S05,922,1.0,0.027537,194.8673,7.429769,0.033376,194.8673,133.5107,81.8381
S05,923,1.0,0.027824,195.3167,7.524424,0.033474,195.3167,133.877,82.0453
S05,924,1.0,0.028098,195.7796,7.615085,0.033568,195.7796,134.247,82.2515
S05,925,1.0,0.028383,196.2291,7.709686,0.033665,196.2291,134.6196,82.4705
S05,926,1.0,0.028662,196.6869,7.802304,0.033759,196.6869,134.9829,82.6785
S05,927,1.0,0.028948,197.1453,7.897756,0.033854,197.1453,135.3288,82.8917
S05,928,1.0,0.029238,197.5924,7.994379,0.03395,197.5924,135.6962,83.0986
S05,929,1.0,0.029521,198.0624,8.089398,0.034044,198.0624,136.066,83.3078
S05,930,1.0,0.029824,198.5445,8.190746,0.034142,198.5445,136.4607,83.5147
S05,931,1.0,0.030138,198.9969,8.29604,0.034243,198.9969,136.8592,83.7445
S05,932,1.0,0.030433,199.4442,8.395401,0.034337,199.4442,137.2489,83.9614
S05,933,1.0,0.030727,199.9024,8.49455,0.034431,199.9024,137.6436,84.1688
S05,934,1.0,0.031031,200.0,8.597359,0.034527,200.0,138.0159,84.3939
S05,935,1.0,0.031067,200.0,8.612117,0.03455,200.0,138.3839,84.6222
S05,936,1.0,0.031031,200.0,8.602851,0.034555,200.0,138.744,84.8184
S05,937,1.0,0.030994,200.0,8.593561,0.034559,200.0,139.0978,85.0269
S05,938,1.0,0.030958,200.0,8.584246,0.034563,200.0,139.4523,85.2466
S05,939,1.0,0.030921,200.0,8.574907,0.034567,200.0,139.8184,85.4534
S05,940,1.0,0.030884,200.0,8.565543,0.034572,200.0,140.1883,85.6672
S05,941,1.0,0.030847,200.0,8.556154,0.034576,200.0,140.5478,85.8839
S05,942,1.0,0.03081,200.0,8.546741,0.03458,200.0,140.8984,86.1127
S05,943,1.0,0.030773,200.0,8.537303,0.034585,200.0,141.2425,86.3247
S05,944,1.0,0.030736,200.0,8.52784,0.034589,200.0,141.5993,86.5524
S05,945,1.0,0.030699,200.0,8.518352,0.034593,200.0,141.9687,86.7508
S05,946,1.0,0.030662,200.0,8.508839,0.034598,200.0,142.2969,86.9708
S05,947,1.0,0.030624,200.0,8.499301,0.034602,200.0,142.6456,87.1835
S05,948,1.0,0.030587,200.0,8.489738,0.034606,200.0,142.9789,87.4168
S05,949,1.0,0.030549,200.0,8.48015,0.034611,200.0,143.3308,87.6564
S05,950,1.0,0.030511,200.0,8.470536,0.034615,200.0,143.6741,87.8626
S05,951,1.0,0.030474,200.0,8.460897,0.03462,200.0,144.0144,88.0778
S05,952,1.0,0.030436,200.0,8.451233,0.034624,200.0,144.3476,88.2946
S05,953,1.0,0.030398,200.0,8.441543,0.034629,200.0,144.6741,88.5241
S05,954,1.0,0.03036,200.0,8.431827,0.034633,200.0,145.0047,88.7547
S05,955,1.0,0.030322,200.0,8.422086,0.034637,200.0,145.3311,88.9848
S05,956,1.0,0.030283,200.0,8.412319,0.034642,200.0,145.6462,89.1994
S05,957,1.0,0.030245,200.0,8.402526,0.034646,200.0,145.9761,89.4177
S05,958,1.0,0.030207,200.0,8.392708,0.034651,200.0,146.3153,89.6446
S05,959,1.0,0.030168,200.0,8.382863,0.034655,200.0,146.6268,89.894
S05,960,1.0,0.03013,200.0,8.372993,0.03466,200.0,146.9466,90.1288
S05,961,1.0,0.030091,200.0,8.363096,0.034665,200.0,147.2683,90.3551
S05,962,1.0,0.030052,200.0,8.353174,0.034669,200.0,147.5822,90.5872
S05,963,1.0,0.030013,200.0,8.343225,0.034674,200.0,147.9131,90.8194
S05,964,1.0,0.029974,200.0,8.33325,0.034678,200.0,148.2163,91.0616
S05,965,1.0,0.029935,200.0,8.323248,0.034683,200.0,148.5251,91.2894
S05,966,1.0,0.029896,200.0,8.31322,0.034687,200.0,148.8282,91.5416
S05,967,1.0,0.029857,200.0,8.303166,0.034692,200.0,149.1374,91.7649
S05,968,1.0,0.029817,200.0,8.293085,0.034697,200.0,149.4343,92.0043
S05,969,1.0,0.029778,200.0,8.282978,0.034701,200.0,149.7427,92.235
S05,970,1.0,0.029738,200.0,8.272844,0.034706,200.0,150.0559,92.4513
S05,971,1.0,0.029699,200.0,8.262683,0.034711,200.0,150.3758,92.6859
S05,972,1.0,0.029659,200.0,8.252496,0.034715,200.0,150.667,92.9204
S05,973,1.0,0.029619,200.0,8.242281,0.03472,200.0,150.9719,93.1449
S05,974,1.0,0.029579,200.0,8.23204,0.034725,200.0,151.2618,93.364
S05,975,1.0,0.029539,200.0,8.221772,0.034729,200.0,151.5611,93.6143
S05,976,1.0,0.029499,200.0,8.211476,0.034734,200.0,151.8541,93.8574
S05,977,1.0,0.029459,200.0,8.201154,0.034739,200.0,152.1384,94.0981
S05,978,1.0,0.029418,200.0,8.190804,0.034743,200.0,152.4341,94.3333
S05,979,1.0,0.029378,200.0,8.180428,0.034748,200.0,152.7191,94.5614
S05,980,1.0,0.029337,200.0,8.170024,0.034753,200.0,153.0034,94.7989
S05,981,1.0,0.029297,200.0,8.159592,0.034758,200.0,153.2825,95.0302
S05,982,1.0,0.029256,200.0,8.149134,0.034762,200.0,153.5549,95.2731
S05,983,1.0,0.029215,200.0,8.138648,0.034767,200.0,153.8366,95.5107
S05,984,1.0,0.029174,200.0,8.128134,0.034772,200.0,154.1178,95.7561
S05,985,1.0,0.029133,200.0,8.117593,0.034777,200.0,154.4003,95.9874
S05,986,1.0,0.029092,200.0,8.107024,0.034782,200.0,154.6788,96.2217
S05,987,1.0,0.029051,200.0,8.096428,0.034786,200.0,154.9527,96.4588
S05,988,1.0,0.02901,200.0,8.085803,0.034791,200.0,155.228,96.6875
S05,989,1.0,0.028968,200.0,8.075151,0.034796,200.0,155.4972,96.9183
S05,990,1.0,0.028927,200.0,8.064472,0.034801,200.0,155.7749,97.1532
S05,991,1.0,0.028885,200.0,8.053764,0.034806,200.0,156.0379,97.3974
S05,992,1.0,0.028844,200.0,8.043028,0.03481,200.0,156.3023,97.6468
S05,993,1.0,0.028802,200.0,8.032265,0.034815,200.0,156.5505,97.8829
S05,994,1.0,0.02876,200.0,8.021473,0.03482,200.0,156.8143,98.1223
S05,995,1.0,0.028718,200.0,8.010654,0.034825,200.0,157.0608,98.366
S05,996,1.0,0.028676,200.0,7.999806,0.03483,200.0,157.3111,98.6136
S05,997,1.0,0.028634,200.0,7.98893,0.034835,200.0,157.5854,98.8626
S05,998,1.0,0.028592,200.0,7.978026,0.03484,200.0,157.8464,99.1035
S05,999,1.0,0.028549,200.0,7.967093,0.034845,200.0,158.1102,99.336
S05,1000,1.0,0.028507,200.0,7.956133,0.03485,200.0,158.3717,99.5834
S05,1001,1.0,0.028464,200.0,7.945143,0.034854,200.0,158.6254,99.8005
S05,1002,1.0,0.028422,200.0,7.934126,0.034859,200.0,158.8637,100.0415
S05,1003,1.0,0.028379,200.0,7.92308,0.034864,200.0,159.1181,100.273
S05,1004,1.0,0.028336,200.0,7.912005,0.034869,200.0,159.3603,100.517
S05,1005,1.0,0.028293,200.0,7.900902,0.034874,200.0,159.6037,100.7532
S05,1006,1.0,0.02825,200.0,7.889771,0.034879,200.0,159.8395,100.9751
S05,1007,1.0,0.028207,200.0,7.878611,0.034884,200.0,160.0735,101.2035
S05,1008,1.0,0.028164,200.0,7.867422,0.034889,200.0,160.3172,101.4423
S05,1009,1.0,0.028121,200.0,7.856204,0.034894,200.0,160.5551,101.6821
S05,1010,1.0,0.028077,200.0,7.844958,0.034899,200.0,160.7759,101.9146
S05,1011,1.0,0.028034,200.0,7.833683,0.034904,200.0,161.0095,102.1468
S05,1012,1.0,0.02799,200.0,7.822379,0.034909,200.0,161.2406,102.3868
S05,1013,1.0,0.027946,200.0,7.811046,0.034914,200.0,161.4599,102.623
S05,1014,1.0,0.027903,200.0,7.799684,0.034919,200.0,161.6761,102.8706
S05,1015,1.0,0.027859,200.0,7.788293,0.034924,200.0,161.9135,103.1097
S05,1016,1.0,0.027815,200.0,7.776874,0.034929,200.0,162.1493,103.3532
S05,1017,1.0,0.027771,200.0,7.765425,0.034934,200.0,162.3922,103.6094
S05,1018,1.0,0.027726,200.0,7.753948,0.034939,200.0,162.6054,103.8351
S05,1019,1.0,0.027682,200.0,7.742441,0.034944,200.0,162.8274,104.0686
S05,1020,1.0,0.027638,200.0,7.730905,0.034949,200.0,163.0654,104.3027
S05,1021,1.0,0.027593,200.0,7.71934,0.034954,200.0,163.314,104.554
S05,1022,1.0,0.027549,200.0,7.707746,0.03496,200.0,163.5264,104.7981
S05,1023,1.0,0.027504,200.0,7.696123,0.034965,200.0,163.7327,105.0262
S05,1024,1.0,0.027459,200.0,7.684471,0.03497,200.0,163.9369,105.264
S05,1025,1.0,0.027414,200.0,7.672789,0.034975,200.0,164.1544,105.4807
S05,1026,1.0,0.027369,200.0,7.661078,0.03498,200.0,164.3691,105.715
S05,1027,1.0,0.027324,200.0,7.649338,0.034985,200.0,164.563,105.9484
S05,1028,1.0,0.027279,200.0,7.637569,0.03499,200.0,164.7835,106.1815
S05,1029,1.0,0.027234,200.0,7.62577,0.034995,200.0,165.0015,106.4239
S05,1030,1.0,0.027188,200.0,7.613942,0.035,200.0,165.2091,106.6516
S05,1031,1.0,0.027143,200.0,7.602084,0.035005,200.0,165.4411,106.8982
S05,1032,1.0,0.027097,200.0,7.590197,0.035011,200.0,165.6258,107.14
S05,1033,1.0,0.027052,200.0,7.578281,0.035016,200.0,165.8245,107.3732
S05,1034,1.0,0.027006,200.0,7.566335,0.035021,200.0,166.0251,107.6022
S05,1035,1.0,0.02696,200.0,7.55436,0.035026,200.0,166.2382,107.8364
S05,1036,1.0,0.026914,200.0,7.542356,0.035031,200.0,166.4433,108.0628
S05,1037,1.0,0.026868,200.0,7.530322,0.035036,200.0,166.6286,108.2987
S05,1038,1.0,0.026822,200.0,7.518258,0.035041,200.0,166.8328,108.5168
S05,1039,1.0,0.026776,200.0,7.506165,0.035046,200.0,167.0453,108.7432
S05,1040,1.0,0.026729,200.0,7.494043,0.035052,200.0,167.2366,108.9714
S05,1041,1.0,0.026683,200.0,7.481891,0.035057,200.0,167.4395,109.2054
S05,1042,1.0,0.026636,200.0,7.469709,0.035062,200.0,167.6362,109.4403
S05,1043,1.0,0.02659,200.0,7.457498,0.035067,200.0,167.8305,109.6578
S05,1044,1.0,0.026543,200.0,7.445257,0.035072,200.0,168.0039,109.8851
S05,1045,1.0,0.026496,200.0,7.432987,0.035077,200.0,168.1781,110.1228
S05,1046,1.0,0.026449,200.0,7.420688,0.035083,200.0,168.3667,110.3498
S05,1047,1.0,0.026402,200.0,7.408359,0.035088,200.0,168.5525,110.5872
S05,1048,1.0,0.026355,200.0,7.396,0.035093,200.0,168.7553,110.823
S05,1049,1.0,0.026308,200.0,7.383612,0.035098,200.0,168.9403,111.0607
S05,1050,1.0,0.026261,200.0,7.371194,0.035103,200.0,169.1352,111.293
S05,1051,1.0,0.026213,200.0,7.358747,0.035109,200.0,169.3048,111.5277
S05,1052,1.0,0.026166,200.0,7.34627,0.035114,200.0,169.4932,111.7476
S05,1053,1.0,0.026118,200.0,7.333763,0.035119,200.0,169.6824,111.9783
S05,1054,1.0,0.026071,200.0,7.321227,0.035124,200.0,169.8778,112.199
S05,1055,1.0,0.026023,200.0,7.308662,0.035129,200.0,170.047,112.4424
S05,1056,1.0,0.025975,200.0,7.296067,0.035135,200.0,170.2082,112.6706
S05,1057,1.0,0.025927,200.0,7.283443,0.03514,200.0,170.3917,112.8909
S05,1058,1.0,0.025879,200.0,7.270789,0.035145,200.0,170.571,113.1163
S05,1059,1.0,0.025831,200.0,7.258105,0.03515,200.0,170.7571,113.3448
S05,1060,1.0,0.025782,200.0,7.245392,0.035155,200.0,170.9214,113.5774
S05,1061,1.0,0.025734,200.0,7.23265,0.035161,200.0,171.0961,113.7956
S05,1062,1.0,0.025686,200.0,7.219878,0.035166,200.0,171.2761,114.0139
S05,1063,1.0,0.025637,200.0,7.207077,0.035171,200.0,171.4599,114.2478
S05,1064,1.0,0.025588,200.0,7.194247,0.035176,200.0,171.641,114.4825
S05,1065,1.0,0.02554,200.0,7.181387,0.035182,200.0,171.8349,114.7126
S05,1066,1.0,0.025491,200.0,7.168498,0.035187,200.0,172.0122,114.9675
S05,1067,1.0,0.025442,200.0,7.155579,0.035192,200.0,172.1942,115.1954
S05,1068,1.0,0.025393,200.0,7.142631,0.035197,200.0,172.3623,115.4388
S05,1069,1.0,0.025344,200.0,7.129654,0.035202,200.0,172.5183,115.6655
S05,1070,1.0,0.025295,200.0,7.116648,0.035208,200.0,172.687,115.9045
S05,1071,1.0,0.025245,200.0,7.103612,0.035213,200.0,172.842,116.1259
S05,1072,1.0,0.025196,200.0,7.090547,0.035218,200.0,173.0129,116.3499
S05,1073,1.0,0.025146,200.0,7.077453,0.035223,200.0,173.1685,116.5768
S05,1074,1.0,0.025097,200.0,7.06433,0.035229,200.0,173.3335,116.811
S05,1075,1.0,0.025047,200.0,7.051178,0.035234,200.0,173.4848,117.0383
S05,1076,1.0,0.024997,200.0,7.037997,0.035239,200.0,173.6473,117.2564
S05,1077,1.0,0.024948,200.0,7.024786,0.035244,200.0,173.8136,117.4656
S05,1078,1.0,0.024898,200.0,7.011547,0.03525,200.0,173.9606,117.7024
S05,1079,1.0,0.024848,200.0,6.998279,0.035255,200.0,174.1061,117.9313
S05,1080,1.0,0.024798,200.0,6.984982,0.03526,200.0,174.2447,118.1418
S05,1081,1.0,0.024747,200.0,6.971656,0.035265,200.0,174.3965,118.3719
S05,1082,1.0,0.024697,200.0,6.958301,0.03527,200.0,174.5432,118.6048
S05,1083,1.0,0.024647,200.0,6.944918,0.035276,200.0,174.6947,118.8096
S05,1084,1.0,0.024596,200.0,6.931505,0.035281,200.0,174.8421,119.0218
S05,1085,1.0,0.024546,200.0,6.918064,0.035286,200.0,174.9956,119.2492
S05,1086,1.0,0.024495,200.0,6.904595,0.035291,200.0,175.135,119.4828
S05,1087,1.0,0.024444,200.0,6.891097,0.035297,200.0,175.2919,119.6965
S05,1088,1.0,0.024393,200.0,6.87757,0.035302,200.0,175.4466,119.9155
S05,1089,1.0,0.024342,200.0,6.864015,0.035307,200.0,175.5966,120.1597
S05,1090,1.0,0.024291,200.0,6.850432,0.035312,200.0,175.7494,120.3947
S05,1091,1.0,0.02424,200.0,6.83682,0.035318,200.0,175.8958,120.6129
S05,1092,1.0,0.024189,200.0,6.82318,0.035323,200.0,176.0408,120.8494
S05,1093,1.0,0.024138,200.0,6.809512,0.035328,200.0,176.1995,121.0667
S05,1094,1.0,0.024087,200.0,6.795815,0.035335,200.0,176.3541,121.2679
S05,1095,1.0,0.024035,200.0,6.782091,0.035341,200.0,176.4928,121.4737
S05,1096,1.0,0.023984,200.0,6.768338,0.035348,200.0,176.6251,121.6804
S05,1097,1.0,0.023932,200.0,6.754558,0.035354,200.0,176.7506,121.8978
S05,1098,1.0,0.02388,200.0,6.74075,0.03536,200.0,176.8942,122.1184
S05,1099,1.0,0.023828,200.0,6.726914,0.035367,200.0,177.0309,122.3142
S05,1100,1.0,0.023777,200.0,6.71305,0.035373,200.0,177.1665,122.5206
S05,1101,1.0,0.023725,200.0,6.699158,0.03538,200.0,177.2946,122.7392
S05,1102,1.0,0.023673,200.0,6.685239,0.035386,200.0,177.4301,122.9559
S05,1103,1.0,0.02362,200.0,6.671293,0.035392,200.0,177.5655,123.1841
S05,1104,1.0,0.023568,200.0,6.657319,0.035399,200.0,177.7064,123.4035
S05,1105,1.0,0.023516,200.0,6.643318,0.035405,200.0,177.8334,123.6297
S05,1106,1.0,0.023464,200.0,6.629289,0.035412,200.0,177.965,123.8394
S05,1107,1.0,0.023411,200.0,6.615233,0.035418,200.0,178.0923,124.0567
S05,1108,1.0,0.023359,200.0,6.601151,0.035425,200.0,178.2165,124.2719
S05,1109,1.0,0.023306,200.0,6.587041,0.035431,200.0,178.3602,124.4962
S05,1110,1.0,0.023253,200.0,6.572904,0.035437,200.0,178.4753,124.7159
S05,1111,1.0,0.0232,200.0,6.558741,0.035444,200.0,178.5868,124.9301
S05,1112,1.0,0.023148,200.0,6.544551,0.03545,200.0,178.7076,125.1414
S05,1113,1.0,0.023095,200.0,6.530334,0.035457,200.0,178.8408,125.3702
S05,1114,1.0,0.023042,200.0,6.516091,0.035463,200.0,178.9636,125.5972
S05,1115,1.0,0.022988,200.0,6.501821,0.03547,200.0,179.1027,125.8162
S05,1116,1.0,0.022935,200.0,6.487525,0.035476,200.0,179.219,126.0481
S05,1117,1.0,0.022882,200.0,6.473203,0.035483,200.0,179.334,126.2396
S05,1118,1.0,0.022829,200.0,6.458855,0.035489,200.0,179.4529,126.4564
S05,1119,1.0,0.022775,200.0,6.444481,0.035495,200.0,179.5856,126.6651
S05,1120,1.0,0.022722,200.0,6.430081,0.035502,200.0,179.6953,126.8808
S05,1121,1.0,0.022668,200.0,6.415655,0.035508,200.0,179.833,127.1001
S05,1122,1.0,0.022614,200.0,6.401204,0.035515,200.0,179.9613,127.3188
S05,1123,1.0,0.022561,200.0,6.386727,0.035521,200.0,180.0696,127.5292
S05,1124,1.0,0.022507,200.0,6.372224,0.035528,200.0,180.1842,127.7358
S05,1125,1.0,0.022453,200.0,6.357697,0.035534,200.0,180.2914,127.9419
S05,1126,1.0,0.022399,200.0,6.343144,0.035541,200.0,180.4142,128.1503
S05,1127,1.0,0.022345,200.0,6.328566,0.035547,200.0,180.5246,128.3612
S05,1128,1.0,0.022291,200.0,6.313963,0.035553,200.0,180.6318,128.5461
S05,1129,1.0,0.022237,200.0,6.299336,0.03556,200.0,180.7399,128.7612
S05,1130,1.0,0.022183,200.0,6.284683,0.035566,200.0,180.8568,128.9797
S05,1131,1.0,0.022128,200.0,6.270007,0.035573,200.0,180.9745,129.1984
S05,1132,1.0,0.022074,200.0,6.255305,0.035579,200.0,181.0859,129.4023
S05,1133,1.0,0.022019,200.0,6.24058,0.035586,200.0,181.199,129.6028
S05,1134,1.0,0.021965,200.0,6.22583,0.035592,200.0,181.3144,129.7938
S05,1135,1.0,0.02191,200.0,6.211057,0.035598,200.0,181.4249,129.9916
S05,1136,1.0,0.021856,200.0,6.196259,0.035605,200.0,181.5339,130.198
S05,1137,1.0,0.021801,200.0,6.181438,0.035611,200.0,181.6307,130.3888
S05,1138,1.0,0.021746,200.0,6.166593,0.035618,200.0,181.74,130.6036
S05,1139,1.0,0.021691,200.0,6.151725,0.035624,200.0,181.8513,130.8125
S05,1140,1.0,0.021636,200.0,6.136834,0.035631,200.0,181.9589,131.0075
S05,1141,1.0,0.021581,200.0,6.121919,0.035637,200.0,182.0639,131.2094
S05,1142,1.0,0.021526,200.0,6.106982,0.035643,200.0,182.1877,131.419
S05,1143,1.0,0.021471,200.0,6.092022,0.03565,200.0,182.3135,131.6242
S05,1144,1.0,0.021416,200.0,6.077039,0.035656,200.0,182.4273,131.8328
S05,1145,1.0,0.021361,200.0,6.062033,0.035663,200.0,182.5144,132.0315
S05,1146,1.0,0.021305,200.0,6.047005,0.035669,200.0,182.6069,132.2359
S05,1147,1.0,0.02125,200.0,6.031955,0.035675,200.0,182.7247,132.4246
S05,1148,1.0,0.021194,200.0,6.016883,0.035682,200.0,182.8117,132.6255
S05,1149,1.0,0.021139,200.0,6.001789,0.035688,200.0,182.9132,132.8141
S05,1150,1.0,0.021083,200.0,5.986674,0.035695,200.0,183.0226,133.0224
S05,1151,1.0,0.021028,200.0,5.971537,0.035701,200.0,183.1205,133.2164
S05,1152,1.0,0.020972,200.0,5.956378,0.035707,200.0,183.2184,133.4147
S05,1153,1.0,0.020916,200.0,5.941199,0.035714,200.0,183.3194,133.6179
S05,1154,1.0,0.02086,200.0,5.925998,0.03572,200.0,183.4344,133.8204
S05,1155,1.0,0.020805,200.0,5.910777,0.035727,200.0,183.538,134.0225
S05,1156,1.0,0.020749,200.0,5.895534,0.035733,200.0,183.6426,134.2361
S05,1157,1.0,0.020693,200.0,5.880272,0.035739,200.0,183.7508,134.439
S05,1158,1.0,0.020637,200.0,5.864989,0.035746,200.0,183.856,134.6326
S05,1159,1.0,0.02058,200.0,5.849686,0.035752,200.0,183.9337,134.8292
S05,1160,1.0,0.020524,200.0,5.834364,0.035758,200.0,184.0214,135.0283
S05,1161,1.0,0.020468,200.0,5.819021,0.035765,200.0,184.1282,135.2367
S05,1162,1.0,0.020412,200.0,5.803659,0.035771,200.0,184.2426,135.4212
S05,1163,1.0,0.020356,200.0,5.788278,0.035777,200.0,184.3383,135.6215
S05,1164,1.0,0.020299,200.0,5.772877,0.035784,200.0,184.4292,135.8143
S05,1165,1.0,0.020243,200.0,5.757458,0.03579,200.0,184.4931,136.0183
S05,1166,1.0,0.020186,200.0,5.74202,0.035796,200.0,184.5893,136.2269
S05,1167,1.0,0.02013,200.0,5.726563,0.035803,200.0,184.666,136.423
S05,1168,1.0,0.020073,200.0,5.711088,0.035809,200.0,184.7657,136.6022
S05,1169,1.0,0.020017,200.0,5.695595,0.035815,200.0,184.8512,136.7903
S05,1170,1.0,0.01996,200.0,5.680084,0.035821,200.0,184.9428,136.9891
S05,1171,1.0,0.019903,200.0,5.664555,0.035828,200.0,185.0322,137.1821
S05,1172,1.0,0.019847,200.0,5.649009,0.035834,200.0,185.1223,137.3661
S05,1173,1.0,0.01979,200.0,5.633445,0.03584,200.0,185.1955,137.5615
S05,1174,1.0,0.019733,200.0,5.617865,0.035847,200.0,185.293,137.734
S05,1175,1.0,0.019676,200.0,5.602267,0.035853,200.0,185.3803,137.9321
S05,1176,1.0,0.019619,200.0,5.586653,0.035859,200.0,185.4782,138.1141
S05,1177,1.0,0.019562,200.0,5.571022,0.035865,200.0,185.5792,138.3077
S05,1178,1.0,0.019505,200.0,5.555376,0.035872,200.0,185.6585,138.4922
S05,1179,1.0,0.019448,200.0,5.539713,0.035878,200.0,185.7311,138.6662
S05,1180,1.0,0.019391,200.0,5.524034,0.035884,200.0,185.8134,138.8597
S05,1181,1.0,0.019334,200.0,5.50834,0.03589,200.0,185.9059,139.0421
S05,1182,1.0,0.019277,200.0,5.492631,0.035896,200.0,185.9882,139.2225
S05,1183,1.0,0.01922,200.0,5.476907,0.035903,200.0,186.0717,139.4076
S05,1184,1.0,0.019162,200.0,5.461167,0.035909,200.0,186.1605,139.5873
S05,1185,1.0,0.019105,200.0,5.445414,0.035915,200.0,186.2419,139.7727
S05,1186,1.0,0.019048,200.0,5.429645,0.035921,200.0,186.3316,139.9667
S05,1187,1.0,0.01899,200.0,5.413863,0.035927,200.0,186.4111,140.152
S05,1188,1.0,0.018933,200.0,5.398067,0.035934,200.0,186.4899,140.3291
S05,1189,1.0,0.018876,200.0,5.382257,0.03594,200.0,186.5733,140.5175
S05,1190,1.0,0.018818,200.0,5.366434,0.035946,200.0,186.6604,140.6974
S05,1191,1.0,0.018761,200.0,5.350597,0.035952,200.0,186.7444,140.8728
S05,1192,1.0,0.018703,200.0,5.334748,0.035958,200.0,186.8401,141.0483
S05,1193,1.0,0.018646,200.0,5.318886,0.035964,200.0,186.9282,141.2352
S05,1194,1.0,0.018588,200.0,5.303012,0.03597,200.0,187.0077,141.411
S05,1195,1.0,0.018531,200.0,5.287125,0.035976,200.0,187.0839,141.603
S05,1196,1.0,0.018473,200.0,5.271227,0.035983,200.0,187.1782,141.7874
S05,1197,1.0,0.018416,200.0,5.255317,0.035989,200.0,187.2618,141.981
S05,1198,1.0,0.018358,200.0,5.239395,0.035995,200.0,187.3254,142.1534
S05,1199,1.0,0.0183,200.0,5.223463,0.036001,200.0,187.4015,142.3527
S05,1200,1.0,0.018243,200.0,5.207519,0.036007,200.0,187.4604,142.5381
S05,1201,1.0,0.018185,200.0,5.191565,0.036013,200.0,187.5321,142.722
S05,1202,1.0,0.018127,200.0,5.175601,0.036019,200.0,187.6189,142.9048
S05,1203,1.0,0.018069,200.0,5.159626,0.036025,200.0,187.7169,143.0802
S05,1204,1.0,0.018012,200.0,5.143642,0.036031,200.0,187.7809,143.2668
S05,1205,1.0,0.017954,200.0,5.127648,0.036037,200.0,187.8608,143.4441
S05,1206,1.0,0.017896,200.0,5.111645,0.036043,200.0,187.9515,143.633
S05,1207,1.0,0.017838,200.0,5.095633,0.036049,200.0,188.0221,143.7991
S05,1208,1.0,0.01778,200.0,5.079612,0.036055,200.0,188.0909,143.9798
S05,1209,1.0,0.017723,200.0,5.063583,0.036061,200.0,188.166,144.1499
S05,1210,1.0,0.017665,200.0,5.047546,0.036067,200.0,188.2413,144.3406
S05,1211,1.0,0.017607,200.0,5.0315,0.036073,200.0,188.3118,144.4958
S05,1212,1.0,0.017549,200.0,5.015447,0.036079,200.0,188.3759,144.6825
S05,1213,1.0,0.017491,200.0,4.999387,0.036085,200.0,188.4545,144.8668
S05,1214,1.0,0.017433,200.0,4.98332,0.036091,200.0,188.5204,145.0491
S05,1215,1.0,0.017375,200.0,4.967246,0.036096,200.0,188.598,145.2268
S05,1216,1.0,0.017317,200.0,4.951165,0.036102,200.0,188.6565,145.4069
S05,1217,1.0,0.017259,200.0,4.935078,0.036108,200.0,188.7144,145.5827
S05,1218,1.0,0.017202,200.0,4.918986,0.036114,200.0,188.766,145.7578
S05,1219,1.0,0.017144,200.0,4.902887,0.03612,200.0,188.8397,145.9359
S05,1220,1.0,0.017086,200.0,4.886784,0.036126,200.0,188.9167,146.1108
S05,1221,1.0,0.017028,200.0,4.870675,0.036132,200.0,188.9859,146.2777
S05,1222,1.0,0.017004,200.0,4.864429,0.036137,200.0,189.0449,146.4424
S05,1223,1.0,0.017004,200.0,4.864884,0.036143,200.0,189.1087,146.6091
S05,1224,1.0,0.017004,200.0,4.865339,0.036149,200.0,189.1695,146.7717
S05,1225,1.0,0.017004,200.0,4.865792,0.036155,200.0,189.236,146.9414
S05,1226,1.0,0.017004,200.0,4.866244,0.036161,200.0,189.2916,147.106
S05,1227,1.0,0.017004,200.0,4.866694,0.036166,200.0,189.3429,147.279
S05,1228,1.0,0.017004,200.0,4.867143,0.036172,200.0,189.4108,147.4658
S05,1229,1.0,0.017004,200.0,4.86759,0.036178,200.0,189.469,147.6403
S05,1230,1.0,0.017004,200.0,4.868035,0.036184,200.0,189.5487,147.7887
S05,1231,1.0,0.017004,200.0,4.86848,0.036189,200.0,189.6232,147.943
S05,1232,1.0,0.017004,200.0,4.868923,0.036195,200.0,189.6841,148.1117
S05,1233,1.0,0.017004,200.0,4.869364,0.036201,200.0,189.7379,148.2989
S05,1234,1.0,0.017004,200.0,4.869804,0.036206,200.0,189.7885,148.4823
S05,1235,1.0,0.017004,200.0,4.870242,0.036212,200.0,189.8471,148.6466
S05,1236,1.0,0.017004,200.0,4.870678,0.036218,200.0,189.9175,148.8095
S05,1237,1.0,0.017004,200.0,4.871114,0.036223,200.0,189.9772,148.9667
S05,1238,1.0,0.017004,200.0,4.871547,0.036229,200.0,190.0241,149.1272
S05,1239,1.0,0.017004,200.0,4.871979,0.036234,200.0,190.0718,149.2965
S05,1240,1.0,0.017004,200.0,4.87241,0.03624,200.0,190.1386,149.4445
S05,1241,1.0,0.017004,200.0,4.872839,0.036246,200.0,190.1954,149.6221
S05,1242,1.0,0.017004,200.0,4.873266,0.036251,200.0,190.253,149.7841
S05,1243,1.0,0.017004,200.0,4.873692,0.036257,200.0,190.3133,149.9464
S05,1244,1.0,0.017004,200.0,4.874116,0.036262,200.0,190.3901,150.1088
S05,1245,1.0,0.017004,200.0,4.874538,0.036268,200.0,190.4497,150.2754
S05,1246,1.0,0.017004,200.0,4.874959,0.036273,200.0,190.5272,150.4459
S05,1247,1.0,0.017004,200.0,4.875378,0.036279,200.0,190.5638,150.6038
S05,1248,1.0,0.017004,200.0,4.875796,0.036284,200.0,190.6244,150.7661
S05,1249,1.0,0.017004,200.0,4.876212,0.03629,200.0,190.6726,150.8939
S05,1250,1.0,0.017004,200.0,4.876627,0.036295,200.0,190.7344,151.0432
S05,1251,1.0,0.017004,200.0,4.877039,0.0363,200.0,190.7723,151.1949
S05,1252,1.0,0.017004,200.0,4.87745,0.036306,200.0,190.8299,151.3489
S05,1253,1.0,0.017004,200.0,4.87786,0.036311,200.0,190.8855,151.4961
S05,1254,1.0,0.017004,200.0,4.878267,0.036317,200.0,190.959,151.6637
S05,1255,1.0,0.017004,200.0,4.878673,0.036322,200.0,191.009,151.8203
S05,1256,1.0,0.017004,200.0,4.879078,0.036327,200.0,191.077,151.9819
S05,1257,1.0,0.017004,200.0,4.87948,0.036333,200.0,191.1277,152.1376
S05,1258,1.0,0.017004,200.0,4.879881,0.036338,200.0,191.1795,152.3042
S05,1259,1.0,0.017004,200.0,4.880281,0.036343,200.0,191.2394,152.47
S05,1260,1.0,0.017004,200.0,4.880678,0.036349,200.0,191.3076,152.6294
S05,1261,1.0,0.017004,200.0,4.881074,0.036354,200.0,191.3376,152.7833
S05,1262,1.0,0.017004,200.0,4.881468,0.036359,200.0,191.3892,152.9474
S05,1263,1.0,0.017004,200.0,4.88186,0.036364,200.0,191.4342,153.1081
S05,1264,1.0,0.017004,200.0,4.882251,0.036369,200.0,191.49,153.2498
S05,1265,1.0,0.017004,200.0,4.882639,0.036375,200.0,191.5331,153.3986
S05,1266,1.0,0.017004,200.0,4.883026,0.03638,200.0,191.5704,153.5407
S05,1267,1.0,0.017004,200.0,4.883412,0.036385,200.0,191.6288,153.6952
S05,1268,1.0,0.017004,200.0,4.883795,0.03639,200.0,191.6768,153.837
S05,1269,1.0,0.017004,200.0,4.884177,0.036395,200.0,191.7248,153.9869
S05,1270,1.0,0.017004,200.0,4.884557,0.0364,200.0,191.7815,154.1397
S05,1271,1.0,0.017004,200.0,4.884935,0.036406,200.0,191.8435,154.2928
S05,1272,1.0,0.017004,200.0,4.885311,0.036411,200.0,191.8897,154.4522
S05,1273,1.0,0.017004,200.0,4.885685,0.036416,200.0,191.9439,154.5812
S05,1274,1.0,0.017004,200.0,4.886058,0.036421,200.0,191.9749,154.7089
S05,1275,1.0,0.017004,200.0,4.886429,0.036426,200.0,192.021,154.8626
S05,1276,1.0,0.017004,200.0,4.886798,0.036431,200.0,192.0622,154.9986
S05,1277,1.0,0.017004,200.0,4.887165,0.036436,200.0,192.1011,155.1429
S05,1278,1.0,0.017004,200.0,4.88753,0.036441,200.0,192.1567,155.2908
S05,1279,1.0,0.017004,200.0,4.887893,0.036446,200.0,192.2145,155.4363
S05,1280,1.0,0.017004,200.0,4.888255,0.036451,200.0,192.2627,155.5845
S05,1281,1.0,0.017004,200.0,4.888614,0.036456,200.0,192.3177,155.7359
S05,1282,1.0,0.017004,200.0,4.888972,0.03646,200.0,192.3559,155.8671
S05,1283,1.0,0.017004,200.0,4.889328,0.036465,200.0,192.3991,156.0109
S05,1284,1.0,0.017004,200.0,4.889682,0.03647,200.0,192.4615,156.1632
S05,1285,1.0,0.017004,200.0,4.890034,0.036475,200.0,192.5177,156.3065
S05,1286,1.0,0.017004,200.0,4.890384,0.03648,200.0,192.5501,156.4435
S05,1287,1.0,0.017004,200.0,4.890732,0.036485,200.0,192.6194,156.5805
S05,1288,1.0,0.017004,200.0,4.891078,0.036489,200.0,192.6822,156.7341
S05,1289,1.0,0.017004,200.0,4.891423,0.036494,200.0,192.7122,156.8713
S05,1290,1.0,0.017004,200.0,4.891765,0.036499,200.0,192.7695,157.0219
S05,1291,1.0,0.017004,200.0,4.892106,0.036504,200.0,192.821,157.1822
S05,1292,1.0,0.017004,200.0,4.892444,0.036508,200.0,192.8465,157.3458
S05,1293,1.0,0.017004,200.0,4.892781,0.036513,200.0,192.8907,157.4927
S05,1294,1.0,0.017004,200.0,4.893116,0.036518,200.0,192.9212,157.6394
S05,1295,1.0,0.017004,200.0,4.893448,0.036522,200.0,192.9727,157.7859
S05,1296,1.0,0.017004,200.0,4.893779,0.036527,200.0,193.0034,157.9467
S05,1297,1.0,0.017004,200.0,4.894108,0.036532,200.0,193.0387,158.0997
S05,1298,1.0,0.017004,200.0,4.894434,0.036536,200.0,193.0942,158.241
S05,1299,1.0,0.017004,200.0,4.894759,0.036541,200.0,193.1423,158.3686
S05,1300,1.0,0.017004,200.0,4.895082,0.036545,200.0,193.1982,158.5287
S05,1301,1.0,0.017004,200.0,4.895402,0.03655,200.0,193.2385,158.6763
S05,1302,1.0,0.017004,200.0,4.895721,0.036555,200.0,193.2848,158.8006
S05,1303,1.0,0.017004,200.0,4.896038,0.036559,200.0,193.3357,158.9397
S05,1304,1.0,0.017004,200.0,4.896353,0.036564,200.0,193.3656,159.0759
S05,1305,1.0,0.017004,200.0,4.896665,0.036568,200.0,193.4107,159.2239
S05,1306,1.0,0.017004,200.0,4.896976,0.036572,200.0,193.4422,159.3817
S05,1307,1.0,0.017004,200.0,4.897284,0.036577,200.0,193.4753,159.5012
S05,1308,1.0,0.017004,200.0,4.897591,0.036581,200.0,193.5166,159.6343
S05,1309,1.0,0.017004,200.0,4.897895,0.036586,200.0,193.5641,159.7777
S05,1310,1.0,0.017004,200.0,4.898198,0.03659,200.0,193.5899,159.9075
S05,1311,1.0,0.017004,200.0,4.898498,0.036594,200.0,193.6191,160.0469
S05,1312,1.0,0.017004,200.0,4.898796,0.036599,200.0,193.6571,160.1638
S05,1313,1.0,0.017004,200.0,4.899093,0.036603,200.0,193.6918,160.2929
S05,1314,1.0,0.017004,200.0,4.899387,0.036607,200.0,193.7268,160.4218
S05,1315,1.0,0.017004,200.0,4.899679,0.036611,200.0,193.7836,160.5518
S05,1316,1.0,0.017004,200.0,4.899969,0.036616,200.0,193.8252,160.6726
S05,1317,1.0,0.017004,200.0,4.900257,0.03662,200.0,193.8575,160.8105
S05,1318,1.0,0.017004,200.0,4.900542,0.036624,200.0,193.8873,160.9311
S05,1319,1.0,0.017004,200.0,4.900826,0.036628,200.0,193.9206,161.0812
S05,1320,1.0,0.017004,200.0,4.901107,0.036632,200.0,193.9792,161.2241
S05,1321,1.0,0.017004,200.0,4.901387,0.036637,200.0,194.0135,161.3584
S05,1322,1.0,0.017004,200.0,4.901664,0.036641,200.0,194.0581,161.4989
S05,1323,1.0,0.017004,200.0,4.901939,0.036645,200.0,194.1082,161.6393
S05,1324,1.0,0.017004,200.0,4.902212,0.036649,200.0,194.1337,161.7685
S05,1325,1.0,0.017004,200.0,4.902483,0.036653,200.0,194.1741,161.8878
S05,1326,1.0,0.017004,200.0,4.902752,0.036657,200.0,194.2253,162.0051
S05,1327,1.0,0.017004,200.0,4.903018,0.036661,200.0,194.2716,162.1272
S05,1328,1.0,0.017004,200.0,4.903283,0.036665,200.0,194.3082,162.2455
S05,1329,1.0,0.017004,200.0,4.903545,0.036669,200.0,194.3305,162.3858
S05,1330,1.0,0.017004,200.0,4.903805,0.036673,200.0,194.3559,162.5033
S05,1331,1.0,0.017004,200.0,4.904063,0.036677,200.0,194.3954,162.6319
S05,1332,1.0,0.017004,200.0,4.904319,0.03668,200.0,194.411,162.7575
S05,1333,1.0,0.017004,200.0,4.904572,0.036684,200.0,194.4481,162.8763
S05,1334,1.0,0.017004,200.0,4.904824,0.036688,200.0,194.4801,162.9963
S05,1335,1.0,0.017004,200.0,4.905073,0.036692,200.0,194.4943,163.1267
S05,1336,1.0,0.017004,200.0,4.90532,0.036696,200.0,194.5245,163.2442
S05,1337,1.0,0.017004,200.0,4.905565,0.0367,200.0,194.5547,163.3528
S05,1338,1.0,0.017004,200.0,4.905807,0.036703,200.0,194.5776,163.476
S05,1339,1.0,0.017004,200.0,4.906048,0.036707,200.0,194.6107,163.5896
S05,1340,1.0,0.017004,200.0,4.906286,0.036711,200.0,194.6441,163.7067
S05,1341,1.0,0.017004,200.0,4.906522,0.036714,200.0,194.6739,163.8463
S05,1342,1.0,0.017004,200.0,4.906756,0.036718,200.0,194.7097,163.9665
S05,1343,1.0,0.017004,200.0,4.906987,0.036722,200.0,194.7311,164.0919
S05,1344,1.0,0.017004,200.0,4.907216,0.036725,200.0,194.7567,164.222
S05,1345,1.0,0.017004,200.0,4.907443,0.036729,200.0,194.7859,164.3554
S05,1346,1.0,0.017004,200.0,4.907668,0.036732,200.0,194.8039,164.4978
S05,1347,1.0,0.017004,200.0,4.907891,0.036736,200.0,194.8269,164.6218
S05,1348,1.0,0.017004,200.0,4.908111,0.036739,200.0,194.8442,164.7449
S05,1349,1.0,0.017004,200.0,4.908329,0.036743,200.0,194.893,164.8733
S05,1350,1.0,0.017004,200.0,4.908545,0.036746,200.0,194.9334,164.9848
S05,1351,1.0,0.017004,200.0,4.908758,0.03675,200.0,194.9437,165.0866
S05,1352,1.0,0.017004,200.0,4.90897,0.036753,200.0,194.9574,165.229
S05,1353,1.0,0.017004,200.0,4.909179,0.036757,200.0,194.9608,165.351
S05,1354,1.0,0.017004,200.0,4.909385,0.03676,200.0,194.9897,165.4765
S05,1355,1.0,0.017004,200.0,4.90959,0.036763,200.0,195.0497,165.5851
S05,1356,1.0,0.017004,200.0,4.909792,0.036767,200.0,195.0737,165.6988
S05,1357,1.0,0.017004,200.0,4.909992,0.03677,200.0,195.0996,165.8193
S05,1358,1.0,0.017004,200.0,4.910189,0.036773,200.0,195.1355,165.9168
S05,1359,1.0,0.017004,200.0,4.910385,0.036777,200.0,195.1695,166.0158
S05,1360,1.0,0.017004,200.0,4.910578,0.03678,200.0,195.2007,166.1377
S05,1361,1.0,0.017004,200.0,4.910768,0.036783,200.0,195.2283,166.2618
S05,1362,1.0,0.017004,200.0,4.910957,0.036786,200.0,195.2576,166.3607
S05,1363,1.0,0.017004,200.0,4.911143,0.036789,200.0,195.2853,166.4703
S05,1364,1.0,0.017004,200.0,4.911327,0.036792,200.0,195.2892,166.5913
S05,1365,1.0,0.017004,200.0,4.911508,0.036796,200.0,195.3157,166.6998
S05,1366,1.0,0.017004,200.0,4.911687,0.036799,200.0,195.3505,166.8208
S05,1367,1.0,0.017004,200.0,4.911864,0.036802,200.0,195.3472,166.95
S05,1368,1.0,0.017004,200.0,4.912038,0.036805,200.0,195.3858,167.0602
S05,1369,1.0,0.017004,200.0,4.912211,0.036808,200.0,195.4201,167.166
S05,1370,1.0,0.017004,200.0,4.91238,0.036811,200.0,195.4433,167.2692
S05,1371,1.0,0.017004,200.0,4.912548,0.036814,200.0,195.4677,167.3781
S05,1372,1.0,0.017004,200.0,4.912713,0.036817,200.0,195.4879,167.4826
S05,1373,1.0,0.017004,200.0,4.912876,0.036819,200.0,195.5366,167.6006
S05,1374,1.0,0.017004,200.0,4.913036,0.036822,200.0,195.5648,167.7006
S05,1375,1.0,0.017004,200.0,4.913195,0.036825,200.0,195.5703,167.7967
S05,1376,1.0,0.017004,200.0,4.91335,0.036828,200.0,195.5887,167.9079
S05,1377,1.0,0.017004,200.0,4.913504,0.036831,200.0,195.6192,168.0375
S05,1378,1.0,0.017004,200.0,4.913655,0.036834,200.0,195.6578,168.1549
S05,1379,1.0,0.017004,200.0,4.913804,0.036836,200.0,195.7005,168.2694
S05,1380,1.0,0.017004,200.0,4.91395,0.036839,200.0,195.7191,168.3873
S05,1381,1.0,0.017004,200.0,4.914094,0.036842,200.0,195.7662,168.4838
S05,1382,1.0,0.017004,200.0,4.914236,0.036844,200.0,195.7838,168.5993
S05,1383,1.0,0.017004,200.0,4.914375,0.036847,200.0,195.8012,168.714
S05,1384,1.0,0.017004,200.0,4.914512,0.03685,200.0,195.8086,168.8279
S05,1385,1.0,0.017004,200.0,4.914646,0.036852,200.0,195.822,168.9437
S05,1386,1.0,0.017004,200.0,4.914778,0.036855,200.0,195.8262,169.0561
S05,1387,1.0,0.017004,200.0,4.914908,0.036857,200.0,195.8573,169.1787
S05,1388,1.0,0.017004,200.0,4.915035,0.03686,200.0,195.861,169.2727
S05,1389,1.0,0.017004,200.0,4.91516,0.036863,200.0,195.895,169.3788
S05,1390,1.0,0.017004,200.0,4.915283,0.036865,200.0,195.9292,169.4799
S05,1391,1.0,0.017004,200.0,4.915403,0.036867,200.0,195.9608,169.576
S05,1392,1.0,0.017004,200.0,4.915521,0.03687,200.0,195.9747,169.6879
S05,1393,1.0,0.017004,200.0,4.915637,0.036872,200.0,196.0008,169.7817
S05,1394,1.0,0.017004,200.0,4.91575,0.036875,200.0,196.027,169.8666
S05,1395,1.0,0.017004,200.0,4.91586,0.036877,200.0,196.0584,169.9656
S05,1396,1.0,0.017004,200.0,4.915968,0.036879,200.0,196.0709,170.0831
S05,1397,1.0,0.017004,200.0,4.916074,0.036882,200.0,196.0978,170.1782
S05,1398,1.0,0.017004,200.0,4.916178,0.036884,200.0,196.1272,170.2809
S05,1399,1.0,0.017004,200.0,4.916279,0.036886,200.0,196.1422,170.3866
S05,1400,1.0,0.017004,200.0,4.916377,0.036888,200.0,196.1669,170.4689
S05,1401,1.0,0.017004,200.0,4.916473,0.03689,200.0,196.1732,170.5706
S05,1402,1.0,0.017004,200.0,4.916567,0.036893,200.0,196.1891,170.6858
S05,1403,1.0,0.017004,200.0,4.916659,0.036895,200.0,196.2141,170.7989
S05,1404,1.0,0.017004,200.0,4.916748,0.036897,200.0,196.2515,170.8886
S05,1405,1.0,0.017004,200.0,4.916834,0.036899,200.0,196.2738,170.9912
S05,1406,1.0,0.017004,200.0,4.916918,0.036901,200.0,196.2964,171.1164
S05,1407,1.0,0.017004,200.0,4.917,0.036903,200.0,196.3144,171.2217
S05,1408,1.0,0.017004,200.0,4.917079,0.036905,200.0,196.3465,171.2967
S05,1409,1.0,0.017004,200.0,4.917156,0.036907,200.0,196.3556,171.4167
S05,1410,1.0,0.017004,200.0,4.91723,0.036909,200.0,196.3867,171.526
S05,1411,1.0,0.017004,200.0,4.917302,0.036911,200.0,196.4007,171.6257
S05,1412,1.0,0.017004,200.0,4.917372,0.036913,200.0,196.413,171.7276
S05,1413,1.0,0.017004,200.0,4.917439,0.036915,200.0,196.4372,171.8251
S05,1414,1.0,0.017004,200.0,4.917504,0.036916,200.0,196.4501,171.8996
S05,1415,1.0,0.017004,200.0,4.917566,0.036918,200.0,196.4791,171.9873
S05,1416,1.0,0.017004,200.0,4.917626,0.03692,200.0,196.5271,172.0905
S05,1417,1.0,0.017004,200.0,4.917683,0.036922,200.0,196.5375,172.1678
S05,1418,1.0,0.017004,200.0,4.917738,0.036923,200.0,196.5705,172.2602
S05,1419,1.0,0.017004,200.0,4.917791,0.036925,200.0,196.6028,172.3534
S05,1420,1.0,0.017004,200.0,4.917841,0.036927,200.0,196.6239,172.4535
S05,1421,1.0,0.017004,200.0,4.917889,0.036928,200.0,196.6529,172.5503
S05,1422,1.0,0.017004,200.0,4.917934,0.03693,200.0,196.6726,172.6432
S05,1423,1.0,0.017004,200.0,4.917977,0.036932,200.0,196.6898,172.7471
S05,1424,1.0,0.017004,200.0,4.918017,0.036933,200.0,196.7117,172.8532
S05,1425,1.0,0.017004,200.0,4.918055,0.036935,200.0,196.7278,172.9292
S05,1426,1.0,0.017004,200.0,4.91809,0.036936,200.0,196.7519,173.0201
S05,1427,1.0,0.017004,200.0,4.918124,0.036938,200.0,196.7662,173.1045
S05,1428,1.0,0.017004,200.0,4.918154,0.036939,200.0,196.7947,173.1884
S05,1429,1.0,0.017004,200.0,4.918182,0.036941,200.0,196.822,173.2833
S05,1430,1.0,0.017004,200.0,4.918208,0.036942,200.0,196.8462,173.3771
S05,1431,1.0,0.017004,200.0,4.918231,0.036943,200.0,196.8715,173.4564
S05,1432,1.0,0.017004,200.0,4.918252,0.036945,200.0,196.8976,173.5701
S05,1433,1.0,0.017004,200.0,4.91827,0.036946,200.0,196.9043,173.6519
S05,1434,1.0,0.017004,200.0,4.918286,0.036947,200.0,196.9292,173.7381
S05,1435,1.0,0.017004,200.0,4.9183,0.036949,200.0,196.9299,173.8417
S05,1436,1.0,0.017004,200.0,4.918311,0.03695,200.0,196.9487,173.9315
S05,1437,1.0,0.017004,200.0,4.918319,0.036951,200.0,196.9724,174.0422
S05,1438,1.0,0.017004,200.0,4.918325,0.036952,200.0,197.0066,174.1213
S05,1439,1.0,0.017004,200.0,4.918329,0.036953,200.0,197.0485,174.222
S05,1440,1.0,0.017004,200.0,4.91833,0.036955,200.0,197.0797,174.3056
S06,0,0.001416,0.000416,28.5108,0.032523,0.004155,28.5108,28.2028,28.0316
S06,1,0.001832,0.000416,28.4961,0.032536,0.004158,28.4961,28.1905,28.0242
S06,2,0.002248,0.000416,28.5055,0.032517,0.004156,28.5055,28.1878,28.023
S06,3,0.002664,0.000416,28.5121,0.032529,0.004159,28.5121,28.1898,28.0296
S06,4,0.00308,0.000416,28.5417,0.032537,0.004161,28.5417,28.2007,28.0486
S06,5,0.003496,0.000416,28.5533,0.032575,0.004168,28.5533,28.2189,28.0387
S06,6,0.003913,0.000416,28.5762,0.032589,0.004171,28.5762,28.2311,28.0531
S06,7,0.004329,0.000417,28.6141,0.032618,0.004177,28.6141,28.2405,28.0671
S06,8,0.004746,0.000417,28.6403,0.032667,0.004185,28.6403,28.2499,28.0609
S06,9,0.005164,0.000417,28.6335,0.032701,0.004191,28.6335,28.2307,28.0768
S06,10,0.005581,0.000417,28.6709,0.032691,0.004191,28.6709,28.228,28.0709
S06,11,0.005999,0.000418,28.6836,0.032739,0.004199,28.6836,28.2186,28.0625
S06,12,0.006416,0.000418,28.6986,0.032755,0.004203,28.6986,28.2317,28.0661
S06,13,0.006834,0.000418,28.6912,0.032773,0.004206,28.6912,28.2458,28.0753
S06,14,0.007252,0.000418,28.7183,0.032762,0.004206,28.7183,28.249,28.0807
S06,15,0.00767,0.000418,28.7453,0.032797,0.004212,28.7453,28.2443,28.0998
S06,16,0.008088,0.000418,28.7874,0.032831,0.004218,28.7874,28.2514,28.0922
S06,17,0.008507,0.000419,28.7895,0.032885,0.004227,28.7895,28.2639,28.0959
S06,18,0.008926,0.000419,28.8242,0.032887,0.004228,28.8242,28.2569,28.097
S06,19,0.009345,0.000419,28.8242,0.032931,0.004235,28.8242,28.256,28.097
S06,20,0.009764,0.000419,28.876,0.032929,0.004236,28.876,28.2524,28.0864
S06,21,0.010184,0.00042,28.9116,0.032996,0.004247,28.9116,28.2637,28.0721
S06,22,0.010604,0.00042,28.9478,0.033042,0.004255,28.9478,28.2788,28.0697
S06,23,0.011024,0.00042,28.9759,0.033088,0.004262,28.9759,28.2913,28.0774
S06,24,0.011445,0.000421,28.9984,0.033123,0.004268,28.9984,28.2928,28.0808
S06,25,0.011866,0.000421,29.0336,0.033151,0.004273,29.0336,28.2947,28.074
S06,26,0.012287,0.000421,29.0699,0.033196,0.004281,29.0699,28.307,28.0844
S06,27,0.012708,0.000422,29.0862,0.033242,0.004288,29.0862,28.327,28.1085
S06,28,0.01313,0.000422,29.0952,0.033262,0.004292,29.0952,28.3343,28.115
S06,29,0.013552,0.000422,29.0798,0.033272,0.004294,29.0798,28.3346,28.1035
S06,30,0.013973,0.000422,29.0932,0.033249,0.004291,29.0932,28.3254,28.0984
S06,31,0.014395,0.000422,29.113,0.033265,0.004294,29.113,28.3258,28.1099
S06,32,0.014817,0.000422,29.1331,0.033289,0.004298,29.1331,28.3363,28.1146
S06,33,0.015239,0.000422,29.1542,0.033314,0.004303,29.1542,28.3391,28.1232
S06,34,0.015662,0.000422,29.1914,0.033339,0.004307,29.1914,28.3554,28.1158
S06,35,0.016085,0.000423,29.2235,0.033387,0.004315,29.2235,28.3592,28.1176
S06,36,0.016508,0.000423,29.2628,0.033427,0.004321,29.2628,28.3805,28.1039
S06,37,0.016931,0.000423,29.2712,0.033477,0.004329,29.2712,28.3956,28.1091
S06,38,0.017355,0.000424,29.3281,0.033485,0.004331,29.3281,28.41,28.1122
S06,39,0.017779,0.000424,29.3639,0.033559,0.004342,29.3639,28.4366,28.1096
S06,40,0.018203,0.000424,29.3897,0.033604,0.004349,29.3897,28.4283,28.1071
S06,41,0.018628,0.000425,29.4192,0.033636,0.004355,29.4192,28.4323,28.1108
S06,42,0.019053,0.000425,29.4176,0.033673,0.00436,29.4176,28.4351,28.1119
S06,43,0.019478,0.000425,29.4423,0.033668,0.00436,29.4423,28.4559,28.0959
S06,44,0.019903,0.000425,29.4864,0.033698,0.004365,29.4864,28.4688,28.0787
S06,45,0.020329,0.000426,29.4911,0.033754,0.004374,29.4911,28.4798,28.0967
S06,46,0.020755,0.000426,29.4998,0.033757,0.004374,29.4998,28.4834,28.0994
S06,47,0.021181,0.000426,29.5023,0.033766,0.004376,29.5023,28.4932,28.115
S06,48,0.021607,0.000426,29.5174,0.033766,0.004376,29.5174,28.4864,28.1192
S06,49,0.022033,0.000426,29.5421,0.033783,0.004379,29.5421,28.4744,28.1312
S06,50,0.022459,0.000426,29.5864,0.033813,0.004384,29.5864,28.4831,28.1342
S06,51,0.022886,0.000427,29.6132,0.03387,0.004392,29.6132,28.4892,28.1385
S06,52,0.023313,0.000427,29.6159,0.033902,0.004397,29.6159,28.4942,28.1373
S06,53,0.02374,0.000427,29.6557,0.033902,0.004397,29.6557,28.5044,28.1378
S06,54,0.024167,0.000427,29.6789,0.033953,0.004405,29.6789,28.5272,28.1435
S06,55,0.024595,0.000428,29.7039,0.03398,0.004409,29.7039,28.5107,28.1498
S06,56,0.025023,0.000428,29.7056,0.034011,0.004414,29.7056,28.5227,28.1593
S06,57,0.02545,0.000428,29.6759,0.034009,0.004414,29.6759,28.535,28.1805
S06,58,0.025878,0.000428,29.6971,0.033965,0.004407,29.6971,28.5588,28.169
S06,59,0.026306,0.000428,29.7029,0.03399,0.004411,29.7029,28.5707,28.1623
S06,60,0.026734,0.000428,29.7596,0.033994,0.004411,29.7596,28.5897,28.1569
S06,61,0.027162,0.000428,29.7932,0.034067,0.004422,29.7932,28.6086,28.1669
S06,62,0.027591,0.000429,29.839,0.034108,0.004428,29.839,28.6146,28.1631
S06,63,0.02802,0.000429,29.8788,0.034166,0.004437,29.8788,28.6084,28.1665
S06,64,0.02845,0.00043,29.9172,0.034216,0.004444,29.9172,28.6082,28.1632
S06,65,0.02888,0.00043,29.9712,0.034264,0.004451,29.9712,28.6089,28.1656
S06,66,0.029311,0.000431,29.9973,0.034334,0.004461,29.9973,28.6215,28.1607
S06,67,0.029742,0.000431,30.0315,0.034365,0.004466,30.0315,28.6173,28.1461
S06,68,0.030173,0.000431,30.1036,0.034407,0.004472,30.1036,28.6447,28.133
S06,69,0.030605,0.000432,30.1257,0.034502,0.004485,30.1257,28.6458,28.1348
S06,70,0.031037,0.000432,30.1547,0.034527,0.004489,30.1547,28.6507,28.1513
S06,71,0.031469,0.000432,30.1603,0.034562,0.004494,30.1603,28.6462,28.1551
S06,72,0.031902,0.000433,30.2113,0.034566,0.004494,30.2113,28.6274,28.1633
S06,73,0.032335,0.000433,30.2382,0.034631,0.004503,30.2382,28.645,28.1761
S06,74,0.032768,0.000433,30.2535,0.034663,0.004508,30.2535,28.6638,28.1795
S06,75,0.033202,0.000433,30.2777,0.034679,0.00451,30.2777,28.6676,28.1723
S06,76,0.033636,0.000434,30.3336,0.034708,0.004514,30.3336,28.6701,28.1724
S06,77,0.03407,0.000434,30.3707,0.03478,0.004524,30.3707,28.6664,28.1691
S06,78,0.034505,0.000435,30.3805,0.034826,0.00453,30.3805,28.6785,28.1662
S06,79,0.034939,0.000435,30.3962,0.034834,0.004531,30.3962,28.6767,28.1653
S06,80,0.035374,0.000435,30.4212,0.034851,0.004533,30.4212,28.6892,28.1589
S06,81,0.03581,0.000435,30.4387,0.03488,0.004537,30.4387,28.7033,28.1615
S06,82,0.036245,0.000435,30.4329,0.034899,0.004539,30.4329,28.7054,28.1649
S06,83,0.03668,0.000435,30.4602,0.034886,0.004537,30.4602,28.7307,28.1673
S06,84,0.037116,0.000436,30.4633,0.034918,0.004541,30.4633,28.7333,28.1707
S06,85,0.037552,0.000436,30.4732,0.034917,0.004541,30.4732,28.7411,28.1668
S06,86,0.037987,0.000436,30.4998,0.034925,0.004541,30.4998,28.7547,28.1689
S06,87,0.038423,0.000436,30.5506,0.034956,0.004545,30.5506,28.7471,28.1728
S06,88,0.03886,0.000437,30.577,0.035021,0.004554,30.577,28.7583,28.1647
S06,89,0.039297,0.000437,30.5888,0.035052,0.004558,30.5888,28.7849,28.1749
S06,90,0.039734,0.000437,30.6243,0.035063,0.004559,30.6243,28.8052,28.1638
S06,91,0.040171,0.000437,30.6726,0.035106,0.004565,30.6726,28.8027,28.1548
S06,92,0.040609,0.000438,30.6918,0.035167,0.004573,30.6918,28.8231,28.1469
S06,93,0.041047,0.000438,30.7344,0.035188,0.004575,30.7344,28.851,28.1606
S06,94,0.041485,0.000438,30.767,0.035242,0.004582,30.767,28.8502,28.1575
S06,95,0.041924,0.000439,30.7736,0.035281,0.004587,30.7736,28.859,28.1581
S06,96,0.042363,0.000439,30.7873,0.035284,0.004587,30.7873,28.8864,28.1767
S06,97,0.042802,0.000439,30.8192,0.035297,0.004588,30.8192,28.8984,28.1867
S06,98,0.043241,0.000439,30.8476,0.035335,0.004593,30.8476,28.8864,28.1866
S06,99,0.043681,0.00044,30.8747,0.035369,0.004597,30.8747,28.9068,28.198
S06,100,0.044121,0.00044,30.8731,0.0354,0.004601,30.8731,28.9055,28.1919
S06,101,0.044561,0.00044,30.8994,0.035392,0.004599,30.8994,28.8928,28.2017
S06,102,0.045001,0.00044,30.9109,0.035422,0.004602,30.9109,28.8916,28.1957
S06,103,0.045441,0.00044,30.9559,0.035431,0.004603,30.9559,28.8954,28.1909
S06,104,0.045882,0.000441,30.963,0.035488,0.00461,30.963,28.9089,28.1969
S06,105,0.046323,0.000441,30.9802,0.035491,0.00461,30.9802,28.9289,28.2108
S06,106,0.046764,0.000441,31.0202,0.035509,0.004611,31.0202,28.9454,28.2114
S06,107,0.047205,0.000441,31.0368,0.035558,0.004618,31.0368,28.9723,28.2112
S06,108,0.047647,0.000442,31.0613,0.035574,0.004619,31.0613,29.0062,28.2126
S06,109,0.048088,0.000442,31.0926,0.035602,0.004622,31.0926,29.0169,28.2268
S06,110,0.048531,0.000442,31.1043,0.035639,0.004626,31.1043,29.0292,28.2384
S06,111,0.048973,0.000442,31.0978,0.035649,0.004627,31.0978,29.0485,28.2285
S06,112,0.049415,0.000442,31.1279,0.035632,0.004623,31.1279,29.076,28.2271
S06,113,0.049858,0.000443,31.1785,0.035668,0.004627,31.1785,29.1062,28.2286
S06,114,0.050301,0.000443,31.2286,0.035732,0.004635,31.2286,29.1197,28.2356
S06,115,0.050744,0.000444,31.242,0.035795,0.004643,31.242,29.1235,28.2381
S06,116,0.051188,0.000444,31.2828,0.035807,0.004644,31.2828,29.1241,28.2313
S06,117,0.051632,0.000444,31.3228,0.035857,0.00465,31.3228,29.1434,28.2371
S06,118,0.052077,0.000445,31.3319,0.035907,0.004656,31.3319,29.1627,28.2435
S06,119,0.052521,0.000445,31.3269,0.035912,0.004656,31.3269,29.1628,28.2549
S06,120,0.052966,0.000445,31.3422,0.035897,0.004652,31.3422,29.1881,28.2763
S06,121,0.053411,0.000445,31.3497,0.035911,0.004653,31.3497,29.2207,28.2746
S06,122,0.053855,0.000445,31.3764,0.035914,0.004652,31.3764,29.2428,28.294
S06,123,0.054301,0.000445,31.4058,0.035944,0.004655,31.4058,29.2589,28.2901
S06,124,0.054746,0.000445,31.4556,0.035978,0.004659,31.4556,29.2815,28.3035
S06,125,0.055192,0.000446,31.4538,0.036041,0.004667,31.4538,29.3024,28.3147
S06,126,0.055638,0.000446,31.5052,0.036031,0.004664,31.5052,29.2933,28.3268
S06,127,0.056084,0.000446,31.5163,0.036096,0.004672,31.5163,29.307,28.3294
S06,128,0.056531,0.000447,31.5185,0.036104,0.004672,31.5185,29.3271,28.3563
S06,129,0.056978,0.000447,31.5771,0.036099,0.00467,31.5771,29.3515,28.3681
S06,130,0.057425,0.000447,31.6056,0.036174,0.004679,31.6056,29.3597,28.3688
S06,131,0.057872,0.000448,31.6371,0.036207,0.004682,31.6371,29.3637,28.3609
S06,132,0.05832,0.000448,31.6323,0.036243,0.004686,31.6323,29.3692,28.3694
S06,133,0.058768,0.000448,31.6921,0.036228,0.004682,31.6921,29.3741,28.3582
S06,134,0.059217,0.000448,31.7196,0.036305,0.004692,31.7196,29.3883,28.376
S06,135,0.059665,0.000449,31.7419,0.036336,0.004695,31.7419,29.4131,28.388
S06,136,0.060114,0.000449,31.7814,0.03636,0.004697,31.7814,29.4307,28.4046
S06,137,0.060564,0.000449,31.794,0.036408,0.004702,31.794,29.4592,28.4082
S06,138,0.061013,0.00045,31.8225,0.036417,0.004702,31.8225,29.473,28.4038
S06,139,0.061463,0.00045,31.8564,0.036449,0.004705,31.8564,29.4723,28.4023
S06,140,0.061913,0.00045,31.8648,0.03649,0.004709,31.8648,29.4901,28.4133
S06,141,0.062364,0.00045,31.8725,0.036493,0.004708,31.8725,29.5277,28.4036
S06,142,0.062814,0.00045,31.9012,0.036495,0.004707,31.9012,29.5363,28.4137
S06,143,0.063265,0.000451,31.9362,0.036527,0.004709,31.9362,29.5483,28.4033
S06,144,0.063716,0.000451,31.9554,0.036569,0.004714,31.9554,29.5658,28.4043
S06,145,0.064167,0.000451,31.9798,0.036587,0.004715,31.9798,29.5562,28.4112
S06,146,0.064618,0.000452,32.0265,0.036613,0.004717,32.0265,29.5609,28.4087
S06,147,0.06507,0.000452,32.0567,0.036672,0.004723,32.0567,29.5676,28.4198
S06,148,0.065523,0.000452,32.1042,0.036706,0.004726,32.1042,29.5845,28.4281
S06,149,0.065976,0.000453,32.1469,0.036766,0.004733,32.1469,29.6017,28.4202
S06,150,0.066429,0.000453,32.1815,0.036818,0.004738,32.1815,29.6059,28.4208
S06,151,0.066883,0.000454,32.2232,0.036859,0.004742,32.2232,29.6333,28.436
S06,152,0.067337,0.000454,32.2524,0.03691,0.004748,32.2524,29.6467,28.4401
S06,153,0.067791,0.000454,32.285,0.036943,0.00475,32.285,29.6741,28.4504
S06,154,0.068246,0.000455,32.3282,0.036981,0.004754,32.3282,29.6948,28.4595
S06,155,0.068701,0.000455,32.3446,0.037035,0.004759,32.3446,29.7195,28.461
S06,156,0.069157,0.000455,32.3756,0.037049,0.00476,32.3756,29.7322,28.445
S06,157,0.069612,0.000456,32.4013,0.037084,0.004763,32.4013,29.7536,28.4366
S06,158,0.070068,0.000456,32.4436,0.037112,0.004765,32.4436,29.7859,28.4448
S06,159,0.070525,0.000456,32.5057,0.037164,0.00477,32.5057,29.8195,28.4466
S06,160,0.070982,0.000457,32.5132,0.037245,0.004779,32.5132,29.8275,28.4567
S06,161,0.071439,0.000457,32.5042,0.037246,0.004777,32.5042,29.849,28.4699
S06,162,0.071896,0.000457,32.4897,0.037223,0.004772,32.4897,29.8543,28.4842
S06,163,0.072353,0.000457,32.5322,0.037191,0.004766,32.5322,29.8556,28.4856
S06,164,0.072811,0.000457,32.5689,0.037243,0.004771,32.5689,29.8721,28.4836
S06,165,0.073269,0.000458,32.5736,0.037287,0.004775,32.5736,29.8937,28.4845
S06,166,0.073727,0.000458,32.6033,0.037284,0.004773,32.6033,29.9149,28.4982
S06,167,0.074185,0.000458,32.601,0.037317,0.004775,32.601,29.9406,28.5159
S06,168,0.074643,0.000458,32.6209,0.037303,0.004771,32.6209,29.9659,28.5142
S06,169,0.075101,0.000458,32.6548,0.037322,0.004772,32.6548,29.9849,28.526
S06,170,0.07556,0.000459,32.6492,0.037361,0.004775,32.6492,30.0019,28.5233
S06,171,0.076019,0.000459,32.6536,0.037342,0.004771,32.6536,30.0009,28.5286
S06,172,0.076478,0.000459,32.6529,0.037338,0.004768,32.6529,30.0232,28.5317
S06,173,0.076936,0.000459,32.6808,0.037326,0.004764,32.6808,30.0392,28.525
S06,174,0.077395,0.000459,32.7239,0.037357,0.004766,32.7239,30.0452,28.523
S06,175,0.077855,0.000459,32.754,0.037409,0.004772,32.754,30.0633,28.5144
S06,176,0.078315,0.00046,32.7962,0.037443,0.004774,32.7962,30.0831,28.5228
S06,177,0.078775,0.00046,32.7957,0.037494,0.004779,32.7957,30.0941,28.5314
S06,178,0.079235,0.00046,32.8251,0.037482,0.004775,32.8251,30.1037,28.5355
S06,179,0.079696,0.000461,32.858,0.037515,0.004777,32.858,30.1014,28.5353
S06,180,0.080157,0.000461,32.8723,0.037553,0.00478,32.8723,30.1026,28.5519
S06,181,0.080618,0.000461,32.8579,0.037563,0.004779,32.8579,30.1121,28.5613
S06,182,0.081079,0.000461,32.8972,0.03753,0.004773,32.8972,30.1353,28.5704
S06,183,0.08154,0.000461,32.9238,0.037577,0.004777,32.9238,30.1487,28.5836
S06,184,0.082002,0.000462,32.9854,0.037605,0.004778,32.9854,30.1549,28.5823
S06,185,0.082464,0.000462,33.0019,0.037685,0.004787,33.0019,30.1708,28.6014
S06,186,0.082927,0.000463,33.0383,0.037698,0.004786,33.0383,30.2126,28.6077
S06,187,0.08339,0.000463,33.0655,0.037741,0.00479,33.0655,30.2435,28.6022
S06,188,0.083853,0.000463,33.1174,0.03777,0.004791,33.1174,30.2592,28.5994
S06,189,0.084317,0.000464,33.1349,0.037836,0.004798,33.1349,30.2732,28.6079
S06,190,0.084781,0.000464,33.1327,0.03785,0.004797,33.1327,30.2994,28.6148
S06,191,0.085245,0.000464,33.1407,0.037835,0.004793,33.1407,30.3184,28.6057
S06,192,0.085709,0.000464,33.1857,0.037835,0.004791,33.1857,30.3296,28.6041
S06,193,0.086173,0.000465,33.2148,0.037891,0.004796,33.2148,30.3455,28.6127
S06,194,0.086638,0.000465,33.2721,0.037922,0.004797,33.2721,30.3605,28.6246
S06,195,0.087103,0.000465,33.2872,0.037996,0.004805,33.2872,30.3669,28.6367
S06,196,0.087569,0.000466,33.2848,0.038007,0.004804,33.2848,30.3807,28.6427
S06,197,0.088035,0.000466,33.315,0.037991,0.004799,33.315,30.4065,28.6501
S06,198,0.088501,0.000466,33.3322,0.038025,0.004801,33.3322,30.415,28.6592
S06,199,0.088967,0.000466,33.3845,0.038038,0.004801,33.3845,30.4511,28.6542
S06,200,0.089434,0.000467,33.4409,0.038104,0.004807,33.4409,30.4665,28.6633
S06,201,0.089901,0.000467,33.4333,0.038177,0.004814,33.4333,30.4814,28.6631
S06,202,0.090368,0.000467,33.465,0.038153,0.004808,33.465,30.4897,28.6722
S06,203,0.090836,0.000468,33.5051,0.038189,0.00481,33.5051,30.4989,28.6821
S06,204,0.091304,0.000468,33.5808,0.038237,0.004814,33.5808,30.509,28.7029
S06,205,0.091773,0.000469,33.6013,0.038339,0.004825,33.6013,30.5305,28.7176
S06,206,0.092242,0.000469,33.6619,0.038357,0.004825,33.6619,30.5443,28.7283
S06,207,0.092712,0.00047,33.7003,0.038436,0.004833,33.7003,30.5639,28.7246
S06,208,0.093182,0.00047,33.6925,0.038482,0.004836,33.6925,30.5643,28.7445
S06,209,0.093652,0.00047,33.709,0.038457,0.00483,33.709,30.5824,28.7367
S06,210,0.094122,0.00047,33.7551,0.038469,0.004829,33.7551,30.6291,28.7442
S06,211,0.094593,0.000471,33.7866,0.038527,0.004834,33.7866,30.6398,28.7549
S06,212,0.095064,0.000471,33.8274,0.038562,0.004836,33.8274,30.6651,28.7535
S06,213,0.095536,0.000472,33.8573,0.038611,0.00484,33.8573,30.6755,28.7665
S06,214,0.096008,0.000472,33.9015,0.038643,0.004841,33.9015,30.6903,28.7727
S06,215,0.09648,0.000472,33.9417,0.038698,0.004846,33.9417,30.7053,28.785
S06,216,0.096953,0.000473,33.9541,0.038746,0.004849,33.9541,30.7084,28.793
S06,217,0.097426,0.000473,33.9786,0.038752,0.004847,33.9786,30.7376,28.8069
S06,218,0.0979,0.000473,34.0592,0.038776,0.004848,34.0592,30.766,28.8086
S06,219,0.098374,0.000474,34.0744,0.038886,0.004859,34.0744,30.7668,28.8213
S06,220,0.098848,0.000474,34.0951,0.038896,0.004858,34.0951,30.7879,28.8345
S06,221,0.099323,0.000475,34.1116,0.038915,0.004857,34.1116,30.8024,28.8402
S06,222,0.099798,0.000475,34.1519,0.038927,0.004856,34.1519,30.8253,28.8455
S06,223,0.100273,0.000475,34.1775,0.038975,0.004859,34.1775,30.8538,28.8547
S06,224,0.100749,0.000476,34.196,0.039001,0.00486,34.196,30.8562,28.8667
S06,225,0.101224,0.000476,34.2263,0.039016,0.004859,34.2263,30.8593,28.887
S06,226,0.1017,0.000476,34.2692,0.039049,0.00486,34.2692,30.8831,28.8883
S06,227,0.102177,0.000477,34.2995,0.039101,0.004864,34.2995,30.9159,28.8992
S06,228,0.102654,0.000477,34.3391,0.039135,0.004866,34.3391,30.9392,28.9246
S06,229,0.103131,0.000477,34.3181,0.039182,0.004869,34.3181,30.9724,28.9245
S06,230,0.103608,0.000477,34.3477,0.039136,0.00486,34.3477,30.985,28.9131
S06,231,0.104086,0.000477,34.4025,0.039168,0.004861,34.4025,30.9831,28.92
S06,232,0.104564,0.000478,34.4012,0.039238,0.004867,34.4012,31.0036,28.928
S06,233,0.105042,0.000478,34.4666,0.039223,0.004862,34.4666,31.0182,28.9337
S06,234,0.105521,0.000479,34.5032,0.03931,0.00487,34.5032,31.0247,28.9315
S06,235,0.106,0.000479,34.5246,0.039352,0.004873,34.5246,31.0638,28.9351
S06,236,0.10648,0.000479,34.5499,0.039372,0.004872,34.5499,31.0702,28.9427
S06,237,0.106959,0.00048,34.5867,0.039397,0.004872,34.5867,31.1101,28.925
S06,238,0.10744,0.00048,34.5974,0.03944,0.004875,34.5974,31.1122,28.9096
S06,239,0.10792,0.00048,34.6047,0.039442,0.004872,34.6047,31.1421,28.911
S06,240,0.1084,0.00048,34.5883,0.039439,0.004869,34.5883,31.1556,28.93
S06,241,0.10888,0.00048,34.6167,0.0394,0.00486,34.6167,31.181,28.9401
S06,242,0.109361,0.00048,34.6709,0.03943,0.004861,34.6709,31.2081,28.9419
S06,243,0.109842,0.000481,34.6962,0.039499,0.004867,34.6962,31.2374,28.9355
S06,244,0.110323,0.000481,34.7074,0.039525,0.004867,34.7074,31.2558,28.9557
S06,245,0.110805,0.000482,34.726,0.039528,0.004864,34.726,31.2749,28.9638
S06,246,0.111287,0.000482,34.7712,0.039542,0.004863,34.7712,31.2869,28.9695
S06,247,0.111769,0.000482,34.7873,0.039598,0.004867,34.7873,31.3118,28.9811
S06,248,0.112251,0.000482,34.8124,0.039609,0.004865,34.8124,31.3372,28.9816
S06,249,0.112734,0.000483,34.8543,0.039633,0.004865,34.8543,31.3699,28.9863
S06,250,0.113217,0.000483,34.8692,0.039684,0.004868,34.8692,31.4054,28.9858
S06,251,0.113701,0.000483,34.8648,0.039693,0.004866,34.8648,31.4246,29.0001
S06,252,0.114184,0.000483,34.9002,0.039671,0.00486,34.9002,31.4423,29.0089
S06,253,0.114668,0.000484,34.932,0.039712,0.004862,34.932,31.469,29.0204
S06,254,0.115152,0.000484,34.9906,0.039747,0.004863,34.9906,31.4921,29.0288
S06,255,0.115637,0.000485,35.0389,0.039824,0.00487,35.0389,31.503,29.0394
S06,256,0.116122,0.000485,35.0464,0.039885,0.004874,35.0464,31.5169,29.0351
S06,257,0.116607,0.000485,35.0883,0.039882,0.00487,35.0883,31.5415,29.0408
S06,258,0.117093,0.000486,35.1146,0.039933,0.004874,35.1146,31.5681,29.0609
S06,259,0.117579,0.000486,35.1205,0.039959,0.004874,35.1205,31.5688,29.0717
S06,260,0.118066,0.000486,35.1317,0.039953,0.00487,35.1317,31.5897,29.0742
S06,261,0.118552,0.000486,35.1875,0.039956,0.004866,35.1875,31.5934,29.0821
S06,262,0.119039,0.000487,35.219,0.040029,0.004872,35.219,31.6095,29.0888
S06,263,0.119526,0.000487,35.2681,0.040063,0.004873,35.2681,31.6386,29.0987
S06,264,0.120014,0.000488,35.3134,0.040125,0.004878,35.3134,31.6462,29.1088
S06,265,0.120503,0.000488,35.3496,0.040182,0.004882,35.3496,31.6578,29.1095
S06,266,0.120992,0.000489,35.3789,0.040224,0.004883,35.3789,31.6834,29.1209
S06,267,0.121481,0.000489,35.4171,0.040255,0.004884,35.4171,31.7097,29.1335
S06,268,0.121971,0.00049,35.4454,0.0403,0.004886,35.4454,31.7255,29.1387
S06,269,0.122461,0.00049,35.4764,0.040329,0.004886,35.4764,31.7486,29.1448
S06,270,0.122951,0.00049,35.4827,0.040363,0.004887,35.4827,31.762,29.1488
S06,271,0.123441,0.00049,35.507,0.040358,0.004883,35.507,31.7792,29.1627
S06,272,0.123932,0.000491,35.5344,0.040381,0.004882,35.5344,31.7864,29.171
S06,273,0.124423,0.000491,35.5688,0.040409,0.004882,35.5688,31.809,29.1876
S06,274,0.124915,0.000491,35.6107,0.040448,0.004884,35.6107,31.8417,29.1864
S06,275,0.125406,0.000492,35.6774,0.040499,0.004887,35.6774,31.8542,29.2032
S06,276,0.125899,0.000493,35.6869,0.04059,0.004894,35.6869,31.887,29.2376
S06,277,0.126392,0.000493,35.7279,0.040589,0.004891,35.7279,31.9328,29.2367
S06,278,0.126885,0.000493,35.7324,0.040639,0.004893,35.7324,31.9711,29.2391
S06,279,0.127379,0.000493,35.7694,0.04063,0.004889,35.7694,32.0066,29.2768
S06,280,0.127872,0.000494,35.8078,0.040674,0.004891,35.8078,32.0241,29.2949
S06,281,0.128367,0.000494,35.8514,0.040719,0.004893,35.8514,32.0553,29.3112
S06,282,0.128861,0.000495,35.8528,0.040773,0.004896,35.8528,32.0573,29.3251
S06,283,0.129356,0.000495,35.8874,0.04076,0.00489,35.8874,32.0841,29.3498
S06,284,0.129851,0.000495,35.9407,0.040799,0.004892,35.9407,32.1007,29.3689
S06,285,0.130347,0.000496,35.9737,0.040869,0.004897,35.9737,32.1161,29.3887
S06,286,0.130843,0.000496,36.0311,0.040906,0.004898,36.0311,32.1299,29.3948
S06,287,0.13134,0.000497,36.0312,0.040982,0.004903,36.0312,32.1473,29.3996
S06,288,0.131837,0.000497,36.052,0.040966,0.004898,36.052,32.1735,29.4101
S06,289,0.132334,0.000497,36.0516,0.040984,0.004896,36.0516,32.1779,29.4161
S06,290,0.132831,0.000497,36.0504,0.040967,0.00489,36.0504,32.2064,29.4353
S06,291,0.133328,0.000497,36.0829,0.040949,0.004885,36.0829,32.2252,29.4515
S06,292,0.133825,0.000497,36.1066,0.040985,0.004885,36.1066,32.2515,29.4554
S06,293,0.134323,0.000498,36.1499,0.041007,0.004884,36.1499,32.2855,29.4493
S06,294,0.134821,0.000498,36.2147,0.041061,0.004887,36.2147,32.3146,29.461
S06,295,0.13532,0.000499,36.2502,0.041149,0.004894,36.2502,32.3413,29.4856
S06,296,0.13582,0.000499,36.3019,0.04119,0.004896,36.3019,32.3701,29.4852
S06,297,0.13632,0.0005,36.3463,0.041257,0.0049,36.3463,32.3838,29.4974
S06,298,0.13682,0.000501,36.3528,0.041313,0.004903,36.3528,32.393,29.4897
S06,299,0.137321,0.000501,36.3808,0.041307,0.004899,36.3808,32.4095,29.5034
S06,300,0.137822,0.000501,36.4174,0.041336,0.004899,36.4174,32.4253,29.53
S06,301,0.138323,0.000501,36.4448,0.041379,0.0049,36.4448,32.4497,29.5452
S06,302,0.138825,0.000502,36.4268,0.041407,0.0049,36.4268,32.4663,29.5647
S06,303,0.139326,0.000501,36.4309,0.041361,0.00489,36.4309,32.4902,29.5789
S06,304,0.139828,0.000502,36.4704,0.041352,0.004885,36.4704,32.4968,29.5829
S06,305,0.14033,0.000502,36.4953,0.041399,0.004887,36.4953,32.5155,29.6094
S06,306,0.140832,0.000502,36.5347,0.041423,0.004886,36.5347,32.5379,29.6263
S06,307,0.141335,0.000503,36.5593,0.041471,0.004888,36.5593,32.5514,29.6583
S06,308,0.141838,0.000503,36.6043,0.041494,0.004887,36.6043,32.578,29.6695
S06,309,0.142341,0.000504,36.6539,0.041551,0.00489,36.6539,32.5918,29.6742
S06,310,0.142846,0.000504,36.6758,0.041615,0.004894,36.6758,32.6195,29.6769
S06,311,0.14335,0.000504,36.6953,0.041634,0.004893,36.6953,32.6521,29.7011
S06,312,0.143855,0.000505,36.7253,0.041649,0.00489,36.7253,32.6791,29.7093
S06,313,0.14436,0.000505,36.7077,0.041681,0.00489,36.7077,32.6956,29.7324
S06,314,0.144865,0.000505,36.7665,0.041636,0.004881,36.7665,32.7114,29.7473
S06,315,0.14537,0.000506,36.8102,0.041715,0.004887,36.8102,32.7387,29.7499
S06,316,0.145876,0.000506,36.8198,0.04177,0.004889,36.8198,32.7644,29.7633
S06,317,0.146382,0.000506,36.8935,0.041769,0.004885,36.8935,32.7843,29.7864
S06,318,0.146889,0.000507,36.9125,0.041873,0.004894,36.9125,32.797,29.8017
S06,319,0.147397,0.000507,36.9388,0.041887,0.004892,36.9388,32.8272,29.8234
S06,320,0.147904,0.000508,36.9892,0.041913,0.004891,36.9892,32.8668,29.836
S06,321,0.148412,0.000508,37.0193,0.041979,0.004895,37.0193,32.8937,29.8703
S06,322,0.148921,0.000509,37.0597,0.042012,0.004895,37.0597,32.9269,29.8716
S06,323,0.14943,0.000509,37.1091,0.042062,0.004897,37.1091,32.9506,29.8914
S06,324,0.14994,0.00051,37.1591,0.042126,0.004901,37.1591,32.9855,29.9031
S06,325,0.15045,0.00051,37.205,0.042192,0.004905,37.205,32.9999,29.9194
S06,326,0.150961,0.000511,37.2598,0.042251,0.004908,37.2598,33.023,29.9296
S06,327,0.151472,0.000511,37.2952,0.042324,0.004913,37.2952,33.0376,29.9452
S06,328,0.151984,0.000512,37.2974,0.042366,0.004914,37.2974,33.059,29.9619
S06,329,0.152496,0.000512,37.303,0.042352,0.004908,37.303,33.0934,29.9763
S06,330,0.153008,0.000512,37.3005,0.042344,0.004903,37.3005,33.1184,29.9831
S06,331,0.15352,0.000512,37.3419,0.042323,0.004896,37.3419,33.1511,30.0
S06,332,0.154032,0.000512,37.3596,0.042374,0.004898,37.3596,33.1706,30.0071
S06,333,0.154545,0.000513,37.3878,0.042387,0.004896,37.3878,33.205,30.0323
S06,334,0.155058,0.000513,37.4073,0.042416,0.004895,37.4073,33.2291,30.0201
S06,335,0.155571,0.000513,37.4456,0.042431,0.004893,37.4456,33.2394,30.0275
S06,336,0.156085,0.000514,37.4597,0.042478,0.004894,37.4597,33.259,30.0363
S06,337,0.156599,0.000514,37.4782,0.042484,0.004891,37.4782,33.2866,30.0555
S06,338,0.157113,0.000514,37.5028,0.042497,0.004888,37.5028,33.3147,30.0505
S06,339,0.157627,0.000514,37.5116,0.042521,0.004887,37.5116,33.3492,30.0631
S06,340,0.158141,0.000514,37.5369,0.042518,0.004883,37.5369,33.3739,30.0862
S06,341,0.158656,0.000515,37.5596,0.042543,0.004882,37.5596,33.3779,30.103
S06,342,0.159171,0.000515,37.6109,0.042564,0.00488,37.6109,33.3912,30.1168
S06,343,0.159687,0.000516,37.6077,0.042632,0.004884,37.6077,33.422,30.1245
S06,344,0.160203,0.000516,37.6377,0.042609,0.004877,37.6377,33.4431,30.1414
S06,345,0.160719,0.000516,37.6353,0.042642,0.004877,37.6353,33.4684,30.1596
S06,346,0.161235,0.000516,37.6464,0.04262,0.00487,37.6464,33.5077,30.1746
S06,347,0.161751,0.000516,37.6762,0.042621,0.004866,37.6762,33.5348,30.1819
S06,348,0.162267,0.000516,37.6976,0.042654,0.004866,37.6976,33.5536,30.2099
S06,349,0.162784,0.000517,37.7444,0.042672,0.004864,37.7444,33.58,30.224
S06,350,0.163301,0.000517,37.7924,0.042733,0.004867,37.7924,33.6024,30.242
S06,351,0.163819,0.000518,37.8182,0.042796,0.00487,37.8182,33.6316,30.2493
S06,352,0.164337,0.000518,37.869,0.042821,0.004869,37.869,33.6546,30.2589
S06,353,0.164856,0.000519,37.9576,0.042889,0.004873,37.9576,33.686,30.2776
S06,354,0.165376,0.00052,37.9851,0.043021,0.004884,37.9851,33.7212,30.2834
S06,355,0.165896,0.00052,38.0085,0.04305,0.004883,38.0085,33.7328,30.2932
S06,356,0.166417,0.000521,38.0564,0.043072,0.004882,38.0564,33.7676,30.3008
S06,357,0.166938,0.000521,38.0489,0.043135,0.004885,38.0489,33.7828,30.3116
S06,358,0.167459,0.000521,38.0815,0.043104,0.004877,38.0815,33.8086,30.32
S06,359,0.16798,0.000521,38.1202,0.043142,0.004877,38.1202,33.8576,30.3247
S06,360,0.167207,2.6e-05,38.0343,0.002159,0.114879,38.0343,33.8845,30.343
S06,361,0.166433,2.6e-05,37.933,0.002151,0.114855,37.933,33.917,30.3461
S06,362,0.165659,2.6e-05,37.8206,0.002142,0.114828,37.8206,33.9345,30.3746
S06,363,0.164885,2.6e-05,37.6993,0.002132,0.1148,37.6993,33.9584,30.3947
S06,364,0.16411,2.6e-05,37.572,0.002121,0.114769,37.572,33.9668,30.401
S06,365,0.163336,2.6e-05,37.4451,0.002109,0.114737,37.4451,33.99,30.4279
S06,366,0.162562,2.6e-05,37.3443,0.002098,0.114705,37.3443,34.0074,30.4365
S06,367,0.161787,2.6e-05,37.2122,0.002089,0.114679,37.2122,34.025,30.4448
S06,368,0.161013,2.6e-05,37.1056,0.002077,0.114646,37.1056,34.0372,30.4455
S06,369,0.160238,2.5e-05,36.9849,0.002067,0.114618,36.9849,34.0581,30.4537
S06,370,0.159464,2.5e-05,36.9025,0.002057,0.114588,36.9025,34.0617,30.4608
S06,371,0.158689,2.5e-05,36.7976,0.002049,0.114565,36.7976,34.0803,30.4677
S06,372,0.157914,2.5e-05,36.6734,0.00204,0.114538,36.6734,34.0946,30.4775
S06,373,0.15714,2.5e-05,36.5873,0.002029,0.114506,36.5873,34.1278,30.5051
S06,374,0.156365,2.5e-05,36.5308,0.002021,0.114483,36.5308,34.1259,30.5299
S06,375,0.15559,2.5e-05,36.4347,0.002016,0.114465,36.4347,34.1517,30.5366
S06,376,0.154815,2.5e-05,36.3293,0.002007,0.114439,36.3293,34.157,30.5532
S06,377,0.15404,2.5e-05,36.2561,0.001998,0.114412,36.2561,34.1534,30.5675
S06,378,0.153265,2.5e-05,36.1455,0.001992,0.114391,36.1455,34.1818,30.5895
S06,379,0.15249,2.5e-05,36.1223,0.001982,0.114362,36.1223,34.1762,30.6032
S06,380,0.151715,2.5e-05,36.0315,0.001979,0.114351,36.0315,34.1835,30.633
S06,381,0.150939,2.5e-05,35.8955,0.001971,0.114327,35.8955,34.1912,30.6607
S06,382,0.150164,2.5e-05,35.8173,0.00196,0.114293,35.8173,34.1989,30.6852
S06,383,0.149389,2.5e-05,35.6943,0.001953,0.114271,35.6943,34.2227,30.711
S06,384,0.148614,2.5e-05,35.6205,0.001943,0.11424,35.6205,34.2368,30.72
S06,385,0.147838,2.5e-05,35.545,0.001936,0.114219,35.545,34.2386,30.7338
S06,386,0.147063,2.5e-05,35.446,0.001929,0.114197,35.446,34.2563,30.7459
S06,387,0.146287,2.4e-05,35.3382,0.001921,0.114171,35.3382,34.2763,30.7692
S06,388,0.145512,2.4e-05,35.2715,0.001912,0.114143,35.2715,34.2744,30.7739
S06,389,0.144736,2.4e-05,35.187,0.001906,0.114123,35.187,34.2843,30.7875
S06,390,0.14396,2.4e-05,35.0707,0.001899,0.1141,35.0707,34.3007,30.8097
S06,391,0.143184,2.4e-05,34.9918,0.001889,0.11407,34.9918,34.2938,30.8355
S06,392,0.142409,2.4e-05,34.8724,0.001882,0.114048,34.8724,34.3025,30.8593
S06,393,0.141633,2.4e-05,34.775,0.001873,0.114018,34.775,34.3071,30.8597
S06,394,0.140857,2.4e-05,34.7102,0.001864,0.113992,34.7102,34.3043,30.8507
S06,395,0.140081,2.4e-05,34.6243,0.001859,0.113972,34.6243,34.313,30.8689
S06,396,0.139305,2.4e-05,34.5303,0.001852,0.113949,34.5303,34.305,30.8652
S06,397,0.138529,2.4e-05,34.4247,0.001844,0.113923,34.4247,34.308,30.8886
S06,398,0.137753,2.4e-05,34.3227,0.001835,0.113896,34.3227,34.3184,30.9035
S06,399,0.136977,2.4e-05,34.2552,0.001827,0.113869,34.2552,34.3173,30.9156
S06,400,0.1362,2.4e-05,34.1746,0.001821,0.113849,34.1746,34.3054,30.9185
S06,401,0.135424,2.4e-05,34.0969,0.001814,0.113827,34.0969,34.3212,30.9178
S06,402,0.134648,2.4e-05,34.0254,0.001808,0.113805,34.0254,34.3052,30.9198
S06,403,0.133871,2.4e-05,33.9394,0.001802,0.113784,33.9394,34.3283,30.9478
S06,404,0.133095,2.4e-05,33.8372,0.001795,0.11376,33.8372,34.3326,30.9801
S06,405,0.132319,2.4e-05,33.769,0.001787,0.113733,33.769,34.3211,30.9823
S06,406,0.131542,2.4e-05,33.6696,0.001781,0.113713,33.6696,34.3258,30.9849
S06,407,0.130766,2.3e-05,33.5684,0.001773,0.113687,33.5684,34.3228,31.0002
S06,408,0.129989,2.3e-05,33.4879,0.001765,0.11366,33.4879,34.3066,31.0177
S06,409,0.129212,2.3e-05,33.4003,0.001758,0.113638,33.4003,34.305,31.0263
S06,410,0.128436,2.3e-05,33.3205,0.001751,0.113614,33.3205,34.2874,31.0429
S06,411,0.127659,2.3e-05,33.2163,0.001745,0.113591,33.2163,34.285,31.0446
S06,412,0.126882,2.3e-05,33.1523,0.001737,0.113564,33.1523,34.2911,31.054
S06,413,0.126105,2.3e-05,33.0776,0.001732,0.113545,33.0776,34.2844,31.0529
S06,414,0.125328,2.3e-05,32.968,0.001726,0.113523,32.968,34.2763,31.0695
S06,415,0.124551,2.3e-05,32.8451,0.001717,0.113495,32.8451,34.2647,31.0728
S06,416,0.123774,2.3e-05,32.7563,0.001708,0.113464,32.7563,34.2592,31.0866
S06,417,0.122997,2.3e-05,32.6555,0.001701,0.11344,32.6555,34.2524,31.1062
S06,418,0.12222,2.3e-05,32.5665,0.001693,0.113413,32.5665,34.2429,31.108
S06,419,0.121443,2.3e-05,32.4957,0.001686,0.113389,32.4957,34.2258,31.1321
S06,420,0.120666,2.3e-05,32.4143,0.001681,0.113369,32.4143,34.202,31.1519
S06,421,0.119889,2.3e-05,32.3244,0.001674,0.113346,32.3244,34.1971,31.1616
S06,422,0.119111,2.3e-05,32.2154,0.001667,0.113321,32.2154,34.185,31.1725
S06,423,0.118334,2.3e-05,32.1305,0.001659,0.113293,32.1305,34.1769,31.1826
S06,424,0.117557,2.3e-05,32.0404,0.001653,0.11327,32.0404,34.1637,31.1981
S06,425,0.116779,2.3e-05,31.9508,0.001646,0.113245,31.9508,34.1588,31.1949
S06,426,0.116002,2.3e-05,31.8547,0.001639,0.113221,31.8547,34.1486,31.2025
S06,427,0.115224,2.2e-05,31.8232,0.001632,0.113196,31.8232,34.121,31.2011
S06,428,0.114447,2.2e-05,31.7699,0.001629,0.113183,31.7699,34.1134,31.2134
S06,429,0.113669,2.2e-05,31.6631,0.001625,0.113166,31.6631,34.1191,31.2181
S06,430,0.112891,2.2e-05,31.5468,0.001617,0.113138,31.5468,34.1036,31.2373
S06,431,0.112114,2.2e-05,31.454,0.001608,0.113108,31.454,34.0956,31.2394
S06,432,0.111336,2.2e-05,31.3525,0.001601,0.113083,31.3525,34.0815,31.2522
S06,433,0.110558,2.2e-05,31.2314,0.001594,0.113057,31.2314,34.054,31.2605
S06,434,0.10978,2.2e-05,31.1194,0.001585,0.113026,31.1194,34.0296,31.2888
S06,435,0.109002,2.2e-05,31.0335,0.001577,0.112997,31.0335,34.0029,31.2885
S06,436,0.108224,2.2e-05,30.9907,0.001571,0.112974,30.9907,34.0012,31.2954
S06,437,0.107446,2.2e-05,30.8942,0.001567,0.112959,30.8942,33.9853,31.3102
S06,438,0.106668,2.2e-05,30.8174,0.00156,0.112933,30.8174,33.9657,31.3236
S06,439,0.10589,2.2e-05,30.7552,0.001555,0.112912,30.7552,33.9451,31.3253
S06,440,0.105112,2.2e-05,30.6594,0.00155,0.112893,30.6594,33.9323,31.3414
S06,441,0.104334,2.2e-05,30.5496,0.001543,0.112867,30.5496,33.8997,31.3491
S06,442,0.103555,2.2e-05,30.4725,0.001535,0.112839,30.4725,33.8775,31.3713
S06,443,0.102777,2.2e-05,30.3621,0.00153,0.112817,30.3621,33.87,31.3835
S06,444,0.101999,2.2e-05,30.2443,0.001522,0.112789,30.2443,33.848,31.4023
S06,445,0.10122,2.2e-05,30.1532,0.001514,0.112759,30.1532,33.8145,31.4038
S06,446,0.100442,2.2e-05,30.0389,0.001507,0.112744,30.0389,33.7941,31.4314
S06,447,0.099663,2.1e-05,29.9349,0.0015,0.112742,29.9349,33.7767,31.4458
S06,448,0.098885,2.1e-05,29.8098,0.001492,0.112741,29.8098,33.7519,31.4482
S06,449,0.098106,2.1e-05,29.6759,0.001484,0.112739,29.6759,33.7349,31.4663
S06,450,0.097328,2.1e-05,29.574,0.001475,0.112738,29.574,33.7113,31.4712
S06,451,0.096549,2.1e-05,29.4755,0.001468,0.112736,29.4755,33.6789,31.5063
S06,452,0.09577,2.1e-05,29.3946,0.001461,0.112735,29.3946,33.6472,31.5188
S06,453,0.094991,2.1e-05,29.3089,0.001456,0.112733,29.3089,33.6306,31.5311
S06,454,0.094212,2.1e-05,29.1951,0.00145,0.112732,29.1951,33.6034,31.5417
S06,455,0.093433,2.1e-05,29.0921,0.001442,0.11273,29.0921,33.5737,31.5516
S06,456,0.092654,2.1e-05,29.0189,0.001435,0.112729,29.0189,33.5667,31.5631
S06,457,0.091875,2.1e-05,28.9259,0.00143,0.112728,28.9259,33.5102,31.5553
S06,458,0.091096,2.1e-05,28.8831,0.001424,0.112726,28.8831,33.488,31.5612
S06,459,0.090317,2.1e-05,28.8575,0.001421,0.112725,28.8575,33.4633,31.5765
S06,460,0.089538,2.1e-05,28.7307,0.001418,0.112723,28.7307,33.4485,31.5766
S06,461,0.088759,2.1e-05,28.6181,0.00141,0.112722,28.6181,33.4304,31.6007
S06,462,0.08798,2.1e-05,28.5831,0.001403,0.11272,28.5831,33.4034,31.6014
S06,463,0.0872,2.1e-05,28.6067,0.0014,0.112719,28.6067,33.3817,31.6204
S06,464,0.086421,2.1e-05,28.6302,0.001401,0.112717,28.6302,33.3687,31.6287
S06,465,0.085642,2.1e-05,28.6537,0.001402,0.112716,28.6537,33.3394,31.6266
S06,466,0.084863,2.1e-05,28.6772,0.001402,0.112714,28.6772,33.3286,31.6366
S06,467,0.084084,2.1e-05,28.7006,0.001403,0.112713,28.7006,33.2867,31.6397
S06,468,0.083304,2.1e-05,28.7239,0.001404,0.112711,28.7239,33.249,31.6403
S06,469,0.082525,2.1e-05,28.7472,0.001405,0.11271,28.7472,33.2158,31.6597
S06,470,0.081746,2.1e-05,28.7705,0.001406,0.112708,28.7705,33.1662,31.6486
S06,471,0.080967,2.1e-05,28.7937,0.001406,0.112707,28.7937,33.1503,31.6543
S06,472,0.080188,2.1e-05,28.8168,0.001407,0.112705,28.8168,33.1346,31.6683
S06,473,0.079409,2.1e-05,28.8399,0.001408,0.112704,28.8399,33.1164,31.6773
S06,474,0.07863,2.1e-05,28.863,0.001409,0.112702,28.863,33.0963,31.6702
S06,475,0.07785,2.1e-05,28.8859,0.001409,0.112701,28.8859,33.0824,31.6619
S06,476,0.077071,2.1e-05,28.9089,0.00141,0.112699,28.9089,33.0487,31.6619
S06,477,0.076292,2.1e-05,28.9317,0.001411,0.112698,28.9317,33.0227,31.6691
S06,478,0.075513,2.1e-05,28.9545,0.001412,0.112696,28.9545,33.0272,31.6957
S06,479,0.074734,2.1e-05,28.9773,0.001413,0.112695,28.9773,32.9954,31.719
S06,480,0.073955,2.1e-05,29.0,0.001413,0.112693,29.0,32.9627,31.7108
S06,481,0.073176,2.1e-05,29.0226,0.001414,0.112692,29.0226,32.9533,31.7084
S06,482,0.072397,2.1e-05,29.0452,0.001415,0.11269,29.0452,32.9347,31.7002
S06,483,0.071618,2.1e-05,29.0678,0.001416,0.112689,29.0678,32.9097,31.7126
S06,484,0.070839,2.1e-05,29.0902,0.001416,0.112687,29.0902,32.8831,31.7143
S06,485,0.07006,2.1e-05,29.1126,0.001417,0.112686,29.1126,32.8677,31.723
S06,486,0.069281,2.1e-05,29.135,0.001418,0.112684,29.135,32.8388,31.7345
S06,487,0.068502,2.1e-05,29.1573,0.001419,0.112683,29.1573,32.814,31.7475
S06,488,0.067723,2.1e-05,29.1795,0.001419,0.112681,29.1795,32.7921,31.7389
S06,489,0.066944,2.1e-05,29.2017,0.00142,0.112679,29.2017,32.7784,31.7352
S06,490,0.066165,2.1e-05,29.2238,0.001421,0.112678,29.2238,32.7654,31.7394
S06,491,0.065386,2.1e-05,29.2458,0.001422,0.112676,29.2458,32.7454,31.7331
S06,492,0.064607,2.1e-05,29.2678,0.001422,0.112675,29.2678,32.7251,31.7352
S06,493,0.063829,2.1e-05,29.2898,0.001423,0.112673,29.2898,32.6851,31.7498
S06,494,0.06305,2.1e-05,29.3116,0.001424,0.112672,29.3116,32.6631,31.769
S06,495,0.062271,2.1e-05,29.3334,0.001425,0.11267,29.3334,32.6297,31.7689
S06,496,0.061492,2.1e-05,29.3552,0.001425,0.112669,29.3552,32.6078,31.7767
S06,497,0.060713,2.1e-05,29.3768,0.001426,0.112667,29.3768,32.5831,31.7691
S06,498,0.059934,2.1e-05,29.3984,0.001427,0.112666,29.3984,32.5709,31.7723
S06,499,0.059155,2.1e-05,29.42,0.001428,0.112664,29.42,32.5433,31.7717
S06,500,0.058377,2.1e-05,29.4415,0.001428,0.112663,29.4415,32.5283,31.7699
S06,501,0.057598,2.1e-05,29.4629,0.001429,0.112661,29.4629,32.5127,31.7661
S06,502,0.056819,2.1e-05,29.4842,0.00143,0.112659,29.4842,32.5114,31.7798
S06,503,0.05604,2.1e-05,29.5055,0.001431,0.112658,29.5055,32.4926,31.7859
S06,504,0.055261,2.1e-05,29.5267,0.001431,0.112656,29.5267,32.4786,31.7825
S06,505,0.054483,2.1e-05,29.5479,0.001432,0.112655,29.5479,32.4828,31.7839
S06,506,0.053704,2.1e-05,29.5689,0.001433,0.112653,29.5689,32.4457,31.7735
S06,507,0.052925,2.1e-05,29.5899,0.001434,0.112652,29.5899,32.4254,31.7816
S06,508,0.052146,2.1e-05,29.6109,0.001434,0.11265,29.6109,32.4099,31.7953
S06,509,0.051368,2.1e-05,29.6318,0.001435,0.112649,29.6318,32.3988,31.8112
S06,510,0.050589,2.1e-05,29.6526,0.001436,0.112647,29.6526,32.3802,31.8156
S06,511,0.04981,2.1e-05,29.6733,0.001436,0.112645,29.6733,32.3835,31.8124
S06,512,0.049032,2.1e-05,29.694,0.001437,0.112644,29.694,32.3603,31.8063
S06,513,0.048253,2.1e-05,29.7146,0.001438,0.112642,29.7146,32.3379,31.8098
S06,514,0.047474,2.1e-05,29.7351,0.001439,0.112641,29.7351,32.3226,31.8073
S06,515,0.046695,2.1e-05,29.7555,0.001439,0.112639,29.7555,32.3016,31.7905
S06,516,0.045917,2.1e-05,29.7759,0.00144,0.112638,29.7759,32.2961,31.7783
S06,517,0.045138,2.1e-05,29.7962,0.001441,0.112636,29.7962,32.2661,31.7812
S06,518,0.04436,2.1e-05,29.8165,0.001441,0.112635,29.8165,32.2654,31.7777
S06,519,0.043581,2.1e-05,29.8366,0.001442,0.112633,29.8366,32.2653,31.7794
S06,520,0.042802,2.1e-05,29.8567,0.001443,0.112631,29.8567,32.2408,31.7812
S06,521,0.042024,2.1e-05,29.8767,0.001444,0.11263,29.8767,32.2187,31.7869
S06,522,0.041245,2.1e-05,29.8967,0.001444,0.112628,29.8967,32.2119,31.8003
S06,523,0.040467,2.1e-05,29.9166,0.001445,0.112627,29.9166,32.2076,31.8057
S06,524,0.039688,2.1e-05,29.9364,0.001446,0.112625,29.9364,32.1874,31.7971
S06,525,0.038909,2.1e-05,29.9561,0.001446,0.112624,29.9561,32.1769,31.8069
S06,526,0.038131,2.1e-05,29.9757,0.001447,0.112622,29.9757,32.1729,31.7966
S06,527,0.037352,2.1e-05,29.9953,0.001448,0.11262,29.9953,32.1582,31.8013
S06,528,0.036574,2.1e-05,30.0148,0.001448,0.112619,30.0148,32.1427,31.815
S06,529,0.035795,2.1e-05,30.0342,0.001449,0.112617,30.0342,32.1229,31.8138
S06,530,0.035017,2.1e-05,30.0535,0.00145,0.112616,30.0535,32.1098,31.8021
S06,531,0.034238,2.2e-05,30.0728,0.00145,0.112614,30.0728,32.0944,31.7938
S06,532,0.03346,2.2e-05,30.092,0.001451,0.112613,30.092,32.0776,31.8037
S06,533,0.032681,2.2e-05,30.1111,0.001452,0.112611,30.1111,32.0619,31.8182
S06,534,0.031903,2.2e-05,30.1301,0.001452,0.112609,30.1301,32.0421,31.8216
S06,535,0.031124,2.2e-05,30.1491,0.001453,0.112608,30.1491,32.027,31.8153
S06,536,0.030346,2.2e-05,30.168,0.001454,0.112606,30.168,32.0248,31.8322
S06,537,0.029567,2.2e-05,30.1867,0.001454,0.112605,30.1867,32.0096,31.8286
S06,538,0.028789,2.2e-05,30.2055,0.001455,0.112603,30.2055,31.9974,31.8329
S06,539,0.028011,2.2e-05,30.2241,0.001456,0.112602,30.2241,31.9866,31.8306
S06,540,0.027232,2.2e-05,30.2426,0.001456,0.1126,30.2426,31.9824,31.8352
S06,541,0.026454,2.2e-05,30.2611,0.001457,0.112598,30.2611,31.9771,31.8373
S06,542,0.025675,2.2e-05,30.2795,0.001458,0.112597,30.2795,31.9899,31.8277
S06,543,0.024897,2.2e-05,30.2978,0.001458,0.112595,30.2978,31.9904,31.8444
S06,544,0.024119,2.2e-05,30.316,0.001459,0.112594,30.316,31.972,31.844
S06,545,0.02334,2.2e-05,30.3342,0.00146,0.112592,30.3342,31.9684,31.8445
S06,546,0.022562,2.2e-05,30.3522,0.00146,0.112591,30.3522,31.9443,31.8621
S06,547,0.021784,2.2e-05,30.3702,0.001461,0.112589,30.3702,31.9285,31.8598
S06,548,0.021005,2.2e-05,30.3881,0.001461,0.112587,30.3881,31.9174,31.8644
S06,549,0.020227,2.2e-05,30.4059,0.001462,0.112586,30.4059,31.9,31.8595
S06,550,0.019449,2.2e-05,30.4237,0.001463,0.112584,30.4237,31.8969,31.8882
S06,551,0.01867,2.2e-05,30.4413,0.001463,0.112583,30.4413,31.8859,31.8941
S06,552,0.017892,2.2e-05,30.4589,0.001464,0.112581,30.4589,31.8692,31.9002
S06,553,0.017114,2.2e-05,30.4763,0.001465,0.11258,30.4763,31.856,31.8984
S06,554,0.016335,2.2e-05,30.4937,0.001465,0.112578,30.4937,31.8362,31.9129
S06,555,0.015557,2.2e-05,30.511,0.001466,0.112576,30.511,31.8376,31.9195
S06,556,0.014779,2.2e-05,30.5283,0.001466,0.112575,30.5283,31.8232,31.915
S06,557,0.014001,2.2e-05,30.5454,0.001467,0.112573,30.5454,31.8194,31.9137
S06,558,0.013222,2.2e-05,30.5624,0.001468,0.112572,30.5624,31.8225,31.9018
S06,559,0.012444,2.2e-05,30.5794,0.001468,0.11257,30.5794,31.8153,31.9189
S06,560,0.011666,2.2e-05,30.5963,0.001469,0.112569,30.5963,31.8188,31.9037
S06,561,0.010888,2.2e-05,30.6131,0.001469,0.112567,30.6131,31.8264,31.9136
S06,562,0.01011,2.2e-05,30.6297,0.00147,0.112565,30.6297,31.8169,31.9109
S06,563,0.009331,2.2e-05,30.6464,0.001471,0.112564,30.6464,31.8142,31.9141
S06,564,0.008553,2.2e-05,30.6629,0.001471,0.112562,30.6629,31.8084,31.9057
S06,565,0.007775,2.2e-05,30.6793,0.001472,0.112561,30.6793,31.8044,31.9171
S06,566,0.006997,2.2e-05,30.6956,0.001472,0.112559,30.6956,31.8047,31.9063
S06,567,0.006219,2.2e-05,30.7119,0.001473,0.112558,30.7119,31.7854,31.9016
S06,568,0.00544,2.2e-05,30.7281,0.001474,0.112556,30.7281,31.7585,31.9081
S06,569,0.004662,2.2e-05,30.7441,0.001474,0.112555,30.7441,31.7447,31.9047
S06,570,0.003884,2.2e-05,30.7601,0.001475,0.112553,30.7601,31.7244,31.904
S06,571,0.003106,2.2e-05,30.776,0.001475,0.112551,30.776,31.7263,31.9022
S06,572,0.002328,2.2e-05,30.7918,0.001476,0.11255,30.7918,31.718,31.9181
S06,573,0.00155,2.2e-05,30.8075,0.001476,0.112548,30.8075,31.7186,31.9081
S06,574,0.000772,2.2e-05,30.8231,0.001477,0.112547,30.8231,31.706,31.9035
S06,575,0.0,2.2e-05,30.8387,0.001477,0.112545,30.8387,31.7037,31.8996
S06,576,0.0,2.2e-05,30.8541,0.001478,0.112544,30.8541,31.6856,31.8859
S06,577,0.0,2.2e-05,30.8694,0.001479,0.112542,30.8694,31.6761,31.8795
S06,578,0.0,2.2e-05,30.8847,0.001479,0.112541,30.8847,31.658,31.8904
S06,579,0.0,2.2e-05,30.8998,0.00148,0.112539,30.8998,31.6752,31.8998
S06,580,0.0,2.2e-05,30.9149,0.00148,0.112537,30.9149,31.6764,31.9149
S06,581,0.0,2.2e-05,30.9299,0.001481,0.112536,30.9299,31.6606,31.9299
S06,582,0.0,2.2e-05,30.9448,0.001481,0.112534,30.9448,31.6677,31.9448
S06,583,0.0,2.2e-05,30.9595,0.001482,0.112533,30.9595,31.665,31.9595
S06,584,0.0,2.2e-05,30.9742,0.001482,0.112531,30.9742,31.635,31.9742
S06,585,0.0,2.2e-05,30.9888,0.001483,0.11253,30.9888,31.6426,31.9888
S06,586,0.0,2.2e-05,31.0033,0.001483,0.112528,31.0033,31.6436,32.0033
S06,587,0.0,2.2e-05,31.0177,0.001484,0.112527,31.0177,31.6406,32.0177
S06,588,0.0,2.2e-05,31.032,0.001484,0.112525,31.032,31.6411,32.032
S06,589,0.0,2.2e-05,31.0462,0.001485,0.112524,31.0462,31.6348,32.0462
S06,590,0.0,2.2e-05,31.0603,0.001485,0.112522,31.0603,31.6127,32.0603
S06,591,0.0,2.2e-05,31.0744,0.001486,0.112521,31.0744,31.6211,32.0744
S06,592,0.0,2.2e-05,31.0883,0.001486,0.112519,31.0883,31.6124,32.0883
S06,593,0.0,2.2e-05,31.1021,0.001487,0.112517,31.1021,31.6099,32.1059
S06,594,0.0,2.2e-05,31.1158,0.001487,0.112516,31.1158,31.6215,32.1158
S06,595,0.0,2.2e-05,31.1295,0.001488,0.112514,31.1295,31.6295,32.1295
S06,596,0.0,2.2e-05,31.143,0.001488,0.112513,31.143,31.643,32.143
S06,597,0.0,2.2e-05,31.1564,0.001489,0.112511,31.1564,31.6564,32.1564
S06,598,0.0,2.2e-05,31.1698,0.001489,0.11251,31.1698,31.6698,32.1698
S06,599,0.0,2.2e-05,31.183,0.00149,0.112508,31.183,31.683,32.183
S06,600,0.0,2.2e-05,31.1962,0.00149,0.112507,31.1962,31.697,32.1962
S06,601,0.0,2.2e-05,31.2092,0.001491,0.112505,31.2092,31.7092,32.2092
S06,602,0.0,2.2e-05,31.2221,0.001491,0.112504,31.2221,31.7221,32.2221
S06,603,0.0,2.2e-05,31.235,0.001492,0.112502,31.235,31.735,32.2502
S06,604,0.0,2.2e-05,31.2477,0.001492,0.112501,31.2477,31.7477,32.2528
S06,605,0.0,2.2e-05,31.2604,0.001493,0.112499,31.2604,31.7604,32.2604
S06,606,0.0,2.2e-05,31.2729,0.001493,0.112498,31.2729,31.7745,32.2729
S06,607,0.0,2.2e-05,31.2853,0.001494,0.112496,31.2853,31.787,32.2853
S06,608,0.0,2.2e-05,31.2977,0.001494,0.112495,31.2977,31.7977,32.2977
S06,609,0.0,2.2e-05,31.3099,0.001494,0.112493,31.3099,31.8099,32.3099
S06,610,0.0,2.2e-05,31.3221,0.001495,0.112492,31.3221,31.8221,32.3221
S06,611,0.0,2.2e-05,31.3341,0.001495,0.11249,31.3341,31.8341,32.3341
S06,612,0.0,2.2e-05,31.346,0.001496,0.112489,31.346,31.846,32.346
S06,613,0.0,2.2e-05,31.3579,0.001496,0.112487,31.3579,31.8579,32.3579
S06,614,0.0,2.2e-05,31.3696,0.001497,0.112486,31.3696,31.8696,32.3696
S06,615,0.0,2.2e-05,31.3812,0.001497,0.112484,31.3812,31.8812,32.3812
S06,616,0.0,2.2e-05,31.3928,0.001497,0.112483,31.3928,31.8992,32.3928
S06,617,0.0,2.2e-05,31.4042,0.001498,0.112481,31.4042,31.9042,32.4042
S06,618,0.0,2.2e-05,31.4155,0.001498,0.11248,31.4155,31.9155,32.4155
S06,619,0.0,2.2e-05,31.4267,0.001499,0.112478,31.4267,31.9267,32.4267
S06,620,0.0,2.2e-05,31.4378,0.001499,0.112477,31.4378,31.9378,32.4378
S06,621,0.0,2.2e-05,31.4489,0.0015,0.112475,31.4489,31.9489,32.4489
S06,622,0.0,2.2e-05,31.4598,0.0015,0.112474,31.4598,31.9598,32.4598
S06,623,0.0,2.2e-05,31.4706,0.0015,0.112472,31.4706,31.9706,32.4706
S06,624,0.0,2.2e-05,31.4813,0.001501,0.112471,31.4813,31.9829,32.4813
S06,625,0.0,2.2e-05,31.4919,0.001501,0.11247,31.4919,31.9919,32.4961
S06,626,0.0,2.2e-05,31.5024,0.001501,0.112468,31.5024,32.0024,32.5024
S06,627,0.0,2.2e-05,31.5127,0.001502,0.112467,31.5127,32.0127,32.5127
S06,628,0.0,2.2e-05,31.523,0.001502,0.112465,31.523,32.023,32.523
S06,629,0.0,2.2e-05,31.5332,0.001503,0.112464,31.5332,32.0332,32.5332
S06,630,0.0,2.2e-05,31.5433,0.001503,0.112462,31.5433,32.0433,32.5433
S06,631,0.0,2.2e-05,31.5532,0.001503,0.112461,31.5532,32.0532,32.5532
S06,632,0.0,2.2e-05,31.5631,0.001504,0.112459,31.5631,32.0631,32.5631
S06,633,0.0,2.2e-05,31.5729,0.001504,0.112458,31.5729,32.0729,32.5731
S06,634,0.0,2.2e-05,31.5825,0.001504,0.112456,31.5825,32.0885,32.5825
S06,635,0.0,2.2e-05,31.592,0.001505,0.112455,31.592,32.092,32.5936
S06,636,0.0,2.2e-05,31.6015,0.001505,0.112454,31.6015,32.1015,32.6015
S06,637,0.0,2.2e-05,31.6108,0.001505,0.112452,31.6108,32.1243,32.6108
S06,638,0.0,2.2e-05,31.62,0.001506,0.112451,31.62,32.1414,32.6206
S06,639,0.0,2.2e-05,31.6291,0.001506,0.112449,31.6291,32.1291,32.6307
S06,640,0.0,2.2e-05,31.6382,0.001506,0.112448,31.6382,32.1382,32.6408
S06,641,0.0,2.2e-05,31.6471,0.001507,0.112446,31.6471,32.1471,32.6516
S06,642,0.0,2.2e-05,31.6558,0.001507,0.112445,31.6558,32.1654,32.6564
S06,643,0.0,2.2e-05,31.6645,0.001507,0.112444,31.6645,32.1756,32.665
S06,644,0.0,2.2e-05,31.6731,0.001508,0.112442,31.6731,32.1825,32.6731
S06,645,0.0,2.2e-05,31.6816,0.001508,0.112441,31.6816,32.1816,32.6816
S06,646,0.0,2.2e-05,31.6899,0.001508,0.112439,31.6899,32.1899,32.6899
S06,647,0.0,2.2e-05,31.6982,0.001509,0.112438,31.6982,32.1982,32.7002
S06,648,0.0,2.2e-05,31.7063,0.001509,0.112437,31.7063,32.2063,32.7063
S06,649,0.0,2.2e-05,31.7144,0.001509,0.112435,31.7144,32.2144,32.7144
S06,650,0.0,2.2e-05,31.7223,0.00151,0.112434,31.7223,32.2223,32.7223
S06,651,0.0,2.2e-05,31.7301,0.00151,0.112432,31.7301,32.2321,32.7301
S06,652,0.0,2.2e-05,31.7378,0.00151,0.112431,31.7378,32.2378,32.7378
S06,653,0.0,2.2e-05,31.7454,0.00151,0.11243,31.7454,32.2454,32.7454
S06,654,0.0,2.2e-05,31.7529,0.001511,0.112428,31.7529,32.2529,32.7792
S06,655,0.0,2.2e-05,31.7603,0.001511,0.112427,31.7603,32.2603,32.7605
S06,656,0.0,2.2e-05,31.7676,0.001511,0.112425,31.7676,32.2676,32.7676
S06,657,0.0,2.2e-05,31.7747,0.001512,0.112424,31.7747,32.2747,32.7807
S06,658,0.0,2.2e-05,31.7818,0.001512,0.112423,31.7818,32.2818,32.7849
S06,659,0.0,2.2e-05,31.7887,0.001512,0.112421,31.7887,32.2901,32.7887
S06,660,0.0,2.2e-05,31.7956,0.001512,0.11242,31.7956,32.2956,32.7956
S06,661,0.0,2.2e-05,31.8023,0.001513,0.112419,31.8023,32.3023,32.8023
S06,662,0.0,2.2e-05,31.8089,0.001513,0.112417,31.8089,32.3089,32.8089
S06,663,0.0,2.2e-05,31.8154,0.001513,0.112416,31.8154,32.3154,32.8154
S06,664,0.0,2.2e-05,31.8218,0.001513,0.112415,31.8218,32.3218,32.8218
S06,665,0.0,2.2e-05,31.8281,0.001513,0.112413,31.8281,32.3338,32.8378
S06,666,0.0,2.2e-05,31.8342,0.001514,0.112412,31.8342,32.3452,32.8342
S06,667,0.0,2.2e-05,31.8403,0.001514,0.112411,31.8403,32.3403,32.8403
S06,668,0.0,2.2e-05,31.8462,0.001514,0.112409,31.8462,32.3462,32.8528
S06,669,0.0,2.2e-05,31.8521,0.001514,0.112408,31.8521,32.3521,32.8561
S06,670,0.0,2.2e-05,31.8578,0.001515,0.112407,31.8578,32.3578,32.8578
S06,671,0.0,2.2e-05,31.8634,0.001515,0.112405,31.8634,32.3634,32.8634
S06,672,0.0,2.2e-05,31.8689,0.001515,0.112404,31.8689,32.3689,32.8689
S06,673,0.0,2.2e-05,31.8743,0.001515,0.112403,31.8743,32.3743,32.8743
S06,674,0.0,2.2e-05,31.8795,0.001515,0.112401,31.8795,32.3795,32.8795
S06,675,0.0,2.2e-05,31.8847,0.001516,0.1124,31.8847,32.3847,32.8847
S06,676,0.0,2.2e-05,31.8898,0.001516,0.112399,31.8898,32.3898,32.8898
S06,677,0.0,2.2e-05,31.8947,0.001516,0.112397,31.8947,32.3947,32.9006
S06,678,0.0,2.2e-05,31.8995,0.001516,0.112396,31.8995,32.3995,32.8995
S06,679,0.0,2.2e-05,31.9042,0.001516,0.112395,31.9042,32.4042,32.9042
S06,680,0.0,2.2e-05,31.9088,0.001517,0.112394,31.9088,32.4098,32.9088
S06,681,0.0,2.2e-05,31.9133,0.001517,0.112392,31.9133,32.4133,32.9133
S06,682,0.0,2.2e-05,31.9177,0.001517,0.112391,31.9177,32.4177,32.9177
S06,683,0.0,2.2e-05,31.922,0.001517,0.11239,31.922,32.4344,32.9398
S06,684,0.0,2.2e-05,31.9261,0.001517,0.112388,31.9261,32.4327,32.9449
S06,685,0.0,2.2e-05,31.9302,0.001517,0.112387,31.9302,32.4302,32.9338
S06,686,0.0,2.2e-05,31.9341,0.001517,0.112386,31.9341,32.4341,32.9341
S06,687,0.0,2.2e-05,31.9379,0.001518,0.112385,31.9379,32.4379,32.9379
S06,688,0.0,2.2e-05,31.9416,0.001518,0.112383,31.9416,32.4469,32.9416
S06,689,0.0,2.2e-05,31.9452,0.001518,0.112382,31.9452,32.4452,32.9452
S06,690,0.0,2.2e-05,31.9487,0.001518,0.112381,31.9487,32.4635,32.9487
S06,691,0.0,2.2e-05,31.952,0.001518,0.11238,31.952,32.452,32.952
S06,692,0.0,2.3e-05,31.9553,0.001518,0.112378,31.9553,32.4553,32.9685
S06,693,0.0,2.3e-05,31.9584,0.001518,0.112377,31.9584,32.4584,32.9747
S06,694,0.0,2.3e-05,31.9614,0.001519,0.112376,31.9614,32.4676,32.9645
S06,695,0.0,2.3e-05,31.9643,0.001519,0.112375,31.9643,32.4643,32.9643
S06,696,0.0,2.3e-05,31.9671,0.001519,0.112373,31.9671,32.4671,32.9671
S06,697,0.0,2.3e-05,31.9698,0.001519,0.112372,31.9698,32.4709,32.9698
S06,698,0.0,2.3e-05,31.9724,0.001519,0.112371,31.9724,32.4803,32.9724
S06,699,0.0,2.3e-05,31.9748,0.001519,0.11237,31.9748,32.4953,32.9748
S06,700,0.0,2.3e-05,31.9772,0.001519,0.112369,31.9772,32.5018,32.9813
S06,701,0.0,2.3e-05,31.9794,0.001519,0.112367,31.9794,32.4909,32.9797
S06,702,0.0,2.3e-05,31.9815,0.001519,0.112366,31.9815,32.4911,32.9815
S06,703,0.0,2.3e-05,31.9835,0.001519,0.112365,31.9835,32.4922,32.9835
S06,704,0.0,2.3e-05,31.9854,0.001519,0.112364,31.9854,32.4885,32.9891
S06,705,0.0,2.3e-05,31.9872,0.00152,0.112363,31.9872,32.4872,32.9872
S06,706,0.0,2.3e-05,31.9888,0.00152,0.112361,31.9888,32.5108,32.9888
S06,707,0.0,2.3e-05,31.9904,0.00152,0.11236,31.9904,32.5089,32.9999
S06,708,0.0,2.3e-05,31.9918,0.00152,0.112359,31.9918,32.5054,33.0045
S06,709,0.0,2.3e-05,31.9931,0.00152,0.112358,31.9931,32.4931,33.013
S06,710,0.0,2.3e-05,31.9943,0.00152,0.112357,31.9943,32.4943,33.0057
S06,711,0.0,2.3e-05,31.9954,0.00152,0.112356,31.9954,32.5063,33.0096
S06,712,0.0,2.3e-05,31.9963,0.00152,0.112354,31.9963,32.5025,32.9969
S06,713,0.0,2.3e-05,31.9972,0.00152,0.112353,31.9972,32.5001,32.9972
S06,714,0.0,2.3e-05,31.9979,0.00152,0.112352,31.9979,32.5067,33.0005
S06,715,0.0,2.3e-05,31.9986,0.00152,0.112351,31.9986,32.5055,32.9993
S06,716,0.0,2.3e-05,31.9991,0.00152,0.11235,31.9991,32.5097,33.0054
S06,717,0.0,2.3e-05,31.9995,0.00152,0.112349,31.9995,32.5176,33.0143
S06,718,0.0,2.3e-05,31.9998,0.00152,0.112348,31.9998,32.5163,33.0423
S06,719,0.0,2.3e-05,31.9999,0.00152,0.112347,31.9999,32.5042,33.0368
S06,720,0.0,2.3e-05,32.0,0.00152,0.112345,32.0,32.5,33.0496
S06,721,0.0,2.3e-05,31.9999,0.00152,0.112344,31.9999,32.4999,33.0359
S06,722,0.0,2.3e-05,31.9998,0.00152,0.112343,31.9998,32.4998,33.0166
S06,723,0.0,2.3e-05,31.9995,0.00152,0.112342,31.9995,32.4995,33.0217
S06,724,0.0,2.3e-05,31.9991,0.00152,0.112341,31.9991,32.5047,33.0209
S06,725,0.0,2.3e-05,31.9986,0.00152,0.11234,31.9986,32.514,32.9986
S06,726,0.0,2.3e-05,31.9979,0.00152,0.112339,31.9979,32.5122,32.9979
S06,727,0.0,2.3e-05,31.9972,0.00152,0.112338,31.9972,32.4972,32.9972
S06,728,0.0,2.3e-05,31.9963,0.00152,0.112337,31.9963,32.4963,33.0018
S06,729,0.0,2.3e-05,31.9954,0.00152,0.112336,31.9954,32.4954,33.0246
S06,730,0.0,2.3e-05,31.9943,0.00152,0.112335,31.9943,32.4943,33.021
S06,731,0.0,2.3e-05,31.9931,0.00152,0.112334,31.9931,32.4931,33.016
S06,732,0.0,2.3e-05,31.9918,0.00152,0.112332,31.9918,32.4918,33.0288
S06,733,0.0,2.3e-05,31.9904,0.00152,0.112331,31.9904,32.4904,33.0126
S06,734,0.0,2.3e-05,31.9888,0.00152,0.11233,31.9888,32.4888,32.9964
S06,735,0.0,2.3e-05,31.9872,0.00152,0.112329,31.9872,32.4872,33.003
S06,736,0.0,2.3e-05,31.9854,0.00152,0.112328,31.9854,32.4905,32.9854
S06,737,0.0,2.3e-05,31.9835,0.00152,0.112327,31.9835,32.4835,32.9901
S06,738,0.0,2.3e-05,31.9815,0.00152,0.112326,31.9815,32.4956,32.9815
S06,739,0.0,2.3e-05,31.9794,0.001519,0.112325,31.9794,32.4917,32.9794
S06,740,0.0,2.3e-05,31.9772,0.001519,0.112324,31.9772,32.5034,32.9884
S06,741,0.0,2.3e-05,31.9748,0.001519,0.112323,31.9748,32.4912,32.9991
S06,742,0.0,2.3e-05,31.9724,0.001519,0.112322,31.9724,32.483,32.9961
S06,743,0.0,2.3e-05,31.9698,0.001519,0.112321,31.9698,32.4877,32.9893
S06,744,0.0,2.3e-05,31.9671,0.001519,0.11232,31.9671,32.4887,32.9904
S06,745,0.0,2.3e-05,31.9643,0.001519,0.112319,31.9643,32.4914,32.9922
S06,746,0.0,2.3e-05,31.9614,0.001519,0.112318,31.9614,32.4993,32.979
S06,747,0.0,2.3e-05,31.9584,0.001519,0.112317,31.9584,32.4955,32.9742
S06,748,0.0,2.3e-05,31.9553,0.001519,0.112316,31.9553,32.5077,32.9748
S06,749,0.0,2.3e-05,31.952,0.001519,0.112315,31.952,32.5177,32.9785
S06,750,0.0,2.3e-05,31.9487,0.001518,0.112314,31.9487,32.5247,32.9803
S06,751,0.0,2.2e-05,31.9452,0.001518,0.112313,31.9452,32.5114,32.9877
S06,752,0.0,2.2e-05,31.9416,0.001518,0.112312,31.9416,32.491,32.9868
S06,753,0.0,2.2e-05,31.9379,0.001518,0.112312,31.9379,32.4795,32.9939
S06,754,0.0,2.2e-05,31.9341,0.001518,0.112311,31.9341,32.4825,32.9964
S06,755,0.0,2.2e-05,31.9302,0.001518,0.11231,31.9302,32.4834,32.9923
S06,756,0.0,2.2e-05,31.9261,0.001518,0.112309,31.9261,32.4944,32.975
S06,757,0.0,2.2e-05,31.922,0.001518,0.112308,31.922,32.4874,32.946
S06,758,0.0,2.2e-05,31.9177,0.001517,0.112307,31.9177,32.4809,32.9445
S06,759,0.0,2.2e-05,31.9133,0.001517,0.112306,31.9133,32.4698,32.9502
S06,760,0.0,2.2e-05,31.9088,0.001517,0.112305,31.9088,32.4708,32.9415
S06,761,0.0,2.2e-05,31.9042,0.001517,0.112304,31.9042,32.4594,32.9369
S06,762,0.0,2.2e-05,31.8995,0.001517,0.112303,31.8995,32.4611,32.9298
S06,763,0.0,2.2e-05,31.8947,0.001517,0.112302,31.8947,32.4435,32.921
S06,764,0.0,2.2e-05,31.8898,0.001516,0.112302,31.8898,32.4452,32.9163
S06,765,0.0,2.2e-05,31.8847,0.001516,0.112301,31.8847,32.4541,32.9179
S06,766,0.0,2.2e-05,31.8795,0.001516,0.1123,31.8795,32.4523,32.9057
S06,767,0.0,2.2e-05,31.8743,0.001516,0.112299,31.8743,32.4443,32.9155
S06,768,0.0,2.2e-05,31.8689,0.001516,0.112298,31.8689,32.4468,32.9048
S06,769,0.0,2.2e-05,31.8634,0.001515,0.112297,31.8634,32.4412,32.8982
S06,770,0.0,2.2e-05,31.8578,0.001515,0.112296,31.8578,32.4285,32.9084
S06,771,0.0,2.2e-05,31.8521,0.001515,0.112296,31.8521,32.4149,32.9015
S06,772,0.0,2.2e-05,31.8462,0.001515,0.112295,31.8462,32.3982,32.8913
S06,773,0.0,2.2e-05,31.8403,0.001515,0.112294,31.8403,32.3789,32.8732
S06,774,0.0,2.2e-05,31.8342,0.001514,0.112293,31.8342,32.3661,32.8634
S06,775,0.0,2.2e-05,31.8281,0.001514,0.112292,31.8281,32.3621,32.8648
S06,776,0.0,2.2e-05,31.8218,0.001514,0.112291,31.8218,32.36,32.8788
S06,777,0.0,2.2e-05,31.8154,0.001514,0.112291,31.8154,32.3402,32.8762
S06,778,0.0,2.2e-05,31.8089,0.001514,0.11229,31.8089,32.3319,32.8816
S06,779,0.0,2.2e-05,31.8023,0.001513,0.112289,31.8023,32.3462,32.8737
S06,780,0.0,2.2e-05,31.7956,0.001513,0.112288,31.7956,32.3558,32.8694
S06,781,0.0,2.2e-05,31.7887,0.001513,0.112287,31.7887,32.3726,32.8771
S06,782,0.0,2.2e-05,31.7818,0.001513,0.112287,31.7818,32.3759,32.8829
S06,783,0.0,2.2e-05,31.7747,0.001512,0.112286,31.7747,32.3722,32.8739
S06,784,0.0,2.2e-05,31.7676,0.001512,0.112285,31.7676,32.3629,32.8843
S06,785,0.0,2.2e-05,31.7603,0.001512,0.112284,31.7603,32.364,32.8946
S06,786,0.0,2.2e-05,31.7529,0.001512,0.112284,31.7529,32.3387,32.898
S06,787,0.0,2.2e-05,31.7454,0.001511,0.112283,31.7454,32.3393,32.8926
S06,788,0.0,2.2e-05,31.7378,0.001511,0.112282,31.7378,32.3473,32.8578
S06,789,0.0,2.2e-05,31.7301,0.001511,0.112281,31.7301,32.3451,32.8582
S06,790,0.0,2.2e-05,31.7223,0.00151,0.112281,31.7223,32.3498,32.8445
S06,791,0.0,2.2e-05,31.7144,0.00151,0.11228,31.7144,32.3279,32.8455
S06,792,0.0,2.2e-05,31.7063,0.00151,0.112279,31.7063,32.3133,32.8437
S06,793,0.0,2.2e-05,31.6982,0.00151,0.112279,31.6982,32.338,32.8396
S06,794,0.0,2.2e-05,31.6899,0.001509,0.112278,31.6899,32.3273,32.8417
S06,795,0.0,2.2e-05,31.6816,0.001509,0.112277,31.6816,32.3271,32.8431
S06,796,0.0,2.2e-05,31.6731,0.001509,0.112276,31.6731,32.3108,32.8369
S06,797,0.0,2.2e-05,31.6645,0.001508,0.112276,31.6645,32.2911,32.8252
S06,798,0.0,2.2e-05,31.6558,0.001508,0.112275,31.6558,32.3066,32.8363
S06,799,0.0,2.2e-05,31.6471,0.001508,0.112274,31.6471,32.297,32.8482
S06,800,0.0,2.2e-05,31.6382,0.001507,0.112274,31.6382,32.2932,32.8376
S06,801,0.0,2.2e-05,31.6291,0.001507,0.112273,31.6291,32.2899,32.8229
S06,802,0.0,2.2e-05,31.62,0.001507,0.112272,31.62,32.3027,32.824
S06,803,0.0,2.2e-05,31.6108,0.001507,0.112272,31.6108,32.2748,32.8286
S06,804,0.0,2.2e-05,31.6015,0.001506,0.112271,31.6015,32.2556,32.8116
S06,805,0.0,2.2e-05,31.592,0.001506,0.11227,31.592,32.2508,32.8152
S06,806,0.0,2.2e-05,31.5825,0.001505,0.11227,31.5825,32.2535,32.8089
S06,807,0.0,2.2e-05,31.5729,0.001505,0.112269,31.5729,32.2362,32.7879
S06,808,0.0,2.2e-05,31.5631,0.001505,0.112269,31.5631,32.2251,32.7761
S06,809,0.0,2.2e-05,31.5532,0.001504,0.112268,31.5532,32.2284,32.7842
S06,810,0.0,2.2e-05,31.5433,0.001504,0.112267,31.5433,32.2089,32.7788
S06,811,0.0,2.2e-05,31.5332,0.001504,0.112267,31.5332,32.2125,32.7954
S06,812,0.0,2.2e-05,31.523,0.001503,0.112266,31.523,32.2249,32.7891
S06,813,0.0,2.2e-05,31.5127,0.001503,0.112266,31.5127,32.2134,32.7645
S06,814,0.0,2.2e-05,31.5024,0.001503,0.112265,31.5024,32.205,32.7652
S06,815,0.0,2.2e-05,31.4919,0.001502,0.112264,31.4919,32.2147,32.7574
S06,816,0.0,2.2e-05,31.4813,0.001502,0.112264,31.4813,32.2111,32.7394
S06,817,0.0,2.2e-05,31.4706,0.001502,0.112263,31.4706,32.2116,32.7572
S06,818,0.0,2.2e-05,31.4598,0.001501,0.112263,31.4598,32.1911,32.7521
S06,819,0.0,2.2e-05,31.4489,0.001501,0.112262,31.4489,32.2008,32.7528
S06,820,0.0,2.2e-05,31.4378,0.0015,0.112262,31.4378,32.1899,32.7486
S06,821,0.0,2.2e-05,31.4267,0.0015,0.112261,31.4267,32.1776,32.76
S06,822,0.0,2.2e-05,31.4155,0.0015,0.112261,31.4155,32.1835,32.755
S06,823,0.0,2.2e-05,31.4042,0.001499,0.11226,31.4042,32.1819,32.7613
S06,824,0.0,2.2e-05,31.3928,0.001499,0.11226,31.3928,32.1744,32.7536
S06,825,0.0,2.2e-05,31.3812,0.001498,0.112259,31.3812,32.1813,32.7543
S06,826,0.0,2.2e-05,31.3696,0.001498,0.112259,31.3696,32.1808,32.7463
S06,827,0.0,2.2e-05,31.3579,0.001498,0.112258,31.3579,32.1896,32.7428
S06,828,0.0,2.2e-05,31.346,0.001497,0.112258,31.346,32.207,32.7236
S06,829,0.0,2.2e-05,31.3341,0.001497,0.112257,31.3341,32.1859,32.7219
S06,830,0.0,2.2e-05,31.3221,0.001496,0.112257,31.3221,32.1913,32.7193
S06,831,0.0,2.2e-05,31.3099,0.001496,0.112256,31.3099,32.1842,32.7126
S06,832,0.0,2.2e-05,31.2977,0.001495,0.112256,31.2977,32.178,32.7227
S06,833,0.0,2.2e-05,31.2853,0.001495,0.112255,31.2853,32.1817,32.7239
S06,834,0.0,2.2e-05,31.2729,0.001495,0.112255,31.2729,32.1677,32.7385
S06,835,0.0,2.2e-05,31.2604,0.001494,0.112254,31.2604,32.1475,32.7356
S06,836,0.0,2.2e-05,31.2477,0.001494,0.112254,31.2477,32.1353,32.7381
S06,837,0.0,2.2e-05,31.235,0.001493,0.112254,31.235,32.1501,32.7402
S06,838,0.0,2.2e-05,31.2221,0.001493,0.112253,31.2221,32.1418,32.7721
S06,839,0.0,2.2e-05,31.2092,0.001492,0.112253,31.2092,32.1435,32.7832
S06,840,0.0,2.2e-05,31.1962,0.001492,0.112252,31.1962,32.1346,32.7815
S06,841,0.0,2.2e-05,31.183,0.001491,0.112252,31.183,32.1172,32.7791
S06,842,0.0,2.2e-05,31.1698,0.001491,0.112251,31.1698,32.1072,32.7639
S06,843,0.0,2.2e-05,31.1564,0.00149,0.112251,31.1564,32.0928,32.7378
S06,844,0.0,2.2e-05,31.143,0.00149,0.112251,31.143,32.0917,32.7211
S06,845,0.0,2.2e-05,31.1295,0.001489,0.11225,31.1295,32.0872,32.7237
S06,846,0.0,2.2e-05,31.1158,0.001489,0.11225,31.1158,32.0889,32.695
S06,847,0.0,2.2e-05,31.1021,0.001488,0.11225,31.1021,32.0944,32.678
S06,848,0.0,2.2e-05,31.0883,0.001488,0.112249,31.0883,32.0882,32.6801
S06,849,0.0,2.2e-05,31.0744,0.001487,0.112249,31.0744,32.0818,32.686
S06,850,0.0,2.2e-05,31.0603,0.001487,0.112249,31.0603,32.0816,32.6808
S06,851,0.0,2.2e-05,31.0462,0.001487,0.112248,31.0462,32.0951,32.6756
S06,852,0.0,2.2e-05,31.032,0.001486,0.112248,31.032,32.0884,32.6735
S06,853,0.0,2.2e-05,31.0177,0.001485,0.112248,31.0177,32.0829,32.661
S06,854,0.0,2.2e-05,31.0033,0.001485,0.112247,31.0033,32.0662,32.6597
S06,855,0.0,2.2e-05,30.9888,0.001484,0.112247,30.9888,32.0679,32.6725
S06,856,0.0,2.2e-05,30.9742,0.001484,0.112247,30.9742,32.0761,32.676
S06,857,0.0,2.2e-05,30.9595,0.001483,0.112246,30.9595,32.0865,32.6697
S06,858,0.0,2.2e-05,30.9448,0.001483,0.112246,30.9448,32.0843,32.6695
S06,859,0.0,2.2e-05,30.9299,0.001482,0.112246,30.9299,32.0857,32.6551
S06,860,0.0,2.2e-05,30.9149,0.001482,0.112245,30.9149,32.0561,32.649
S06,861,0.0,2.2e-05,30.8998,0.001481,0.112245,30.8998,32.0451,32.6247
S06,862,0.0,2.2e-05,30.8847,0.001481,0.112245,30.8847,32.0492,32.6182
S06,863,0.0,2.2e-05,30.8694,0.00148,0.112245,30.8694,32.0384,32.6215
S06,864,0.0,2.2e-05,30.8541,0.00148,0.112244,30.8541,31.9976,32.6084
S06,865,0.0,2.2e-05,30.8387,0.001479,0.112244,30.8387,31.9738,32.5943
S06,866,0.0,2.2e-05,30.8231,0.001479,0.112244,30.8231,31.9674,32.5782
S06,867,0.0,2.2e-05,30.8075,0.001478,0.112244,30.8075,31.9598,32.5932
S06,868,0.0,2.2e-05,30.7918,0.001478,0.112244,30.7918,31.9698,32.5898
S06,869,0.0,2.2e-05,30.776,0.001477,0.112243,30.776,31.9724,32.5784
S06,870,0.0,2.2e-05,30.7601,0.001476,0.112243,30.7601,31.9756,32.5625
S06,871,0.0,2.2e-05,30.7441,0.001476,0.112243,30.7441,31.9544,32.5668
S06,872,0.0,2.2e-05,30.7281,0.001475,0.112243,30.7281,31.9448,32.57
S06,873,0.0,2.2e-05,30.7119,0.001475,0.112242,30.7119,31.9374,32.5686
S06,874,0.0,2.2e-05,30.6956,0.001474,0.112242,30.6956,31.9208,32.5572
S06,875,0.0,2.2e-05,30.6793,0.001474,0.112242,30.6793,31.9047,32.5464
S06,876,0.0,2.2e-05,30.6629,0.001473,0.112242,30.6629,31.886,32.5574
S06,877,0.0,2.2e-05,30.6464,0.001472,0.112242,30.6464,31.8721,32.5474
S06,878,0.0,2.2e-05,30.6297,0.001472,0.112242,30.6297,31.8587,32.528
S06,879,0.0,2.2e-05,30.6131,0.001471,0.112242,30.6131,31.8364,32.5184
S06,880,0.0,2.2e-05,30.5963,0.001471,0.112241,30.5963,31.8189,32.5241
S06,881,0.0,2.2e-05,30.5794,0.00147,0.112241,30.5794,31.8189,32.5091
S06,882,0.0,2.2e-05,30.5624,0.001469,0.112241,30.5624,31.8183,32.5068
S06,883,0.0,2.2e-05,30.5454,0.001469,0.112241,30.5454,31.8212,32.5114
S06,884,0.0,2.2e-05,30.5283,0.001468,0.112241,30.5283,31.7927,32.4968
S06,885,0.0,2.2e-05,30.511,0.001468,0.112241,30.511,31.7842,32.4796
S06,886,0.0,2.2e-05,30.4937,0.001467,0.112241,30.4937,31.7866,32.4933
S06,887,0.0,2.2e-05,30.4763,0.001466,0.112241,30.4763,31.7852,32.4951
S06,888,0.0,2.2e-05,30.4589,0.001466,0.11224,30.4589,31.7906,32.5014
S06,889,0.0,2.2e-05,30.4413,0.001465,0.11224,30.4413,31.8061,32.5073
S06,890,0.0,2.2e-05,30.4237,0.001465,0.11224,30.4237,31.7987,32.5184
S06,891,0.0,2.2e-05,30.4059,0.001464,0.11224,30.4059,31.7997,32.4982
S06,892,0.0,2.2e-05,30.3881,0.001463,0.11224,30.3881,31.8122,32.4975
S06,893,0.0,2.2e-05,30.3702,0.001463,0.11224,30.3702,31.7902,32.5117
S06,894,0.0,2.2e-05,30.3522,0.001462,0.11224,30.3522,31.7816,32.4972
S06,895,0.0,2.2e-05,30.3342,0.001462,0.11224,30.3342,31.7788,32.488
S06,896,0.0,2.2e-05,30.316,0.001461,0.11224,30.316,31.7851,32.4872
S06,897,0.0,2.2e-05,30.2978,0.00146,0.11224,30.2978,31.7977,32.4794
S06,898,0.0,2.2e-05,30.2795,0.00146,0.11224,30.2795,31.7744,32.4841
S06,899,0.0,2.2e-05,30.2611,0.001459,0.11224,30.2611,31.7594,32.4786
S06,900,0.0,2.2e-05,30.2426,0.001458,0.11224,30.2426,31.7638,32.4829
S06,901,0.0,2.2e-05,30.2241,0.001458,0.11224,30.2241,31.7385,32.4777
S06,902,0.0,2.2e-05,30.2055,0.001457,0.11224,30.2055,31.7343,32.4841
S06,903,0.0,2.2e-05,30.1867,0.001456,0.11224,30.1867,31.7221,32.4697
S06,904,0.0,2.2e-05,30.168,0.001456,0.11224,30.168,31.7119,32.4688
S06,905,0.0,2.2e-05,30.1491,0.001455,0.11224,30.1491,31.7009,32.4664
S06,906,0.0,2.2e-05,30.1301,0.001454,0.11224,30.1301,31.6878,32.4671
S06,907,0.0,2.2e-05,30.1111,0.001454,0.11224,30.1111,31.6823,32.4634
S06,908,0.0,2.2e-05,30.092,0.001453,0.11224,30.092,31.6916,32.4491
S06,909,0.0,2.2e-05,30.0728,0.001452,0.11224,30.0728,31.6779,32.4425
S06,910,0.0,2.2e-05,30.0535,0.001452,0.11224,30.0535,31.6637,32.445
S06,911,0.0,2.1e-05,30.0342,0.001451,0.11224,30.0342,31.6522,32.4516
S06,912,0.0,2.1e-05,30.0148,0.00145,0.11224,30.0148,31.6338,32.4564
S06,913,0.0,2.1e-05,29.9953,0.00145,0.112241,29.9953,31.6285,32.4456
S06,914,0.0,2.1e-05,29.9757,0.001449,0.112241,29.9757,31.6287,32.427
S06,915,0.0,2.1e-05,29.9561,0.001448,0.112241,29.9561,31.6079,32.3978
S06,916,0.0,2.1e-05,29.9364,0.001448,0.112241,29.9364,31.5952,32.3823
S06,917,0.0,2.1e-05,29.9166,0.001447,0.112241,29.9166,31.5803,32.3876
S06,918,0.0,2.1e-05,29.8967,0.001446,0.112241,29.8967,31.5645,32.3782
S06,919,0.0,2.1e-05,29.8767,0.001446,0.112241,29.8767,31.5486,32.3756
S06,920,0.0,2.1e-05,29.8567,0.001445,0.112241,29.8567,31.5633,32.3703
S06,921,0.0,2.1e-05,29.8366,0.001444,0.112242,29.8366,31.5583,32.3586
S06,922,0.0,2.1e-05,29.8165,0.001444,0.112242,29.8165,31.5366,32.3339
S06,923,0.0,2.1e-05,29.7962,0.001443,0.112242,29.7962,31.52,32.3261
S06,924,0.0,2.1e-05,29.7759,0.001442,0.112242,29.7759,31.5061,32.3362
S06,925,0.0,2.1e-05,29.7555,0.001441,0.112242,29.7555,31.4863,32.3408
S06,926,0.0,2.1e-05,29.7351,0.001441,0.112242,29.7351,31.4774,32.3445
S06,927,0.0,2.1e-05,29.7146,0.00144,0.112242,29.7146,31.47,32.3407
S06,928,0.0,2.1e-05,29.694,0.001439,0.112243,29.694,31.4514,32.3364
S06,929,0.0,2.1e-05,29.6733,0.001439,0.112243,29.6733,31.4291,32.3382
S06,930,0.0,2.1e-05,29.6526,0.001438,0.112243,29.6526,31.4079,32.3305
S06,931,0.0,2.1e-05,29.6318,0.001437,0.112243,29.6318,31.3888,32.3137
S06,932,0.0,2.1e-05,29.6109,0.001437,0.112244,29.6109,31.37,32.3295
S06,933,0.0,2.1e-05,29.5899,0.001436,0.112244,29.5899,31.3485,32.3236
S06,934,0.0,2.1e-05,29.5689,0.001435,0.112244,29.5689,31.3469,32.3065
S06,935,0.0,2.1e-05,29.5479,0.001434,0.112244,29.5479,31.327,32.3026
S06,936,0.0,2.1e-05,29.5267,0.001434,0.112244,29.5267,31.3227,32.2933
S06,937,0.0,2.1e-05,29.5055,0.001433,0.112245,29.5055,31.3013,32.2654
S06,938,0.0,2.1e-05,29.4842,0.001432,0.112245,29.4842,31.2856,32.25
S06,939,0.0,2.1e-05,29.4629,0.001431,0.112245,29.4629,31.2745,32.2405
S06,940,0.0,2.1e-05,29.4415,0.001431,0.112245,29.4415,31.2492,32.2404
S06,941,0.0,2.1e-05,29.42,0.00143,0.112246,29.42,31.2473,32.2278
S06,942,0.0,2.1e-05,29.3984,0.001429,0.112246,29.3984,31.2402,32.2141
S06,943,0.0,2.1e-05,29.3768,0.001429,0.112246,29.3768,31.238,32.1951
S06,944,0.0,2.1e-05,29.3552,0.001428,0.112247,29.3552,31.219,32.1943
S06,945,0.0,2.1e-05,29.3334,0.001427,0.112247,29.3334,31.1944,32.1899
S06,946,0.0,2.1e-05,29.3116,0.001426,0.112247,29.3116,31.1793,32.1766
S06,947,0.0,2.1e-05,29.2898,0.001426,0.112248,29.2898,31.1566,32.1697
S06,948,0.0,2.1e-05,29.2678,0.001425,0.112248,29.2678,31.1474,32.1559
S06,949,0.0,2.1e-05,29.2458,0.001424,0.112248,29.2458,31.1385,32.1439
S06,950,0.0,2.1e-05,29.2238,0.001423,0.112249,29.2238,31.1267,32.1451
S06,951,0.0,2.1e-05,29.2017,0.001423,0.112249,29.2017,31.1128,32.156
S06,952,0.0,2.1e-05,29.1795,0.001422,0.112249,29.1795,31.0873,32.1513
S06,953,0.0,2.1e-05,29.1573,0.001421,0.11225,29.1573,31.0804,32.1346
S06,954,0.0,2.1e-05,29.135,0.00142,0.11225,29.135,31.0867,32.1419
S06,955,0.0,2.1e-05,29.1126,0.00142,0.11225,29.1126,31.0811,32.1307
S06,956,0.0,2.1e-05,29.0902,0.001419,0.112251,29.0902,31.0629,32.1299
S06,957,0.0,2.1e-05,29.0678,0.001418,0.112251,29.0678,31.0494,32.1236
S06,958,0.0,2.1e-05,29.0452,0.001417,0.112251,29.0452,31.0424,32.111
S06,959,0.0,2.1e-05,29.0226,0.001416,0.112252,29.0226,31.0323,32.0965
S06,960,0.0,2.1e-05,29.0,0.001416,0.112252,29.0,31.0083,32.0852
S06,961,0.0,2.1e-05,28.9773,0.001415,0.112253,28.9773,30.9925,32.0918
S06,962,0.0,2.1e-05,28.9545,0.001414,0.112253,28.9545,30.9782,32.0901
S06,963,0.0,2.1e-05,28.9317,0.001413,0.112254,28.9317,30.9573,32.0837
S06,964,0.0,2.1e-05,28.9089,0.001413,0.112254,28.9089,30.9418,32.0716
S06,965,0.0,2.1e-05,28.8859,0.001412,0.112254,28.8859,30.9263,32.0659
S06,966,0.0,2.1e-05,28.863,0.001411,0.112255,28.863,30.9123,32.0607
S06,967,0.0,2.1e-05,28.8399,0.00141,0.112255,28.8399,30.8918,32.0379
S06,968,0.0,2.1e-05,28.8168,0.00141,0.112256,28.8168,30.8886,32.0382
S06,969,0.0,2.1e-05,28.7937,0.001409,0.112256,28.7937,30.8689,32.0191
S06,970,0.0,2.1e-05,28.7705,0.001408,0.112257,28.7705,30.843,32.0113
S06,971,0.0,2.1e-05,28.7472,0.001407,0.112257,28.7472,30.8274,32.0093
S06,972,0.0,2.1e-05,28.7239,0.001406,0.112258,28.7239,30.8393,32.0197
S06,973,0.0,2.1e-05,28.7006,0.001406,0.112258,28.7006,30.8198,32.0108
S06,974,0.0,2.1e-05,28.6772,0.001405,0.112259,28.6772,30.8212,32.0212
S06,975,0.0,2.1e-05,28.6537,0.001404,0.112259,28.6537,30.8095,32.0159
S06,976,0.0,2.1e-05,28.6302,0.001403,0.11226,28.6302,30.7926,32.027
S06,977,0.0,2.1e-05,28.6067,0.001402,0.11226,28.6067,30.7886,32.0203
S06,978,0.0,2.1e-05,28.5831,0.001402,0.112261,28.5831,30.7737,32.0229
S06,979,0.0,2.1e-05,28.5594,0.001401,0.112261,28.5594,30.7628,32.0099
S06,980,0.0,2.1e-05,28.5357,0.0014,0.112262,28.5357,30.7505,31.999
S06,981,0.0,2.1e-05,28.512,0.001399,0.112262,28.512,30.733,31.9826
S06,982,0.0,2.1e-05,28.4882,0.001398,0.112263,28.4882,30.71,31.9739
S06,983,0.0,2.1e-05,28.4643,0.001398,0.112263,28.4643,30.7024,31.9816
S06,984,0.0,2.1e-05,28.4404,0.001397,0.112264,28.4404,30.6804,31.974
S06,985,0.0,2.1e-05,28.4165,0.001396,0.112264,28.4165,30.6565,31.9611
S06,986,0.0,2.1e-05,28.3925,0.001395,0.112265,28.3925,30.6293,31.9608
S06,987,0.0,2.1e-05,28.3685,0.001394,0.112266,28.3685,30.6246,31.9248
S06,988,0.0,2.1e-05,28.3444,0.001394,0.112266,28.3444,30.6145,31.9098
S06,989,0.0,2.1e-05,28.3203,0.001393,0.112267,28.3203,30.5988,31.9066
S06,990,0.0,2.1e-05,28.2961,0.001392,0.112267,28.2961,30.5825,31.9019
S06,991,0.0,2.1e-05,28.2719,0.001391,0.112268,28.2719,30.5551,31.8942
S06,992,0.0,2.1e-05,28.2476,0.00139,0.112269,28.2476,30.5361,31.8787
S06,993,0.0,2.1e-05,28.2233,0.00139,0.112269,28.2233,30.5094,31.8626
S06,994,0.0,2.1e-05,28.199,0.001389,0.11227,28.199,30.4789,31.863
S06,995,0.0,2.1e-05,28.1746,0.001388,0.11227,28.1746,30.4661,31.8497
S06,996,0.0,2.1e-05,28.1502,0.001387,0.112271,28.1502,30.4505,31.8487
S06,997,0.0,2.1e-05,28.1257,0.001386,0.112272,28.1257,30.431,31.827
S06,998,0.0,2.1e-05,28.1012,0.001386,0.112272,28.1012,30.4261,31.8179
S06,999,0.0,2.1e-05,28.0767,0.001385,0.112273,28.0767,30.3991,31.8157
S06,1000,0.0,2e-05,28.0521,0.001384,0.112274,28.0521,30.3711,31.8059
S06,1001,0.0,2e-05,28.0275,0.001383,0.112274,28.0275,30.3506,31.8013
S06,1002,0.0,2e-05,28.0028,0.001382,0.112275,28.0028,30.3322,31.795
S06,1003,0.0,2e-05,27.9781,0.001381,0.112276,27.9781,30.3028,31.7989
S06,1004,0.0,2e-05,27.9534,0.001381,0.112276,27.9534,30.2851,31.7954
S06,1005,0.0,2e-05,27.9286,0.00138,0.112277,27.9286,30.2738,31.807
S06,1006,0.0,2e-05,27.9038,0.001379,0.112278,27.9038,30.276,31.8066
S06,1007,0.0,2e-05,27.879,0.001378,0.112279,27.879,30.2693,31.7934
S06,1008,0.0,2e-05,27.8541,0.001377,0.112279,27.8541,30.2348,31.7999
S06,1009,0.0,2e-05,27.8292,0.001377,0.11228,27.8292,30.2058,31.7911
S06,1010,0.0,2e-05,27.8042,0.001376,0.112281,27.8042,30.1811,31.7758
S06,1011,0.0,2e-05,27.7792,0.001375,0.112281,27.7792,30.1634,31.7639
S06,1012,0.0,2e-05,27.7542,0.001374,0.112282,27.7542,30.1609,31.7734
S06,1013,0.0,2e-05,27.7292,0.001373,0.112283,27.7292,30.1336,31.7736
S06,1014,0.0,2e-05,27.7041,0.001372,0.112284,27.7041,30.1182,31.7557
S06,1015,0.0,2e-05,27.679,0.001372,0.112284,27.679,30.0951,31.7464
S06,1016,0.0,2e-05,27.6538,0.001371,0.112285,27.6538,30.0763,31.7369
S06,1017,0.0,2e-05,27.6286,0.00137,0.112286,27.6286,30.0692,31.7289
S06,1018,0.0,2e-05,27.6034,0.001369,0.112287,27.6034,30.0661,31.7258
S06,1019,0.0,2e-05,27.5782,0.001368,0.112287,27.5782,30.0646,31.7078
S06,1020,0.0,2e-05,27.5529,0.001367,0.112288,27.5529,30.0479,31.7106
S06,1021,0.0,2e-05,27.5276,0.001367,0.112289,27.5276,30.0213,31.7287
S06,1022,0.0,2e-05,27.5023,0.001366,0.11229,27.5023,30.0136,31.7101
S06,1023,0.0,2e-05,27.4769,0.001365,0.112291,27.4769,30.0043,31.7071
S06,1024,0.0,2e-05,27.4515,0.001364,0.112291,27.4515,29.9892,31.6979
S06,1025,0.0,2e-05,27.4261,0.001363,0.112292,27.4261,29.9776,31.6937
S06,1026,0.0,2e-05,27.4007,0.001363,0.112293,27.4007,29.9627,31.6702
S06,1027,0.0,2e-05,27.3752,0.001362,0.112294,27.3752,29.9324,31.6641
S06,1028,0.0,2e-05,27.3497,0.001361,0.112295,27.3497,29.9165,31.6578
S06,1029,0.0,2e-05,27.3242,0.00136,0.112296,27.3242,29.9001,31.6617
S06,1030,0.0,2e-05,27.2986,0.001359,0.112296,27.2986,29.8775,31.6575
S06,1031,0.0,2e-05,27.2731,0.001358,0.112297,27.2731,29.8657,31.6577
S06,1032,0.0,2e-05,27.2475,0.001358,0.112298,27.2475,29.8529,31.6352
S06,1033,0.0,2e-05,27.2219,0.001357,0.112299,27.2219,29.841,31.6355
S06,1034,0.0,2e-05,27.1962,0.001356,0.1123,27.1962,29.8023,31.6215
S06,1035,0.0,2e-05,27.1705,0.001355,0.112301,27.1705,29.7934,31.6198
S06,1036,0.0,2e-05,27.1449,0.001354,0.112302,27.1449,29.7785,31.5981
S06,1037,0.0,2e-05,27.1191,0.001353,0.112302,27.1191,29.7708,31.5953
S06,1038,0.0,2e-05,27.0934,0.001353,0.112303,27.0934,29.7357,31.594
S06,1039,0.0,2e-05,27.0677,0.001352,0.112304,27.0677,29.7204,31.5938
S06,1040,0.0,2e-05,27.0419,0.001351,0.112305,27.0419,29.7177,31.5748
S06,1041,0.0,2e-05,27.0161,0.00135,0.112306,27.0161,29.6918,31.5576
S06,1042,0.0,2e-05,26.9903,0.001349,0.112307,26.9903,29.6726,31.5466
S06,1043,0.0,2e-05,26.9645,0.001348,0.112308,26.9645,29.6574,31.5312
S06,1044,0.0,2e-05,26.9386,0.001347,0.112309,26.9386,29.6551,31.5279
S06,1045,0.0,2e-05,26.9127,0.001347,0.11231,26.9127,29.6432,31.5263
S06,1046,0.0,2e-05,26.8869,0.001346,0.112311,26.8869,29.6248,31.5065
S06,1047,0.0,2e-05,26.861,0.001345,0.112312,26.861,29.6161,31.4813
S06,1048,0.0,2e-05,26.835,0.001344,0.112312,26.835,29.6236,31.4819
S06,1049,0.0,2e-05,26.8091,0.001343,0.112313,26.8091,29.6161,31.47
S06,1050,0.0,2e-05,26.7832,0.001342,0.112314,26.7832,29.6126,31.4521
S06,1051,0.0,2e-05,26.7572,0.001342,0.112315,26.7572,29.5898,31.4522
S06,1052,0.0,2e-05,26.7312,0.001341,0.112316,26.7312,29.5875,31.4537
S06,1053,0.0,2e-05,26.7052,0.00134,0.112317,26.7052,29.5624,31.4498
S06,1054,0.0,2e-05,26.6792,0.001339,0.112318,26.6792,29.5472,31.4447
S06,1055,0.0,2e-05,26.6532,0.001338,0.112319,26.6532,29.5204,31.429
S06,1056,0.0,2e-05,26.6272,0.001337,0.11232,26.6272,29.5042,31.4128
S06,1057,0.0,2e-05,26.6011,0.001337,0.112321,26.6011,29.4941,31.3893
S06,1058,0.0,2e-05,26.5751,0.001336,0.112322,26.5751,29.4601,31.3683
S06,1059,0.0,2e-05,26.549,0.001335,0.112323,26.549,29.4393,31.3693
S06,1060,0.0,2e-05,26.5229,0.001334,0.112324,26.5229,29.4287,31.3583
S06,1061,0.0,2e-05,26.4968,0.001333,0.112325,26.4968,29.4187,31.3512
S06,1062,0.0,2e-05,26.4708,0.001332,0.112326,26.4708,29.3912,31.3524
S06,1063,0.0,2e-05,26.4447,0.001332,0.112327,26.4447,29.3858,31.3461
S06,1064,0.0,2e-05,26.4185,0.001331,0.112328,26.4185,29.3551,31.347
S06,1065,0.0,2e-05,26.3924,0.00133,0.112329,26.3924,29.3432,31.3427
S06,1066,0.0,2e-05,26.3663,0.001329,0.11233,26.3663,29.3178,31.3266
S06,1067,0.0,2e-05,26.3402,0.001328,0.112331,26.3402,29.3154,31.3148
S06,1068,0.0,2e-05,26.314,0.001327,0.112332,26.314,29.3104,31.2971
S06,1069,0.0,2e-05,26.2879,0.001327,0.112334,26.2879,29.2971,31.2788
S06,1070,0.0,2e-05,26.2617,0.001326,0.112335,26.2617,29.2853,31.274
S06,1071,0.0,2e-05,26.2356,0.001325,0.112336,26.2356,29.2865,31.2892
S06,1072,0.0,2e-05,26.2094,0.001324,0.112337,26.2094,29.2606,31.2908
S06,1073,0.0,2e-05,26.1832,0.001323,0.112338,26.1832,29.2457,31.2754
S06,1074,0.0,2e-05,26.1571,0.001322,0.112339,26.1571,29.2376,31.2755
S06,1075,0.0,2e-05,26.1309,0.001322,0.11234,26.1309,29.2238,31.2856
S06,1076,0.0,2e-05,26.1047,0.001321,0.112341,26.1047,29.2027,31.2619
S06,1077,0.0,2e-05,26.0785,0.00132,0.112342,26.0785,29.1795,31.2413
S06,1078,0.0,2e-05,26.0524,0.001319,0.112343,26.0524,29.1762,31.2202
S06,1079,0.0,2e-05,26.0262,0.001318,0.112344,26.0262,29.1544,31.1951
S06,1080,0.0,2e-05,26.0,0.001317,0.112345,26.0,29.1369,31.1846
S06,1081,0.0,2e-05,25.9738,0.001317,0.112347,25.9738,29.1153,31.1678
S06,1082,0.0,1.9e-05,25.9476,0.001316,0.112348,25.9476,29.0937,31.1756
S06,1083,0.0,1.9e-05,25.9215,0.001315,0.112349,25.9215,29.0788,31.1597
S06,1084,0.0,1.9e-05,25.8953,0.001314,0.11235,25.8953,29.0688,31.1513
S06,1085,0.0,1.9e-05,25.8691,0.001313,0.112351,25.8691,29.0428,31.1494
S06,1086,0.0,1.9e-05,25.8429,0.001313,0.112352,25.8429,29.031,31.1281
S06,1087,0.0,1.9e-05,25.8168,0.001312,0.112353,25.8168,29.0239,31.1307
S06,1088,0.0,1.9e-05,25.7906,0.001311,0.112354,25.7906,29.0001,31.1039
S06,1089,0.0,1.9e-05,25.7644,0.00131,0.112356,25.7644,28.9769,31.0889
S06,1090,0.0,1.9e-05,25.7383,0.001309,0.112357,25.7383,28.9606,31.08
S06,1091,0.0,1.9e-05,25.7121,0.001308,0.112358,25.7121,28.9472,31.0621
S06,1092,0.0,1.9e-05,25.686,0.001308,0.112359,25.686,28.9421,31.0459
S06,1093,0.0,1.9e-05,25.6598,0.001307,0.11236,25.6598,28.9244,31.0434
S06,1094,0.0,1.9e-05,25.6337,0.001306,0.112361,25.6337,28.8979,31.0473
S06,1095,0.0,1.9e-05,25.6076,0.001305,0.112363,25.6076,28.8792,31.0387
S06,1096,0.0,1.9e-05,25.5815,0.001304,0.112364,25.5815,28.8566,31.0318
S06,1097,0.0,1.9e-05,25.5553,0.001303,0.112365,25.5553,28.8394,31.0165
S06,1098,0.0,1.9e-05,25.5292,0.001303,0.112366,25.5292,28.8341,30.9904
S06,1099,0.0,1.9e-05,25.5032,0.001302,0.112367,25.5032,28.8315,30.9971
S06,1100,0.0,1.9e-05,25.4771,0.001301,0.112369,25.4771,28.8243,30.9875
S06,1101,0.0,1.9e-05,25.451,0.0013,0.11237,25.451,28.8287,30.9608
S06,1102,0.0,1.9e-05,25.4249,0.001299,0.112371,25.4249,28.7912,30.9599
S06,1103,0.0,1.9e-05,25.3989,0.001299,0.112372,25.3989,28.7828,30.9509
S06,1104,0.0,1.9e-05,25.3728,0.001298,0.112373,25.3728,28.7476,30.9446
S06,1105,0.0,1.9e-05,25.3468,0.001297,0.112375,25.3468,28.7422,30.956
S06,1106,0.0,1.9e-05,25.3208,0.001296,0.112376,25.3208,28.7297,30.9635
S06,1107,0.0,1.9e-05,25.2948,0.001295,0.112377,25.2948,28.7019,30.9388
S06,1108,0.0,1.9e-05,25.2688,0.001295,0.112378,25.2688,28.674,30.938
S06,1109,0.0,1.9e-05,25.2428,0.001294,0.11238,25.2428,28.665,30.9358
S06,1110,0.0,1.9e-05,25.2168,0.001293,0.112381,25.2168,28.6499,30.9354
S06,1111,0.0,1.9e-05,25.1909,0.001292,0.112382,25.1909,28.626,30.9284
S06,1112,0.0,1.9e-05,25.165,0.001291,0.112383,25.165,28.6183,30.9248
S06,1113,0.0,1.9e-05,25.139,0.00129,0.112385,25.139,28.5932,30.9042
S06,1114,0.0,1.9e-05,25.1131,0.00129,0.112386,25.1131,28.5907,30.8933
S06,1115,0.0,1.9e-05,25.0873,0.001289,0.112387,25.0873,28.5691,30.8948
S06,1116,0.0,1.9e-05,25.0614,0.001288,0.112388,25.0614,28.5468,30.8977
S06,1117,0.0,1.9e-05,25.0355,0.001287,0.11239,25.0355,28.521,30.8977
S06,1118,0.0,1.9e-05,25.0097,0.001286,0.112391,25.0097,28.4847,30.8837
S06,1119,0.0,1.9e-05,24.9839,0.001286,0.112392,24.9839,28.456,30.8652
S06,1120,0.0,1.9e-05,24.9581,0.001285,0.112394,24.9581,28.4291,30.8693
S06,1121,0.0,1.9e-05,24.9323,0.001284,0.112395,24.9323,28.4025,30.849
S06,1122,0.0,1.9e-05,24.9066,0.001283,0.112396,24.9066,28.3871,30.8521
S06,1123,0.0,1.9e-05,24.8809,0.001283,0.112397,24.8809,28.3764,30.8359
S06,1124,0.0,1.9e-05,24.8551,0.001282,0.112399,24.8551,28.3596,30.829
S06,1125,0.0,1.9e-05,24.8295,0.001281,0.1124,24.8295,28.3343,30.8363
S06,1126,0.0,1.9e-05,24.8038,0.00128,0.112401,24.8038,28.3125,30.8273
S06,1127,0.0,1.9e-05,24.7781,0.001279,0.112403,24.7781,28.295,30.8128
S06,1128,0.0,1.9e-05,24.7525,0.001279,0.112404,24.7525,28.2933,30.7956
S06,1129,0.0,1.9e-05,24.7269,0.001278,0.112405,24.7269,28.2744,30.7798
S06,1130,0.0,1.9e-05,24.7014,0.001277,0.112407,24.7014,28.2473,30.7744
S06,1131,0.0,1.9e-05,24.6758,0.001276,0.112408,24.6758,28.2361,30.772
S06,1132,0.0,1.9e-05,24.6503,0.001275,0.112409,24.6503,28.2157,30.7649
S06,1133,0.0,1.9e-05,24.6248,0.001275,0.112411,24.6248,28.2199,30.7644
S06,1134,0.0,1.9e-05,24.5993,0.001274,0.112412,24.5993,28.2096,30.7466
S06,1135,0.0,1.9e-05,24.5739,0.001273,0.112413,24.5739,28.192,30.7623
S06,1136,0.0,1.9e-05,24.5485,0.001272,0.112415,24.5485,28.181,30.7498
S06,1137,0.0,1.9e-05,24.5231,0.001272,0.112416,24.5231,28.1739,30.7373
S06,1138,0.0,1.9e-05,24.4977,0.001271,0.112417,24.4977,28.143,30.7373
S06,1139,0.0,1.9e-05,24.4724,0.00127,0.112419,24.4724,28.1078,30.7222
S06,1140,0.0,1.9e-05,24.4471,0.001269,0.11242,24.4471,28.0781,30.7107
S06,1141,0.0,1.9e-05,24.4218,0.001268,0.112421,24.4218,28.0544,30.7103
S06,1142,0.0,1.9e-05,24.3966,0.001268,0.112423,24.3966,28.0301,30.6961
S06,1143,0.0,1.9e-05,24.3714,0.001267,0.112424,24.3714,27.997,30.6954
S06,1144,0.0,1.9e-05,24.3462,0.001266,0.112425,24.3462,27.9713,30.6825
S06,1145,0.0,1.9e-05,24.321,0.001265,0.112427,24.321,27.9426,30.673
S06,1146,0.0,1.9e-05,24.2959,0.001265,0.112428,24.2959,27.9127,30.6759
S06,1147,0.0,1.9e-05,24.2708,0.001264,0.11243,24.2708,27.8969,30.667
S06,1148,0.0,1.9e-05,24.2458,0.001263,0.112431,24.2458,27.8801,30.6552
S06,1149,0.0,1.9e-05,24.2208,0.001262,0.112432,24.2208,27.8701,30.6296
S06,1150,0.0,1.9e-05,24.1958,0.001262,0.112434,24.1958,27.8353,30.6034
S06,1151,0.0,1.9e-05,24.1708,0.001261,0.112435,24.1708,27.7993,30.6002
S06,1152,0.0,1.9e-05,24.1459,0.00126,0.112437,24.1459,27.7713,30.5868
S06,1153,0.0,1.9e-05,24.121,0.001259,0.112438,24.121,27.7505,30.5892
S06,1154,0.0,1.9e-05,24.0962,0.001259,0.112439,24.0962,27.7286,30.5744
S06,1155,0.0,1.9e-05,24.0714,0.001258,0.112441,24.0714,27.7119,30.5626
S06,1156,0.0,1.9e-05,24.0466,0.001257,0.112442,24.0466,27.6989,30.557
S06,1157,0.0,1.9e-05,24.0219,0.001256,0.112444,24.0219,27.6653,30.5463
S06,1158,0.0,1.9e-05,23.9972,0.001256,0.112445,23.9972,27.653,30.5317
S06,1159,0.0,1.9e-05,23.9725,0.001255,0.112446,23.9725,27.6301,30.5194
S06,1160,0.0,1.9e-05,23.9479,0.001254,0.112448,23.9479,27.608,30.5133
S06,1161,0.0,1.9e-05,23.9233,0.001253,0.112449,23.9233,27.5997,30.5369
S06,1162,0.0,1.9e-05,23.8988,0.001253,0.112451,23.8988,27.5731,30.5369
S06,1163,0.0,1.9e-05,23.8743,0.001252,0.112452,23.8743,27.5474,30.5063
S06,1164,0.0,1.9e-05,23.8498,0.001251,0.112454,23.8498,27.515,30.4773
S06,1165,0.0,1.9e-05,23.8254,0.00125,0.112455,23.8254,27.5077,30.4688
S06,1166,0.0,1.9e-05,23.801,0.00125,0.112456,23.801,27.4846,30.4211
S06,1167,0.0,1.8e-05,23.7767,0.001249,0.112458,23.7767,27.4556,30.4076
S06,1168,0.0,1.8e-05,23.7524,0.001248,0.112459,23.7524,27.4306,30.4007
S06,1169,0.0,1.8e-05,23.7281,0.001247,0.112461,23.7281,27.405,30.3968
S06,1170,0.0,1.8e-05,23.7039,0.001247,0.112462,23.7039,27.3831,30.3894
S06,1171,0.0,1.8e-05,23.6797,0.001246,0.112464,23.6797,27.3708,30.382
S06,1172,0.0,1.8e-05,23.6556,0.001245,0.112465,23.6556,27.3341,30.3603
S06,1173,0.0,1.8e-05,23.6315,0.001245,0.112467,23.6315,27.304,30.3655
S06,1174,0.0,1.8e-05,23.6075,0.001244,0.112468,23.6075,27.2855,30.3471
S06,1175,0.0,1.8e-05,23.5835,0.001243,0.11247,23.5835,27.2659,30.3311
S06,1176,0.0,1.8e-05,23.5596,0.001242,0.112471,23.5596,27.2523,30.3181
S06,1177,0.0,1.8e-05,23.5357,0.001242,0.112472,23.5357,27.2604,30.2997
S06,1178,0.0,1.8e-05,23.5118,0.001241,0.112474,23.5118,27.2464,30.2951
S06,1179,0.0,1.8e-05,23.488,0.00124,0.112475,23.488,27.2386,30.2832
S06,1180,0.0,1.8e-05,23.4643,0.00124,0.112477,23.4643,27.215,30.2689
S06,1181,0.0,1.8e-05,23.4406,0.001239,0.112478,23.4406,27.196,30.2599
S06,1182,0.0,1.8e-05,23.4169,0.001238,0.11248,23.4169,27.1784,30.2659
S06,1183,0.0,1.8e-05,23.3933,0.001237,0.112481,23.3933,27.1438,30.2341
S06,1184,0.0,1.8e-05,23.3698,0.001237,0.112483,23.3698,27.1201,30.2346
S06,1185,0.0,1.8e-05,23.3463,0.001236,0.112484,23.3463,27.108,30.224
S06,1186,0.0,1.8e-05,23.3228,0.001235,0.112486,23.3228,27.0713,30.2265
S06,1187,0.0,1.8e-05,23.2994,0.001235,0.112487,23.2994,27.0662,30.2109
S06,1188,0.0,1.8e-05,23.2761,0.001234,0.112489,23.2761,27.0498,30.2018
S06,1189,0.0,1.8e-05,23.2528,0.001233,0.11249,23.2528,27.0424,30.1812
S06,1190,0.0,1.8e-05,23.2295,0.001233,0.112492,23.2295,27.0366,30.1684
S06,1191,0.0,1.8e-05,23.2063,0.001232,0.112493,23.2063,26.9964,30.1459
S06,1192,0.0,1.8e-05,23.1832,0.001231,0.112495,23.1832,26.9808,30.1238
S06,1193,0.0,1.8e-05,23.1601,0.00123,0.112496,23.1601,26.9616,30.13
S06,1194,0.0,1.8e-05,23.137,0.00123,0.112498,23.137,26.9394,30.1234
S06,1195,0.0,1.8e-05,23.1141,0.001229,0.112499,23.1141,26.9239,30.1103
S06,1196,0.0,1.8e-05,23.0911,0.001228,0.112501,23.0911,26.9022,30.098
S06,1197,0.0,1.8e-05,23.0683,0.001228,0.112502,23.0683,26.8716,30.0932
S06,1198,0.0,1.8e-05,23.0455,0.001227,0.112504,23.0455,26.866,30.0689
S06,1199,0.0,1.8e-05,23.0227,0.001226,0.112505,23.0227,26.831,30.0535
S06,1200,0.0,1.8e-05,23.0,0.001226,0.112507,23.0,26.8017,30.0458
S06,1201,0.0,1.8e-05,22.9774,0.001225,0.112508,22.9774,26.7538,30.0308
S06,1202,0.0,1.8e-05,22.9548,0.001224,0.11251,22.9548,26.7178,29.9969
S06,1203,0.0,1.8e-05,22.9322,0.001224,0.112511,22.9322,26.6892,30.0051
S06,1204,0.0,1.8e-05,22.9098,0.001223,0.112513,22.9098,26.6693,29.976
S06,1205,0.0,1.8e-05,22.8874,0.001222,0.112514,22.8874,26.6611,29.9749
S06,1206,0.0,1.8e-05,22.865,0.001222,0.112516,22.865,26.6435,29.9597
S06,1207,0.0,1.8e-05,22.8427,0.001221,0.112517,22.8427,26.6369,29.9452
S06,1208,0.0,1.8e-05,22.8205,0.00122,0.112519,22.8205,26.6098,29.9384
S06,1209,0.0,1.8e-05,22.7983,0.00122,0.112521,22.7983,26.5868,29.9284
S06,1210,0.0,1.8e-05,22.7762,0.001219,0.112522,22.7762,26.5699,29.9378
S06,1211,0.0,1.8e-05,22.7542,0.001218,0.112524,22.7542,26.5587,29.9227
S06,1212,0.0,1.8e-05,22.7322,0.001218,0.112525,22.7322,26.5309,29.894
S06,1213,0.0,1.8e-05,22.7102,0.001217,0.112527,22.7102,26.5069,29.8648
S06,1214,0.0,1.8e-05,22.6884,0.001217,0.112528,22.6884,26.4837,29.8534
S06,1215,0.0,1.8e-05,22.6666,0.001216,0.11253,22.6666,26.4693,29.8389
S06,1216,0.0,1.8e-05,22.6448,0.001215,0.112531,22.6448,26.4438,29.8162
S06,1217,0.0,1.8e-05,22.6232,0.001215,0.112533,22.6232,26.4336,29.7979
S06,1218,0.0,1.8e-05,22.6016,0.001214,0.112534,22.6016,26.4047,29.8084
S06,1219,0.0,1.8e-05,22.58,0.001213,0.112536,22.58,26.3814,29.7971
S06,1220,0.0,1.8e-05,22.5585,0.001213,0.112537,22.5585,26.3591,29.7743
S06,1221,0.0,1.8e-05,22.5371,0.001212,0.112539,22.5371,26.329,29.772
S06,1222,0.0,1.8e-05,22.5158,0.001211,0.112541,22.5158,26.3178,29.7629
S06,1223,0.0,1.8e-05,22.4945,0.001211,0.112542,22.4945,26.2774,29.7482
S06,1224,0.0,1.8e-05,22.4733,0.00121,0.112544,22.4733,26.2376,29.7259
S06,1225,0.0,1.8e-05,22.4521,0.00121,0.112545,22.4521,26.2196,29.7111
S06,1226,0.0,1.8e-05,22.4311,0.001209,0.112547,22.4311,26.2019,29.706
S06,1227,0.0,1.8e-05,22.4101,0.001208,0.112548,22.4101,26.1511,29.6804
S06,1228,0.0,1.8e-05,22.3891,0.001208,0.11255,22.3891,26.1191,29.6793
S06,1229,0.0,1.8e-05,22.3682,0.001207,0.112551,22.3682,26.0992,29.6668
S06,1230,0.0,1.8e-05,22.3474,0.001207,0.112553,22.3474,26.0709,29.6444
S06,1231,0.0,1.8e-05,22.3267,0.001206,0.112555,22.3267,26.0492,29.6159
S06,1232,0.0,1.8e-05,22.306,0.001205,0.112556,22.306,26.0268,29.6074
S06,1233,0.0,1.8e-05,22.2854,0.001205,0.112558,22.2854,26.0115,29.6036
S06,1234,0.0,1.8e-05,22.2649,0.001204,0.112559,22.2649,25.9822,29.5823
S06,1235,0.0,1.8e-05,22.2445,0.001204,0.112561,22.2445,25.9436,29.55
S06,1236,0.0,1.8e-05,22.2241,0.001203,0.112562,22.2241,25.916,29.5515
S06,1237,0.0,1.8e-05,22.2038,0.001202,0.112564,22.2038,25.9048,29.5385
S06,1238,0.0,1.8e-05,22.1835,0.001202,0.112565,22.1835,25.879,29.5254
S06,1239,0.0,1.8e-05,22.1634,0.001201,0.112567,22.1634,25.8586,29.4995
S06,1240,0.0,1.8e-05,22.1433,0.001201,0.112569,22.1433,25.8388,29.4968
S06,1241,0.0,1.8e-05,22.1233,0.0012,0.11257,22.1233,25.814,29.4857
S06,1242,0.0,1.8e-05,22.1033,0.001199,0.112572,22.1033,25.7803,29.4595
S06,1243,0.0,1.8e-05,22.0834,0.001199,0.112573,22.0834,25.7694,29.4403
S06,1244,0.0,1.8e-05,22.0636,0.001198,0.112575,22.0636,25.7493,29.4257
S06,1245,0.0,1.8e-05,22.0439,0.001198,0.112576,22.0439,25.7249,29.4056
S06,1246,0.0,1.8e-05,22.0243,0.001197,0.112578,22.0243,25.6968,29.3867
S06,1247,0.0,1.8e-05,22.0047,0.001197,0.11258,22.0047,25.6654,29.3673
S06,1248,0.0,1.8e-05,21.9852,0.001196,0.112581,21.9852,25.6437,29.3544
S06,1249,0.0,1.8e-05,21.9658,0.001195,0.112583,21.9658,25.6233,29.3375
S06,1250,0.0,1.8e-05,21.9465,0.001195,0.112584,21.9465,25.5997,29.3104
S06,1251,0.0,1.8e-05,21.9272,0.001194,0.112586,21.9272,25.5731,29.2905
S06,1252,0.0,1.8e-05,21.908,0.001194,0.112587,21.908,25.5549,29.2842
S06,1253,0.0,1.8e-05,21.8889,0.001193,0.112589,21.8889,25.5379,29.2822
S06,1254,0.0,1.8e-05,21.8699,0.001193,0.112591,21.8699,25.5152,29.2511
S06,1255,0.0,1.8e-05,21.8509,0.001192,0.112592,21.8509,25.498,29.2433
S06,1256,0.0,1.8e-05,21.832,0.001192,0.112594,21.832,25.4699,29.2152
S06,1257,0.0,1.8e-05,21.8133,0.001191,0.112595,21.8133,25.465,29.2002
S06,1258,0.0,1.8e-05,21.7945,0.001191,0.112597,21.7945,25.4435,29.1848
S06,1259,0.0,1.8e-05,21.7759,0.00119,0.112598,21.7759,25.4311,29.1696
S06,1260,0.0,1.8e-05,21.7574,0.001189,0.1126,21.7574,25.4263,29.1622
S06,1261,0.0,1.8e-05,21.7389,0.001189,0.112602,21.7389,25.4121,29.1331
S06,1262,0.0,1.8e-05,21.7205,0.001188,0.112603,21.7205,25.3954,29.1313
S06,1263,0.0,1.8e-05,21.7022,0.001188,0.112605,21.7022,25.3989,29.1134
S06,1264,0.0,1.8e-05,21.684,0.001187,0.112606,21.684,25.3832,29.1087
S06,1265,0.0,1.8e-05,21.6658,0.001187,0.112608,21.6658,25.3857,29.1126
S06,1266,0.0,1.8e-05,21.6478,0.001186,0.112609,21.6478,25.348,29.1012
S06,1267,0.0,1.8e-05,21.6298,0.001186,0.112611,21.6298,25.3123,29.0922
S06,1268,0.0,1.8e-05,21.6119,0.001185,0.112613,21.6119,25.303,29.0603
S06,1269,0.0,1.8e-05,21.5941,0.001185,0.112614,21.5941,25.2668,29.0432
S06,1270,0.0,1.8e-05,21.5763,0.001184,0.112616,21.5763,25.2405,29.0335
S06,1271,0.0,1.8e-05,21.5587,0.001184,0.112617,21.5587,25.2085,29.005
S06,1272,0.0,1.8e-05,21.5411,0.001183,0.112619,21.5411,25.1725,28.9955
S06,1273,0.0,1.8e-05,21.5237,0.001183,0.11262,21.5237,25.1504,28.9766
S06,1274,0.0,1.8e-05,21.5063,0.001182,0.112622,21.5063,25.1341,28.9499
S06,1275,0.0,1.8e-05,21.489,0.001182,0.112624,21.489,25.1121,28.9253
S06,1276,0.0,1.7e-05,21.4717,0.001181,0.112625,21.4717,25.0978,28.9142
S06,1277,0.0,1.7e-05,21.4546,0.001181,0.112627,21.4546,25.0732,28.893
S06,1278,0.0,1.7e-05,21.4376,0.00118,0.112628,21.4376,25.0331,28.8892
S06,1279,0.0,1.7e-05,21.4206,0.00118,0.11263,21.4206,25.0159,28.8983
S06,1280,0.0,1.7e-05,21.4037,0.001179,0.112631,21.4037,24.9911,28.8719
S06,1281,0.0,1.7e-05,21.3869,0.001179,0.112633,21.3869,24.9754,28.8426
S06,1282,0.0,1.7e-05,21.3703,0.001178,0.112635,21.3703,24.938,28.825
S06,1283,0.0,1.7e-05,21.3536,0.001178,0.112636,21.3536,24.9058,28.8047
S06,1284,0.0,1.7e-05,21.3371,0.001177,0.112638,21.3371,24.8776,28.8014
S06,1285,0.0,1.7e-05,21.3207,0.001177,0.112639,21.3207,24.8661,28.7778
S06,1286,0.0,1.7e-05,21.3044,0.001176,0.112641,21.3044,24.8377,28.7686
S06,1287,0.0,1.7e-05,21.2881,0.001176,0.112642,21.2881,24.8215,28.7668
S06,1288,0.0,1.7e-05,21.2719,0.001176,0.112644,21.2719,24.7918,28.7439
S06,1289,0.0,1.7e-05,21.2559,0.001175,0.112645,21.2559,24.7895,28.7155
S06,1290,0.0,1.7e-05,21.2399,0.001175,0.112647,21.2399,24.7343,28.7113
S06,1291,0.0,1.7e-05,21.224,0.001174,0.112649,21.224,24.7255,28.6951
S06,1292,0.0,1.7e-05,21.2082,0.001174,0.11265,21.2082,24.6969,28.6666
S06,1293,0.0,1.7e-05,21.1925,0.001173,0.112652,21.1925,24.6714,28.6469
S06,1294,0.0,1.7e-05,21.1769,0.001173,0.112653,21.1769,24.6545,28.6402
S06,1295,0.0,1.7e-05,21.1613,0.001172,0.112655,21.1613,24.6202,28.6238
S06,1296,0.0,1.7e-05,21.1459,0.001172,0.112656,21.1459,24.6113,28.6112
S06,1297,0.0,1.7e-05,21.1306,0.001172,0.112658,21.1306,24.5988,28.5891
S06,1298,0.0,1.7e-05,21.1153,0.001171,0.112659,21.1153,24.5741,28.5594
S06,1299,0.0,1.7e-05,21.1002,0.001171,0.112661,21.1002,24.5542,28.5453
S06,1300,0.0,1.7e-05,21.0851,0.00117,0.112663,21.0851,24.5343,28.5243
S06,1301,0.0,1.7e-05,21.0701,0.00117,0.112664,21.0701,24.5114,28.4968
S06,1302,0.0,1.7e-05,21.0552,0.001169,0.112666,21.0552,24.5021,28.4776
S06,1303,0.0,1.7e-05,21.0405,0.001169,0.112667,21.0405,24.5006,28.4486
S06,1304,0.0,1.7e-05,21.0258,0.001169,0.112669,21.0258,24.4749,28.4257
S06,1305,0.0,1.7e-05,21.0112,0.001168,0.11267,21.0112,24.47,28.4079
S06,1306,0.0,1.7e-05,20.9967,0.001168,0.112672,20.9967,24.4527,28.3868
S06,1307,0.0,1.7e-05,20.9823,0.001167,0.112673,20.9823,24.4247,28.3773
S06,1308,0.0,1.7e-05,20.968,0.001167,0.112675,20.968,24.3976,28.3616
S06,1309,0.0,1.7e-05,20.9538,0.001166,0.112676,20.9538,24.359,28.3583
S06,1310,0.0,1.7e-05,20.9397,0.001166,0.112678,20.9397,24.3335,28.3439
S06,1311,0.0,1.7e-05,20.9256,0.001166,0.112679,20.9256,24.3301,28.3234
S06,1312,0.0,1.7e-05,20.9117,0.001165,0.112681,20.9117,24.3082,28.3102
S06,1313,0.0,1.7e-05,20.8979,0.001165,0.112683,20.8979,24.2794,28.2845
S06,1314,0.0,1.7e-05,20.8842,0.001165,0.112684,20.8842,24.2578,28.2709
S06,1315,0.0,1.7e-05,20.8705,0.001164,0.112686,20.8705,24.2348,28.2603
S06,1316,0.0,1.7e-05,20.857,0.001164,0.112687,20.857,24.2073,28.2542
S06,1317,0.0,1.7e-05,20.8436,0.001163,0.112689,20.8436,24.1936,28.2241
S06,1318,0.0,1.7e-05,20.8302,0.001163,0.11269,20.8302,24.1607,28.1984
S06,1319,0.0,1.7e-05,20.817,0.001163,0.112692,20.817,24.1485,28.1847
S06,1320,0.0,1.7e-05,20.8038,0.001162,0.112693,20.8038,24.1168,28.1809
S06,1321,0.0,1.7e-05,20.7908,0.001162,0.112695,20.7908,24.0977,28.145
S06,1322,0.0,1.7e-05,20.7779,0.001162,0.112696,20.7779,24.0768,28.1351
S06,1323,0.0,1.7e-05,20.765,0.001161,0.112698,20.765,24.0585,28.0958
S06,1324,0.0,1.7e-05,20.7523,0.001161,0.112699,20.7523,24.0379,28.0738
S06,1325,0.0,1.7e-05,20.7396,0.00116,0.112701,20.7396,24.0128,28.0587
S06,1326,0.0,1.7e-05,20.7271,0.00116,0.112702,20.7271,23.9945,28.0416
S06,1327,0.0,1.7e-05,20.7147,0.00116,0.112704,20.7147,23.9815,28.0279
S06,1328,0.0,1.7e-05,20.7023,0.001159,0.112705,20.7023,23.9647,28.0182
S06,1329,0.0,1.7e-05,20.6901,0.001159,0.112707,20.6901,23.9275,28.0327
S06,1330,0.0,1.7e-05,20.6779,0.001159,0.112708,20.6779,23.8994,28.0124
S06,1331,0.0,1.7e-05,20.6659,0.001158,0.11271,20.6659,23.8679,27.9992
S06,1332,0.0,1.7e-05,20.654,0.001158,0.112711,20.654,23.8599,27.9968
S06,1333,0.0,1.7e-05,20.6421,0.001158,0.112713,20.6421,23.8391,27.9939
S06,1334,0.0,1.7e-05,20.6304,0.001157,0.112714,20.6304,23.8119,27.9607
S06,1335,0.0,1.7e-05,20.6188,0.001157,0.112716,20.6188,23.7866,27.9391
S06,1336,0.0,1.7e-05,20.6072,0.001157,0.112717,20.6072,23.7821,27.9275
S06,1337,0.0,1.7e-05,20.5958,0.001156,0.112719,20.5958,23.7741,27.9192
S06,1338,0.0,1.7e-05,20.5845,0.001156,0.11272,20.5845,23.7383,27.9034
S06,1339,0.0,1.7e-05,20.5733,0.001156,0.112722,20.5733,23.7052,27.9033
S06,1340,0.0,1.7e-05,20.5622,0.001155,0.112723,20.5622,23.689,27.8851
S06,1341,0.0,1.7e-05,20.5511,0.001155,0.112725,20.5511,23.6711,27.866
S06,1342,0.0,1.7e-05,20.5402,0.001155,0.112726,20.5402,23.6643,27.863
S06,1343,0.0,1.7e-05,20.5294,0.001154,0.112728,20.5294,23.6505,27.8394
S06,1344,0.0,1.7e-05,20.5187,0.001154,0.112729,20.5187,23.6313,27.8074
S06,1345,0.0,1.7e-05,20.5081,0.001154,0.11273,20.5081,23.6155,27.7745
S06,1346,0.0,1.7e-05,20.4976,0.001154,0.112732,20.4976,23.5923,27.748
S06,1347,0.0,1.7e-05,20.4873,0.001153,0.112733,20.4873,23.5584,27.7281
S06,1348,0.0,1.7e-05,20.477,0.001153,0.112735,20.477,23.5485,27.7053
S06,1349,0.0,1.7e-05,20.4668,0.001153,0.112736,20.4668,23.5355,27.6979
S06,1350,0.0,1.7e-05,20.4567,0.001152,0.112738,20.4567,23.5208,27.6779
S06,1351,0.0,1.7e-05,20.4468,0.001152,0.112739,20.4468,23.4806,27.6717
S06,1352,0.0,1.7e-05,20.4369,0.001152,0.112741,20.4369,23.4469,27.6458
S06,1353,0.0,1.7e-05,20.4271,0.001152,0.112742,20.4271,23.4281,27.6439
S06,1354,0.0,1.7e-05,20.4175,0.001151,0.112744,20.4175,23.4193,27.6535
S06,1355,0.0,1.7e-05,20.408,0.001151,0.112745,20.408,23.3959,27.6346
S06,1356,0.0,1.7e-05,20.3985,0.001151,0.112746,20.3985,23.3829,27.6135
S06,1357,0.0,1.7e-05,20.3892,0.001151,0.112748,20.3892,23.3554,27.5915
S06,1358,0.0,1.7e-05,20.38,0.00115,0.112749,20.38,23.3448,27.5675
S06,1359,0.0,1.7e-05,20.3709,0.00115,0.112751,20.3709,23.3199,27.5613
S06,1360,0.0,1.7e-05,20.3618,0.00115,0.112752,20.3618,23.3065,27.5476
S06,1361,0.0,1.7e-05,20.3529,0.00115,0.112754,20.3529,23.2811,27.539
S06,1362,0.0,1.7e-05,20.3442,0.001149,0.112755,20.3442,23.2695,27.5133
S06,1363,0.0,1.7e-05,20.3355,0.001149,0.112756,20.3355,23.2614,27.501
S06,1364,0.0,1.7e-05,20.3269,0.001149,0.112758,20.3269,23.2414,27.4986
S06,1365,0.0,1.7e-05,20.3184,0.001149,0.112759,20.3184,23.2184,27.4779
S06,1366,0.0,1.7e-05,20.3101,0.001148,0.112761,20.3101,23.2015,27.4497
S06,1367,0.0,1.7e-05,20.3018,0.001148,0.112762,20.3018,23.1828,27.4418
S06,1368,0.0,1.7e-05,20.2937,0.001148,0.112763,20.2937,23.169,27.4014
S06,1369,0.0,1.7e-05,20.2856,0.001148,0.112765,20.2856,23.1494,27.3824
S06,1370,0.0,1.7e-05,20.2777,0.001147,0.112766,20.2777,23.1223,27.3743
S06,1371,0.0,1.7e-05,20.2699,0.001147,0.112768,20.2699,23.0959,27.355
S06,1372,0.0,1.7e-05,20.2622,0.001147,0.112769,20.2622,23.0822,27.3349
S06,1373,0.0,1.7e-05,20.2546,0.001147,0.11277,20.2546,23.0455,27.2949
S06,1374,0.0,1.7e-05,20.2471,0.001147,0.112772,20.2471,23.039,27.2773
S06,1375,0.0,1.7e-05,20.2397,0.001146,0.112773,20.2397,23.0289,27.2491
S06,1376,0.0,1.7e-05,20.2324,0.001146,0.112775,20.2324,23.0078,27.2277
S06,1377,0.0,1.7e-05,20.2253,0.001146,0.112776,20.2253,22.995,27.2107
S06,1378,0.0,1.7e-05,20.2182,0.001146,0.112777,20.2182,22.9843,27.1843
S06,1379,0.0,1.7e-05,20.2113,0.001145,0.112779,20.2113,22.9829,27.1793
S06,1380,0.0,1.7e-05,20.2044,0.001145,0.11278,20.2044,22.9851,27.1552
S06,1381,0.0,1.7e-05,20.1977,0.001145,0.112781,20.1977,22.9638,27.1406
S06,1382,0.0,1.7e-05,20.1911,0.001145,0.112783,20.1911,22.949,27.123
S06,1383,0.0,1.7e-05,20.1846,0.001145,0.112784,20.1846,22.9242,27.0976
S06,1384,0.0,1.7e-05,20.1782,0.001145,0.112785,20.1782,22.9216,27.065
S06,1385,0.0,1.7e-05,20.1719,0.001144,0.112787,20.1719,22.9043,27.0526
S06,1386,0.0,1.7e-05,20.1658,0.001144,0.112788,20.1658,22.8792,27.0659
S06,1387,0.0,1.7e-05,20.1597,0.001144,0.112789,20.1597,22.8676,27.0613
S06,1388,0.0,1.7e-05,20.1538,0.001144,0.112791,20.1538,22.8497,27.0557
S06,1389,0.0,1.7e-05,20.1479,0.001144,0.112792,20.1479,22.8172,27.047
S06,1390,0.0,1.7e-05,20.1422,0.001144,0.112793,20.1422,22.8118,27.0366
S06,1391,0.0,1.7e-05,20.1366,0.001143,0.112795,20.1366,22.7988,27.01
S06,1392,0.0,1.7e-05,20.1311,0.001143,0.112796,20.1311,22.7836,26.9948
S06,1393,0.0,1.7e-05,20.1257,0.001143,0.112797,20.1257,22.7574,26.9785
S06,1394,0.0,1.7e-05,20.1205,0.001143,0.112799,20.1205,22.7546,26.9581
S06,1395,0.0,1.7e-05,20.1153,0.001143,0.1128,20.1153,22.7648,26.9256
S06,1396,0.0,1.7e-05,20.1102,0.001143,0.112801,20.1102,22.7654,26.9047
S06,1397,0.0,1.7e-05,20.1053,0.001142,0.112803,20.1053,22.7416,26.8967
S06,1398,0.0,1.7e-05,20.1005,0.001142,0.112804,20.1005,22.7371,26.8819
S06,1399,0.0,1.7e-05,20.0958,0.001142,0.112805,20.0958,22.7396,26.8624
S06,1400,0.0,1.7e-05,20.0912,0.001142,0.112806,20.0912,22.7154,26.8287
S06,1401,0.0,1.7e-05,20.0867,0.001142,0.112808,20.0867,22.6934,26.8133
S06,1402,0.0,1.7e-05,20.0823,0.001142,0.112809,20.0823,22.6957,26.8117
S06,1403,0.0,1.7e-05,20.078,0.001142,0.11281,20.078,22.6876,26.7934
S06,1404,0.0,1.7e-05,20.0739,0.001142,0.112812,20.0739,22.6606,26.7891
S06,1405,0.0,1.7e-05,20.0698,0.001141,0.112813,20.0698,22.6345,26.7813
S06,1406,0.0,1.7e-05,20.0659,0.001141,0.112814,20.0659,22.6046,26.7603
S06,1407,0.0,1.7e-05,20.0621,0.001141,0.112815,20.0621,22.5944,26.7439
S06,1408,0.0,1.7e-05,20.0584,0.001141,0.112817,20.0584,22.5975,26.7507
S06,1409,0.0,1.7e-05,20.0548,0.001141,0.112818,20.0548,22.5833,26.7299
S06,1410,0.0,1.7e-05,20.0513,0.001141,0.112819,20.0513,22.5596,26.711
S06,1411,0.0,1.7e-05,20.048,0.001141,0.11282,20.048,22.5356,26.6927
S06,1412,0.0,1.7e-05,20.0447,0.001141,0.112822,20.0447,22.5398,26.6761
S06,1413,0.0,1.7e-05,20.0416,0.001141,0.112823,20.0416,22.5337,26.6718
S06,1414,0.0,1.7e-05,20.0386,0.001141,0.112824,20.0386,22.519,26.6647
S06,1415,0.0,1.7e-05,20.0357,0.00114,0.112825,20.0357,22.498,26.6465
S06,1416,0.0,1.7e-05,20.0329,0.00114,0.112827,20.0329,22.5007,26.6445
S06,1417,0.0,1.7e-05,20.0302,0.00114,0.112828,20.0302,22.4742,26.635
S06,1418,0.0,1.7e-05,20.0276,0.00114,0.112829,20.0276,22.4455,26.6249
S06,1419,0.0,1.7e-05,20.0252,0.00114,0.11283,20.0252,22.4282,26.6138
S06,1420,0.0,1.7e-05,20.0228,0.00114,0.112831,20.0228,22.4183,26.5909
S06,1421,0.0,1.7e-05,20.0206,0.00114,0.112833,20.0206,22.4006,26.5582
S06,1422,0.0,1.7e-05,20.0185,0.00114,0.112834,20.0185,22.3814,26.5497
S06,1423,0.0,1.7e-05,20.0165,0.00114,0.112835,20.0165,22.3634,26.5328
S06,1424,0.0,1.7e-05,20.0146,0.00114,0.112836,20.0146,22.343,26.5286
S06,1425,0.0,1.7e-05,20.0128,0.00114,0.112837,20.0128,22.3378,26.5068
S06,1426,0.0,1.7e-05,20.0112,0.00114,0.112839,20.0112,22.3155,26.5006
S06,1427,0.0,1.7e-05,20.0096,0.00114,0.11284,20.0096,22.2893,26.4778
S06,1428,0.0,1.7e-05,20.0082,0.00114,0.112841,20.0082,22.273,26.4686
S06,1429,0.0,1.7e-05,20.0069,0.00114,0.112842,20.0069,22.257,26.4518
S06,1430,0.0,1.7e-05,20.0057,0.00114,0.112843,20.0057,22.2265,26.421
S06,1431,0.0,1.7e-05,20.0046,0.00114,0.112844,20.0046,22.206,26.4134
S06,1432,0.0,1.7e-05,20.0037,0.001139,0.112846,20.0037,22.1888,26.39
S06,1433,0.0,1.7e-05,20.0028,0.001139,0.112847,20.0028,22.1738,26.3731
S06,1434,0.0,1.7e-05,20.0021,0.001139,0.112848,20.0021,22.1838,26.3437
S06,1435,0.0,1.7e-05,20.0014,0.001139,0.112849,20.0014,22.1837,26.3165
S06,1436,0.0,1.7e-05,20.0009,0.001139,0.11285,20.0009,22.1771,26.3114
S06,1437,0.0,1.7e-05,20.0005,0.001139,0.112851,20.0005,22.1552,26.2924
S06,1438,0.0,1.7e-05,20.0002,0.001139,0.112852,20.0002,22.138,26.2824
S06,1439,0.0,1.7e-05,20.0001,0.001139,0.112853,20.0001,22.1232,26.2559
S06,1440,0.0,1.7e-05,20.0,0.001139,0.112855,20.0,22.0961,26.2424
S07,0,0.001509,0.000509,28.5241,0.039792,0.004155,28.5241,28.2154,28.0526
S07,1,0.002018,0.000509,28.5826,0.03983,0.00416,28.5826,28.2193,28.0431
S07,2,0.002528,0.00051,28.6302,0.039923,0.004173,28.6302,28.2153,28.0479
S07,3,0.003039,0.00051,28.684,0.039999,0.004184,28.684,28.2255,28.0521
S07,4,0.00355,0.000511,28.6934,0.040084,0.004196,28.6934,28.2279,28.0454
S07,5,0.004061,0.000511,28.7508,0.040099,0.004198,28.7508,28.2367,28.0547
S07,6,0.004573,0.000512,28.8035,0.04019,0.004211,28.8035,28.2444,28.0511
S07,7,0.005085,0.000513,28.8325,0.040274,0.004222,28.8325,28.247,28.0451
S07,8,0.005598,0.000513,28.8658,0.04032,0.004229,28.8658,28.2426,28.0471
S07,9,0.006112,0.000513,28.8911,0.040372,0.004237,28.8911,28.2464,28.0719
S07,10,0.006625,0.000514,28.9133,0.040412,0.004242,28.9133,28.2591,28.061
S07,11,0.007139,0.000514,28.9537,0.040447,0.004248,28.9537,28.2718,28.0645
S07,12,0.007654,0.000514,28.9833,0.040511,0.004257,28.9833,28.2813,28.0762
S07,13,0.008169,0.000515,29.0635,0.040558,0.004263,29.0635,28.2742,28.0808
S07,14,0.008684,0.000516,29.1206,0.040686,0.00428,29.1206,28.2871,28.097
S07,15,0.009201,0.000516,29.1772,0.040778,0.004292,29.1772,28.2937,28.0987
S07,16,0.009718,0.000517,29.1849,0.040868,0.004304,29.1849,28.2925,28.0931
S07,17,0.010235,0.000517,29.2488,0.040879,0.004306,29.2488,28.3074,28.0857
S07,18,0.010753,0.000518,29.2834,0.040982,0.00432,29.2834,28.3135,28.0833
S07,19,0.011272,0.000518,29.3002,0.041037,0.004327,29.3002,28.3122,28.1031
S07,20,0.01179,0.000519,29.2959,0.041062,0.004331,29.2959,28.3005,28.1208
S07,21,0.012309,0.000519,29.3313,0.041053,0.004331,29.3313,28.304,28.1282
S07,22,0.012828,0.000519,29.3495,0.041109,0.004339,29.3495,28.3082,28.1116
S07,23,0.013347,0.000519,29.3482,0.041137,0.004343,29.3482,28.328,28.1237
S07,24,0.013866,0.000519,29.3766,0.041132,0.004343,29.3766,28.3293,28.1332
S07,25,0.014386,0.00052,29.4202,0.041177,0.004349,29.4202,28.3366,28.134
S07,26,0.014906,0.00052,29.4337,0.041246,0.004358,29.4337,28.3422,28.1329
S07,27,0.015426,0.00052,29.4582,0.041266,0.004361,29.4582,28.3391,28.1419
S07,28,0.015947,0.000521,29.471,0.041303,0.004366,29.471,28.3433,28.1495
S07,29,0.016468,0.000521,29.506,0.041322,0.004369,29.506,28.3611,28.164
S07,30,0.016989,0.000521,29.5712,0.041377,0.004377,29.5712,28.3705,28.1623
S07,31,0.017511,0.000522,29.5994,0.041482,0.00439,29.5994,28.3738,28.1548
S07,32,0.018033,0.000522,29.6643,0.041526,0.004396,29.6643,28.3868,28.1694
S07,33,0.018556,0.000523,29.7268,0.04163,0.004409,29.7268,28.391,28.1691
S07,34,0.01908,0.000524,29.7387,0.041731,0.004422,29.7387,28.3988,28.1624
S07,35,0.019604,0.000524,29.8234,0.041748,0.004424,29.8234,28.4093,28.1534
S07,36,0.020129,0.000525,29.856,0.041885,0.004441,29.856,28.429,28.1591
S07,37,0.020655,0.000526,29.8458,0.041937,0.004448,29.8458,28.4634,28.1661
S07,38,0.02118,0.000525,29.8686,0.041916,0.004446,29.8686,28.4649,28.1616
S07,39,0.021706,0.000526,29.8977,0.041951,0.00445,29.8977,28.4813,28.171
S07,40,0.022232,0.000526,29.9371,0.041996,0.004456,29.9371,28.4851,28.1846
S07,41,0.022759,0.000527,29.9755,0.042058,0.004464,29.9755,28.4932,28.1611
S07,42,0.023286,0.000527,30.0144,0.042119,0.004472,30.0144,28.5101,28.1724
S07,43,0.023813,0.000527,30.0201,0.04218,0.004479,30.0201,28.5222,28.1729
S07,44,0.024341,0.000528,30.0527,0.042186,0.00448,30.0527,28.5307,28.1743
S07,45,0.024869,0.000528,30.0745,0.042237,0.004487,30.0745,28.5352,28.1619
S07,46,0.025397,0.000528,30.106,0.04227,0.004491,30.106,28.5454,28.1529
S07,47,0.025925,0.000529,30.1385,0.042319,0.004497,30.1385,28.5664,28.1454
S07,48,0.026454,0.000529,30.1415,0.042369,0.004503,30.1415,28.5955,28.1401
S07,49,0.026983,0.000529,30.1361,0.04237,0.004504,30.1361,28.5964,28.1497
S07,50,0.027512,0.000529,30.1482,0.042357,0.004502,30.1482,28.5985,28.1343
S07,51,0.028042,0.000529,30.1949,0.042373,0.004505,30.1949,28.5975,28.1244
S07,52,0.028571,0.00053,30.2365,0.042447,0.004514,30.2365,28.5921,28.1412
S07,53,0.029102,0.00053,30.2727,0.042513,0.004521,30.2727,28.601,28.1503
S07,54,0.029632,0.000531,30.2844,0.042569,0.004528,30.2844,28.6027,28.1643
S07,55,0.030163,0.000531,30.3211,0.042584,0.00453,30.3211,28.5947,28.1825
S07,56,0.030694,0.000531,30.349,0.042642,0.004537,30.349,28.6084,28.1862
S07,57,0.031226,0.000532,30.3987,0.042684,0.004542,30.3987,28.6221,28.1757
S07,58,0.031758,0.000532,30.4477,0.042763,0.004552,30.4477,28.6187,28.1811
S07,59,0.032291,0.000533,30.4784,0.042842,0.004561,30.4784,28.6244,28.1759
S07,60,0.032824,0.000533,30.5013,0.042889,0.004567,30.5013,28.6251,28.1852
S07,61,0.033358,0.000534,30.5495,0.042923,0.004571,30.5495,28.64,28.1748
S07,62,0.033892,0.000534,30.5992,0.043,0.00458,30.5992,28.632,28.1846
S07,63,0.034427,0.000535,30.6569,0.043079,0.004589,30.6569,28.6405,28.1888
S07,64,0.034963,0.000536,30.7042,0.043172,0.0046,30.7042,28.6589,28.1768
S07,65,0.035499,0.000536,30.7459,0.043248,0.004609,30.7459,28.6691,28.1797
S07,66,0.036035,0.000537,30.7519,0.043314,0.004616,30.7519,28.6852,28.1979
S07,67,0.036572,0.000537,30.8349,0.043319,0.004617,30.8349,28.698,28.1937
S07,68,0.03711,0.000538,30.8803,0.043456,0.004632,30.8803,28.724,28.19
S07,69,0.037648,0.000538,30.8753,0.043528,0.004641,30.8753,28.7392,28.1903
S07,70,0.038187,0.000538,30.8958,0.043513,0.004639,30.8958,28.758,28.1969
S07,71,0.038725,0.000539,30.9328,0.043543,0.004642,30.9328,28.7619,28.1949
S07,72,0.039264,0.000539,31.0008,0.043601,0.004649,31.0008,28.7651,28.1955
S07,73,0.039804,0.00054,31.0261,0.043712,0.004661,31.0261,28.7804,28.1843
S07,74,0.040344,0.00054,31.0641,0.04375,0.004665,31.0641,28.7969,28.1988
S07,75,0.040885,0.000541,31.1249,0.043809,0.004672,31.1249,28.7983,28.1814
S07,76,0.041427,0.000542,31.1591,0.043908,0.004683,31.1591,28.8074,28.1752
S07,77,0.041969,0.000542,31.1691,0.043961,0.004689,31.1691,28.8144,28.1906
S07,78,0.042511,0.000542,31.1947,0.043972,0.00469,31.1947,28.8498,28.1842
S07,79,0.043053,0.000542,31.2377,0.04401,0.004694,31.2377,28.8653,28.1931
S07,80,0.043596,0.000543,31.3077,0.044078,0.004701,31.3077,28.8845,28.2083
S07,81,0.04414,0.000544,31.3482,0.044194,0.004714,31.3482,28.8963,28.2124
S07,82,0.044684,0.000544,31.3659,0.044258,0.004721,31.3659,28.9122,28.2249
S07,83,0.045229,0.000545,31.3879,0.044282,0.004724,31.3879,28.9468,28.2029
S07,84,0.045774,0.000545,31.4342,0.044313,0.004727,31.4342,28.9613,28.2002
S07,85,0.046319,0.000545,31.4569,0.044387,0.004735,31.4569,28.9844,28.2053
S07,86,0.046865,0.000546,31.5078,0.04442,0.004738,31.5078,29.0164,28.1878
S07,87,0.047411,0.000546,31.4941,0.044502,0.004747,31.4941,29.0216,28.1927
S07,88,0.047958,0.000546,31.5247,0.044471,0.004743,31.5247,29.0225,28.1907
S07,89,0.048504,0.000547,31.5531,0.044517,0.004748,31.5531,29.0362,28.1862
S07,90,0.049051,0.000547,31.6153,0.04456,0.004752,31.6153,29.0297,28.188
S07,91,0.049599,0.000548,31.639,0.044662,0.004763,31.639,29.0357,28.1774
S07,92,0.050147,0.000548,31.6376,0.044696,0.004766,31.6376,29.0499,28.1693
S07,93,0.050695,0.000548,31.6471,0.044686,0.004764,31.6471,29.049,28.1667
S07,94,0.051243,0.000548,31.6581,0.044695,0.004765,31.6581,29.0771,28.1643
S07,95,0.051792,0.000548,31.6765,0.044706,0.004766,31.6765,29.0948,28.1553
S07,96,0.05234,0.000549,31.7154,0.044731,0.004768,31.7154,29.1122,28.1541
S07,97,0.052889,0.000549,31.7354,0.044792,0.004774,31.7354,29.1251,28.1624
S07,98,0.053439,0.000549,31.7895,0.044819,0.004776,31.7895,29.126,28.1649
S07,99,0.053989,0.00055,31.8281,0.044906,0.004785,31.8281,29.137,28.1774
S07,100,0.054539,0.000551,31.8505,0.044967,0.004791,31.8505,29.1441,28.1701
S07,101,0.05509,0.000551,31.8401,0.044998,0.004794,31.8401,29.1715,28.1656
S07,102,0.055641,0.000551,31.8975,0.044971,0.00479,31.8975,29.1955,28.162
S07,103,0.056192,0.000551,31.9425,0.045065,0.0048,31.9425,29.196,28.149
S07,104,0.056744,0.000552,31.9898,0.045136,0.004807,31.9898,29.2058,28.1535
S07,105,0.057297,0.000553,32.0095,0.045212,0.004815,32.0095,29.2273,28.1503
S07,106,0.05785,0.000553,32.0545,0.045238,0.004817,32.0545,29.2602,28.1603
S07,107,0.058404,0.000554,32.1003,0.04531,0.004824,32.1003,29.2722,28.1488
S07,108,0.058958,0.000554,32.1205,0.045383,0.004832,32.1205,29.2738,28.1488
S07,109,0.059512,0.000554,32.1845,0.04541,0.004834,32.1845,29.304,28.1549
S07,110,0.060067,0.000555,32.217,0.045515,0.004845,32.217,29.3224,28.1608
S07,111,0.060623,0.000556,32.2543,0.045564,0.004849,32.2543,29.3457,28.1805
S07,112,0.061179,0.000556,32.2591,0.045622,0.004855,32.2591,29.3401,28.1854
S07,113,0.061735,0.000556,32.2649,0.045622,0.004854,32.2649,29.3518,28.1946
S07,114,0.062291,0.000556,32.2973,0.045623,0.004853,32.2973,29.3744,28.1978
S07,115,0.062848,0.000557,32.3022,0.045672,0.004857,32.3022,29.3918,28.2113
S07,116,0.063405,0.000557,32.3389,0.045671,0.004856,32.3389,29.3908,28.223
S07,117,0.063962,0.000557,32.3841,0.045727,0.004861,32.3841,29.4115,28.2307
S07,118,0.06452,0.000558,32.3994,0.045799,0.004868,32.3994,29.4283,28.2387
S07,119,0.065078,0.000558,32.443,0.045817,0.004869,32.443,29.4498,28.2459
S07,120,0.065636,0.000559,32.4603,0.045886,0.004876,32.4603,29.4565,28.2524
S07,121,0.066195,0.000559,32.4859,0.045907,0.004877,32.4859,29.4758,28.2429
S07,122,0.066754,0.000559,32.5027,0.045944,0.00488,32.5027,29.5011,28.2595
S07,123,0.067314,0.000559,32.5353,0.045964,0.004881,32.5353,29.5157,28.2503
S07,124,0.067874,0.00056,32.5768,0.046013,0.004885,32.5768,29.5503,28.2501
S07,125,0.068434,0.00056,32.6507,0.046078,0.004891,32.6507,29.5697,28.245
S07,126,0.068995,0.000561,32.6838,0.046202,0.004903,32.6838,29.5923,28.2335
S07,127,0.069557,0.000562,32.704,0.046252,0.004908,32.704,29.6081,28.2451
S07,128,0.070119,0.000562,32.7475,0.046278,0.004909,32.7475,29.632,28.2537
S07,129,0.070682,0.000563,32.8015,0.046347,0.004916,32.8015,29.6548,28.2677
S07,130,0.071245,0.000563,32.8453,0.046435,0.004924,32.8453,29.681,28.2712
S07,131,0.071809,0.000564,32.8868,0.046504,0.00493,32.8868,29.6936,28.2842
S07,132,0.072374,0.000564,32.9282,0.046569,0.004936,32.9282,29.7119,28.2922
S07,133,0.072939,0.000565,32.9806,0.046634,0.004942,32.9806,29.7367,28.2984
S07,134,0.073504,0.000566,33.0552,0.046719,0.00495,33.0552,29.7566,28.3034
S07,135,0.074071,0.000567,33.0627,0.046845,0.004962,33.0627,29.7793,28.3031
S07,136,0.074638,0.000567,33.0983,0.046848,0.004961,33.0983,29.8053,28.3051
S07,137,0.075205,0.000567,33.1363,0.046902,0.004965,33.1363,29.8276,28.313
S07,138,0.075773,0.000568,33.2207,0.046961,0.00497,33.2207,29.8375,28.3295
S07,139,0.076342,0.000569,33.2826,0.047105,0.004984,33.2826,29.8596,28.3394
S07,140,0.076912,0.00057,33.3366,0.047208,0.004994,33.3366,29.878,28.3494
S07,141,0.077482,0.000571,33.3387,0.047297,0.005002,33.3387,29.8942,28.3563
S07,142,0.078053,0.000571,33.3879,0.04729,0.005,33.3879,29.9272,28.3565
S07,143,0.078624,0.000571,33.4526,0.047369,0.005007,33.4526,29.9361,28.336
S07,144,0.079196,0.000572,33.5061,0.047478,0.005017,33.5061,29.9596,28.3482
S07,145,0.079769,0.000573,33.5381,0.047565,0.005025,33.5381,29.9741,28.3589
S07,146,0.080342,0.000573,33.5879,0.047613,0.005028,33.5879,30.0093,28.3736
S07,147,0.080916,0.000574,33.6283,0.047694,0.005035,33.6283,30.0114,28.3929
S07,148,0.081491,0.000574,33.6707,0.047758,0.005041,33.6707,30.0211,28.3847
S07,149,0.082066,0.000575,33.7701,0.047825,0.005046,33.7701,30.0489,28.3937
S07,150,0.082642,0.000576,33.8314,0.047999,0.005063,33.8314,30.0617,28.4093
S07,151,0.08322,0.000577,33.8717,0.048102,0.005072,33.8717,30.0634,28.4205
S07,152,0.083798,0.000578,33.8867,0.048166,0.005077,33.8867,30.0796,28.434
S07,153,0.084376,0.000578,33.9382,0.048182,0.005077,33.9382,30.0914,28.433
S07,154,0.084954,0.000579,33.9795,0.048266,0.005084,33.9795,30.1206,28.436
S07,155,0.085534,0.000579,33.9812,0.048332,0.00509,33.9812,30.1493,28.4519
S07,156,0.086113,0.000579,34.0461,0.048322,0.005087,34.0461,30.1766,28.4547
S07,157,0.086693,0.00058,34.067,0.048432,0.005097,34.067,30.2033,28.4847
S07,158,0.087274,0.000581,34.1099,0.048459,0.005098,34.1099,30.2349,28.4876
S07,159,0.087855,0.000581,34.2117,0.048527,0.005103,34.2117,30.2632,28.5122
S07,160,0.088437,0.000583,34.2441,0.048708,0.00512,34.2441,30.2756,28.5343
S07,161,0.08902,0.000583,34.2983,0.048757,0.005123,34.2983,30.2983,28.5422
S07,162,0.089604,0.000584,34.3573,0.048847,0.005131,34.3573,30.3272,28.5777
S07,163,0.090188,0.000585,34.4155,0.048946,0.00514,34.4155,30.358,28.5706
S07,164,0.090774,0.000585,34.4588,0.049044,0.005148,34.4588,30.3814,28.5831
S07,165,0.09136,0.000586,34.4918,0.049114,0.005153,34.4918,30.4173,28.602
S07,166,0.091946,0.000586,34.5631,0.049164,0.005156,34.5631,30.4437,28.6277
S07,167,0.092533,0.000587,34.5976,0.049287,0.005167,34.5976,30.4868,28.6335
S07,168,0.093121,0.000588,34.61,0.04934,0.005171,34.61,30.5198,28.6314
S07,169,0.093709,0.000588,34.6449,0.04935,0.00517,34.6449,30.5456,28.6389
S07,170,0.094298,0.000589,34.708,0.049404,0.005173,34.708,30.5662,28.6411
S07,171,0.094887,0.000589,34.7558,0.049512,0.005183,34.7558,30.6065,28.6429
S07,172,0.095477,0.00059,34.809,0.04959,0.005189,34.809,30.6218,28.6345
S07,173,0.096068,0.000591,34.8555,0.049679,0.005196,34.8555,30.6471,28.646
S07,174,0.09666,0.000591,34.8814,0.049755,0.005201,34.8814,30.6792,28.6543
S07,175,0.097251,0.000592,34.9368,0.049791,0.005203,34.9368,30.7103,28.6414
S07,176,0.097844,0.000593,34.9729,0.049884,0.005211,34.9729,30.7251,28.6478
S07,177,0.098437,0.000593,35.0312,0.04994,0.005214,35.0312,30.7497,28.6658
S07,178,0.099031,0.000594,35.0798,0.050039,0.005222,35.0798,30.7629,28.6801
S07,179,0.099626,0.000595,35.1212,0.05012,0.005228,35.1212,30.8014,28.6857
S07,180,0.100221,0.000595,35.1191,0.050186,0.005233,35.1191,30.8326,28.6899
S07,181,0.100816,0.000595,35.1563,0.050167,0.005229,35.1563,30.8596,28.6894
S07,182,0.101412,0.000596,35.2023,0.050225,0.005232,35.2023,30.8658,28.6936
S07,183,0.102008,0.000596,35.2219,0.050301,0.005238,35.2219,30.8875,28.7107
S07,184,0.102605,0.000597,35.2622,0.050324,0.005238,35.2622,30.8989,28.7222
S07,185,0.103202,0.000597,35.321,0.050388,0.005242,35.321,30.9262,28.7206
S07,186,0.1038,0.000598,35.4076,0.050489,0.00525,35.4076,30.9593,28.7329
S07,187,0.104399,0.000599,35.4564,0.050644,0.005264,35.4564,30.9682,28.7481
S07,188,0.104999,0.0006,35.4671,0.050725,0.005269,35.4671,30.9996,28.7624
S07,189,0.105599,0.0006,35.5377,0.050731,0.005268,35.5377,31.0283,28.7804
S07,190,0.1062,0.000601,35.5522,0.050855,0.005278,35.5522,31.0614,28.7883
S07,191,0.106801,0.000601,35.5841,0.050869,0.005277,35.5841,31.0984,28.787
S07,192,0.107403,0.000602,35.6092,0.050916,0.005279,35.6092,31.1076,28.7704
S07,193,0.108005,0.000602,35.632,0.050951,0.00528,35.632,31.1262,28.7888
S07,194,0.108608,0.000602,35.6792,0.05098,0.005281,35.6792,31.1481,28.7945
S07,195,0.109211,0.000603,35.7307,0.051058,0.005286,35.7307,31.1841,28.7977
S07,196,0.109815,0.000604,35.8011,0.051145,0.005293,35.8011,31.2129,28.8205
S07,197,0.11042,0.000605,35.8625,0.051269,0.005303,35.8625,31.24,28.8302
S07,198,0.111025,0.000606,35.9065,0.051376,0.005311,35.9065,31.2919,28.8451
S07,199,0.111632,0.000606,35.9491,0.051448,0.005315,35.9491,31.3162,28.8405
S07,200,0.112239,0.000607,35.989,0.051517,0.00532,35.989,31.3344,28.8717
S07,201,0.112846,0.000608,36.0429,0.05158,0.005324,36.0429,31.367,28.8828
S07,202,0.113454,0.000608,36.0815,0.051672,0.00533,36.0815,31.3872,28.8945
S07,203,0.114063,0.000609,36.1061,0.051734,0.005334,36.1061,31.4292,28.9099
S07,204,0.114673,0.000609,36.1404,0.051767,0.005334,36.1404,31.4608,28.9127
S07,205,0.115282,0.00061,36.1626,0.051819,0.005337,36.1626,31.497,28.9017
S07,206,0.115892,0.00061,36.1922,0.051847,0.005337,36.1922,31.5371,28.9107
S07,207,0.116503,0.00061,36.2319,0.051891,0.005339,36.2319,31.572,28.9279
S07,208,0.117114,0.000611,36.2673,0.051954,0.005342,36.2673,31.5879,28.9547
S07,209,0.117725,0.000612,36.3032,0.052009,0.005345,36.3032,31.6053,28.9592
S07,210,0.118337,0.000612,36.339,0.052065,0.005348,36.339,31.6508,28.9635
S07,211,0.11895,0.000613,36.3807,0.05212,0.005351,36.3807,31.6743,28.9796
S07,212,0.119563,0.000613,36.423,0.052188,0.005355,36.423,31.6949,28.9903
S07,213,0.120177,0.000614,36.4191,0.052257,0.005359,36.4191,31.7402,29.0013
S07,214,0.120791,0.000614,36.4603,0.052232,0.005354,36.4603,31.7758,29.0075
S07,215,0.121405,0.000614,36.4863,0.052298,0.005357,36.4863,31.8029,29.0166
S07,216,0.12202,0.000615,36.479,0.052334,0.005358,36.479,31.8287,29.0306
S07,217,0.122634,0.000615,36.52,0.052302,0.005352,36.52,31.8592,29.043
S07,218,0.123249,0.000615,36.5682,0.052368,0.005356,36.5682,31.8851,29.0758
S07,219,0.123865,0.000616,36.5913,0.052448,0.005361,36.5913,31.9298,29.0994
S07,220,0.124482,0.000616,36.6136,0.052478,0.005361,36.6136,31.9539,29.1173
S07,221,0.125098,0.000617,36.648,0.052506,0.005361,36.648,31.9663,29.1282
S07,222,0.125715,0.000617,36.6673,0.052559,0.005363,36.6673,31.9938,29.12
S07,223,0.126332,0.000617,36.7216,0.05258,0.005363,36.7216,32.0052,29.1386
S07,224,0.126951,0.000618,36.7686,0.052674,0.005369,36.7686,32.029,29.1516
S07,225,0.127569,0.000619,36.8392,0.052752,0.005373,36.8392,32.0536,29.1758
S07,226,0.128189,0.00062,36.8785,0.052879,0.005383,36.8785,32.0806,29.198
S07,227,0.12881,0.00062,36.8908,0.052942,0.005386,36.8908,32.1061,29.2125
S07,228,0.12943,0.000621,36.9674,0.052949,0.005384,36.9674,32.1416,29.2348
S07,229,0.130052,0.000622,36.9971,0.053088,0.005394,36.9971,32.1559,29.254
S07,230,0.130674,0.000622,37.0365,0.053131,0.005396,37.0365,32.1772,29.2589
S07,231,0.131297,0.000623,37.0622,0.053194,0.005399,37.0622,32.1947,29.2842
S07,232,0.13192,0.000623,37.1064,0.053229,0.005399,37.1064,32.2177,29.2963
S07,233,0.132544,0.000624,37.1491,0.053302,0.005403,37.1491,32.2552,29.3033
S07,234,0.133168,0.000624,37.2129,0.053372,0.005407,37.2129,32.2914,29.2978
S07,235,0.133794,0.000625,37.2553,0.053486,0.005415,37.2553,32.3203,29.2978
S07,236,0.134419,0.000626,37.2621,0.053555,0.005418,37.2621,32.3655,29.2996
S07,237,0.135046,0.000626,37.2557,0.053551,0.005415,37.2557,32.3869,29.307
S07,238,0.135672,0.000626,37.2876,0.053519,0.005409,37.2876,32.4399,29.3186
S07,239,0.136298,0.000626,37.3452,0.053566,0.00541,37.3452,32.4646,29.3438
S07,240,0.136925,0.000627,37.3878,0.053667,0.005417,37.3878,32.5094,29.3466
S07,241,0.137553,0.000628,37.4416,0.053737,0.00542,37.4416,32.5441,29.3603
S07,242,0.138182,0.000629,37.4624,0.05383,0.005426,37.4624,32.5584,29.3765
S07,243,0.138811,0.000629,37.4841,0.053855,0.005425,37.4841,32.5853,29.3898
S07,244,0.13944,0.000629,37.5261,0.053881,0.005425,37.5261,32.6056,29.4091
S07,245,0.14007,0.00063,37.5373,0.05395,0.005428,37.5373,32.6328,29.4286
S07,246,0.1407,0.00063,37.564,0.053954,0.005425,37.564,32.6628,29.4485
S07,247,0.141331,0.000631,37.6032,0.053991,0.005426,37.6032,32.6911,29.4801
S07,248,0.141962,0.000631,37.6494,0.054054,0.005428,37.6494,32.732,29.4763
S07,249,0.142594,0.000632,37.7135,0.054131,0.005432,37.7135,32.7647,29.4946
S07,250,0.143227,0.000633,37.7303,0.054246,0.00544,37.7303,32.7983,29.5004
S07,251,0.14386,0.000633,37.7765,0.054263,0.005438,37.7765,32.8281,29.5068
S07,252,0.144493,0.000634,37.8183,0.05434,0.005442,37.8183,32.8668,29.5237
S07,253,0.145128,0.000634,37.8514,0.054409,0.005446,37.8514,32.9092,29.5279
S07,254,0.145762,0.000635,37.9134,0.054459,0.005447,37.9134,32.9405,29.542
S07,255,0.146398,0.000636,37.9955,0.05457,0.005454,37.9955,32.9798,29.5533
S07,256,0.147035,0.000637,38.0202,0.054724,0.005466,38.0202,33.0146,29.5721
S07,257,0.147673,0.000637,38.0524,0.054756,0.005465,38.0524,33.0445,29.5798
S07,258,0.14831,0.000638,38.0961,0.054805,0.005466,38.0961,33.0698,29.6069
S07,259,0.148949,0.000639,38.1534,0.054878,0.00547,38.1534,33.1191,29.6302
S07,260,0.149588,0.000639,38.2011,0.054979,0.005476,38.2011,33.1569,29.6369
S07,261,0.150228,0.00064,38.2472,0.055061,0.00548,38.2472,33.182,29.6645
S07,262,0.150869,0.000641,38.2937,0.055139,0.005484,38.2937,33.2092,29.6836
S07,263,0.151511,0.000642,38.3023,0.055218,0.005488,38.3023,33.2425,29.7069
S07,264,0.152152,0.000642,38.337,0.055216,0.005485,38.337,33.2725,29.7428
S07,265,0.152794,0.000642,38.362,0.05527,0.005486,38.362,33.3116,29.7619
S07,266,0.153437,0.000643,38.4417,0.055303,0.005486,38.4417,33.3386,29.7843
S07,267,0.154081,0.000644,38.4513,0.055453,0.005496,38.4513,33.3628,29.7998
S07,268,0.154725,0.000644,38.4962,0.055454,0.005493,38.4962,33.4092,29.8129
S07,269,0.155369,0.000645,38.5675,0.055529,0.005496,38.5675,33.4615,29.8226
S07,270,0.156015,0.000646,38.5854,0.055662,0.005505,38.5854,33.481,29.8419
S07,271,0.156661,0.000646,38.6073,0.05568,0.005503,38.6073,33.5204,29.8614
S07,272,0.157307,0.000646,38.645,0.055706,0.005502,38.645,33.5433,29.8826
S07,273,0.157954,0.000647,38.7014,0.055767,0.005504,38.7014,33.5602,29.9185
S07,274,0.158602,0.000648,38.7477,0.055868,0.00551,38.7477,33.613,29.9372
S07,275,0.15925,0.000648,38.7786,0.055947,0.005514,38.7786,33.6528,29.9382
S07,276,0.159899,0.000649,38.8014,0.055993,0.005515,38.8014,33.6789,29.9441
S07,277,0.160548,0.000649,38.8722,0.056021,0.005514,38.8722,33.7003,29.9482
S07,278,0.161199,0.00065,38.8931,0.056154,0.005522,38.8931,33.7496,29.9371
S07,279,0.161849,0.000651,38.9104,0.056178,0.005521,38.9104,33.7849,29.9606
S07,280,0.1625,0.000651,38.9079,0.056195,0.005519,38.9079,33.816,29.9848
S07,281,0.163151,0.000651,38.9489,0.056168,0.005513,38.9489,33.8467,30.0144
S07,282,0.163802,0.000651,39.0127,0.056236,0.005515,39.0127,33.8852,30.0354
S07,283,0.164455,0.000652,39.0343,0.056353,0.005522,39.0343,33.9136,30.0714
S07,284,0.165108,0.000653,39.1297,0.056379,0.005521,39.1297,33.9834,30.0756
S07,285,0.165762,0.000654,39.1618,0.056566,0.005535,39.1618,34.0112,30.0998
S07,286,0.166417,0.000655,39.262,0.056614,0.005535,39.262,34.0466,30.1307
S07,287,0.167073,0.000656,39.3087,0.056812,0.00555,39.3087,34.0832,30.1257
S07,288,0.16773,0.000657,39.3304,0.056893,0.005553,39.3304,34.1387,30.1359
S07,289,0.168388,0.000657,39.3777,0.056919,0.005552,39.3777,34.1654,30.1508
S07,290,0.169046,0.000658,39.4329,0.057001,0.005556,39.4329,34.1987,30.1548
S07,291,0.169705,0.000659,39.4454,0.057101,0.005561,39.4454,34.2255,30.166
S07,292,0.170364,0.000659,39.4696,0.057107,0.005558,39.4696,34.2494,30.1645
S07,293,0.171023,0.00066,39.4875,0.057139,0.005557,39.4875,34.2836,30.1672
S07,294,0.171683,0.00066,39.5412,0.057156,0.005555,39.5412,34.3134,30.1748
S07,295,0.172344,0.000661,39.5909,0.057253,0.00556,39.5909,34.3443,30.1899
S07,296,0.173005,0.000661,39.6506,0.057341,0.005564,39.6506,34.386,30.2076
S07,297,0.173668,0.000662,39.711,0.057451,0.00557,39.711,34.4114,30.2276
S07,298,0.174331,0.000663,39.7254,0.057563,0.005576,39.7254,34.4328,30.2409
S07,299,0.174995,0.000664,39.796,0.057573,0.005573,39.796,34.4582,30.2618
S07,300,0.175659,0.000665,39.8563,0.057707,0.005582,39.8563,34.4956,30.2787
S07,301,0.176325,0.000666,39.8927,0.057819,0.005588,39.8927,34.5444,30.3033
S07,302,0.176991,0.000666,39.9333,0.057878,0.005589,39.9333,34.5697,30.323
S07,303,0.177658,0.000667,39.9813,0.057947,0.005591,39.9813,34.6016,30.3321
S07,304,0.178326,0.000668,40.0488,0.058031,0.005595,40.0488,34.6559,30.3541
S07,305,0.178994,0.000669,40.1353,0.05816,0.005603,40.1353,34.6864,30.3762
S07,306,0.179664,0.00067,40.1772,0.058332,0.005614,40.1772,34.7088,30.3972
S07,307,0.180335,0.000671,40.2636,0.058403,0.005617,40.2636,34.7514,30.432
S07,308,0.181007,0.000672,40.3036,0.058575,0.005628,40.3036,34.777,30.4271
S07,309,0.18168,0.000673,40.3308,0.058643,0.00563,40.3308,34.808,30.4404
S07,310,0.182353,0.000673,40.3486,0.058681,0.00563,40.3486,34.8294,30.4529
S07,311,0.183027,0.000673,40.4318,0.058699,0.005627,40.4318,34.8585,30.4708
S07,312,0.183701,0.000675,40.5002,0.058864,0.005638,40.5002,34.8925,30.4909
S07,313,0.184377,0.000676,40.563,0.058996,0.005645,40.563,34.9233,30.5213
S07,314,0.185054,0.000677,40.6383,0.059116,0.005652,40.6383,34.9457,30.5403
S07,315,0.185732,0.000678,40.699,0.059265,0.005661,40.699,34.9837,30.5542
S07,316,0.186411,0.000679,40.7292,0.05938,0.005667,40.7292,35.0341,30.5727
S07,317,0.187091,0.00068,40.7432,0.059426,0.005667,40.7432,35.0739,30.602
S07,318,0.187771,0.00068,40.7737,0.059435,0.005664,40.7737,35.1022,30.629
S07,319,0.188451,0.00068,40.842,0.059482,0.005664,40.842,35.1283,30.6409
S07,320,0.189132,0.000681,40.901,0.059615,0.005672,40.901,35.1572,30.6538
S07,321,0.189815,0.000682,40.9321,0.059727,0.005677,40.9321,35.1859,30.6791
S07,322,0.190497,0.000683,41.0295,0.059775,0.005678,41.0295,35.2239,30.6968
S07,323,0.191182,0.000684,41.0877,0.059976,0.005691,41.0877,35.255,30.7137
S07,324,0.191867,0.000685,41.0991,0.060086,0.005697,41.0991,35.2717,30.736
S07,325,0.192553,0.000686,41.1391,0.060089,0.005693,41.1391,35.3215,30.7269
S07,326,0.193239,0.000686,41.1592,0.060158,0.005695,41.1592,35.3626,30.7429
S07,327,0.193925,0.000686,41.2124,0.060181,0.005692,41.2124,35.3961,30.741
S07,328,0.194613,0.000687,41.2494,0.060281,0.005697,41.2494,35.4275,30.766
S07,329,0.195301,0.000688,41.3044,0.060343,0.005698,41.3044,35.4754,30.7981
S07,330,0.195989,0.000689,41.3282,0.060447,0.005703,41.3282,35.5229,30.8166
S07,331,0.196679,0.000689,41.3696,0.060479,0.005702,41.3696,35.5685,30.82
S07,332,0.197369,0.00069,41.4272,0.060551,0.005704,41.4272,35.6156,30.8445
S07,333,0.198059,0.000691,41.4288,0.060661,0.005709,41.4288,35.6649,30.859
S07,334,0.19875,0.000691,41.4839,0.060641,0.005703,41.4839,35.7069,30.8614
S07,335,0.199442,0.000692,41.5386,0.060746,0.005708,41.5386,35.7578,30.8872
S07,336,0.200135,0.000693,41.5418,0.06085,0.005713,41.5418,35.7762,30.9127
S07,337,0.200827,0.000693,41.5753,0.060834,0.005707,41.5753,35.7885,30.94
S07,338,0.201521,0.000693,41.6415,0.060888,0.005708,41.6415,35.84,30.9712
S07,339,0.202215,0.000694,41.6964,0.061019,0.005715,41.6964,35.8569,30.9793
S07,340,0.20291,0.000695,41.7556,0.061124,0.00572,41.7556,35.9041,30.9777
S07,341,0.203607,0.000696,41.8088,0.061239,0.005725,41.8088,35.9233,30.99
S07,342,0.204304,0.000697,41.8819,0.06134,0.00573,41.8819,35.9641,31.005
S07,343,0.205002,0.000698,41.9207,0.061488,0.005738,41.9207,35.9938,31.0178
S07,344,0.205701,0.000699,41.9426,0.061555,0.00574,41.9426,36.0402,31.0512
S07,345,0.2064,0.000699,42.0242,0.061583,0.005738,42.0242,36.0745,31.0731
S07,346,0.207101,0.000701,42.0684,0.061751,0.005748,42.0684,36.1047,31.1029
S07,347,0.207802,0.000701,42.1132,0.061832,0.00575,42.1132,36.1468,31.1181
S07,348,0.208504,0.000702,42.1678,0.061914,0.005753,42.1678,36.1857,31.1492
S07,349,0.209207,0.000703,42.1946,0.062019,0.005758,42.1946,36.2352,31.1609
S07,350,0.209911,0.000703,42.2107,0.062059,0.005757,42.2107,36.2716,31.1749
S07,351,0.210615,0.000704,42.293,0.062073,0.005754,42.293,36.2937,31.1927
S07,352,0.21132,0.000705,42.3567,0.062244,0.005764,42.3567,36.3318,31.2041
S07,353,0.212026,0.000706,42.3951,0.062372,0.00577,42.3951,36.3818,31.2267
S07,354,0.212733,0.000707,42.4638,0.062439,0.005772,42.4638,36.421,31.247
S07,355,0.213441,0.000708,42.5036,0.062579,0.005779,42.5036,36.4508,31.278
S07,356,0.21415,0.000709,42.5481,0.06265,0.005781,42.5481,36.4948,31.2859
S07,357,0.214859,0.000709,42.6257,0.062732,0.005783,42.6257,36.5236,31.3125
S07,358,0.21557,0.000711,42.678,0.062894,0.005792,42.678,36.5511,31.3408
S07,359,0.216281,0.000712,42.6877,0.062996,0.005796,42.6877,36.5802,31.3635
S07,360,0.216993,0.000712,42.7199,0.062994,0.005792,42.7199,36.6025,31.3879
S07,361,0.217705,0.000712,42.7564,0.063047,0.005792,42.7564,36.6547,31.3976
S07,362,0.218418,0.000713,42.8284,0.063111,0.005793,42.8284,36.6837,31.4235
S07,363,0.219132,0.000714,42.8846,0.06326,0.005801,42.8846,36.7287,31.443
S07,364,0.219847,0.000715,42.9343,0.063372,0.005806,42.9343,36.7621,31.4628
S07,365,0.220563,0.000716,42.9932,0.063467,0.00581,42.9932,36.8002,31.4868
S07,366,0.22128,0.000717,43.0491,0.063586,0.005815,43.0491,36.8447,31.5059
S07,367,0.221998,0.000718,43.0675,0.063697,0.00582,43.0675,36.8908,31.5192
S07,368,0.222716,0.000718,43.1231,0.063717,0.005817,43.1231,36.9246,31.5434
S07,369,0.223435,0.000719,43.1668,0.063828,0.005822,43.1668,36.9783,31.5697
S07,370,0.224155,0.00072,43.2133,0.063909,0.005824,43.2133,37.0412,31.6049
S07,371,0.224876,0.000721,43.2347,0.063998,0.005827,43.2347,37.0952,31.6216
S07,372,0.225597,0.000721,43.2738,0.064025,0.005825,43.2738,37.1255,31.6476
S07,373,0.226319,0.000722,43.3248,0.064096,0.005826,43.3248,37.1629,31.671
S07,374,0.227041,0.000723,43.3712,0.064196,0.00583,43.3712,37.2106,31.6933
S07,375,0.227764,0.000723,43.3972,0.064285,0.005833,43.3972,37.2366,31.7271
S07,376,0.228488,0.000724,43.467,0.064324,0.005832,43.467,37.2816,31.7607
S07,377,0.229213,0.000725,43.5137,0.064471,0.005839,43.5137,37.3035,31.7868
S07,378,0.229939,0.000726,43.5488,0.064561,0.005842,43.5488,37.3602,31.8067
S07,379,0.230665,0.000726,43.5989,0.064622,0.005843,43.5989,37.4011,31.8348
S07,380,0.231393,0.000727,43.6725,0.064721,0.005847,43.6725,37.4333,31.8759
S07,381,0.232121,0.000729,43.7448,0.064878,0.005855,43.7448,37.4687,31.8803
S07,382,0.232851,0.00073,43.8018,0.065032,0.005863,43.8018,37.5088,31.9057
S07,383,0.233582,0.000731,43.8622,0.065148,0.005868,43.8622,37.5456,31.9247
S07,384,0.234313,0.000732,43.9234,0.065273,0.005874,43.9234,37.5927,31.954
S07,385,0.235046,0.000733,43.9544,0.065401,0.005879,43.9544,37.6285,31.9564
S07,386,0.23578,0.000733,44.0047,0.065453,0.005879,44.0047,37.667,31.9838
S07,387,0.236514,0.000734,44.0509,0.065553,0.005883,44.0509,37.7105,32.0067
S07,388,0.237249,0.000735,44.1124,0.065643,0.005886,44.1124,37.7424,32.0305
S07,389,0.237985,0.000736,44.1899,0.065772,0.005891,44.1899,37.7809,32.0546
S07,390,0.238723,0.000737,44.212,0.065941,0.0059,44.212,37.8064,32.0704
S07,391,0.23946,0.000738,44.2631,0.065972,0.005898,44.2631,37.8524,32.1068
S07,392,0.240199,0.000739,44.3174,0.066075,0.005902,44.3174,37.8902,32.1302
S07,393,0.240939,0.00074,44.3483,0.066186,0.005907,44.3483,37.9179,32.1395
S07,394,0.241679,0.00074,44.3852,0.066239,0.005906,44.3852,37.9544,32.1595
S07,395,0.24242,0.000741,44.4119,0.066307,0.005907,44.4119,37.9864,32.18
S07,396,0.243161,0.000741,44.4866,0.066349,0.005906,44.4866,38.0407,32.2024
S07,397,0.243904,0.000743,44.5544,0.066512,0.005915,44.5544,38.0811,32.2101
S07,398,0.244648,0.000744,44.6414,0.066659,0.005922,44.6414,38.1098,32.2304
S07,399,0.245393,0.000745,44.698,0.066854,0.005933,44.698,38.1395,32.257
S07,400,0.24614,0.000746,44.7147,0.066973,0.005938,44.7147,38.1738,32.2782
S07,401,0.246887,0.000747,44.7677,0.06699,0.005935,44.7677,38.2075,32.2957
S07,402,0.247634,0.000748,44.8215,0.0671,0.005939,44.8215,38.242,32.3211
S07,403,0.248383,0.000749,44.8856,0.067212,0.005943,44.8856,38.2887,32.3456
S07,404,0.249132,0.00075,44.9666,0.06735,0.005949,44.9666,38.3215,32.3627
S07,405,0.249884,0.000751,45.0137,0.067533,0.005959,45.0137,38.3542,32.3754
S07,406,0.250636,0.000752,45.0741,0.067628,0.005962,45.0741,38.4046,32.41
S07,407,0.251389,0.000753,45.1016,0.067758,0.005968,45.1016,38.445,32.429
S07,408,0.252142,0.000754,45.1506,0.067803,0.005967,45.1506,38.4824,32.4418
S07,409,0.252897,0.000754,45.1917,0.067904,0.00597,45.1917,38.5099,32.4563
S07,410,0.253652,0.000755,45.261,0.067985,0.005972,45.261,38.5542,32.4927
S07,411,0.254408,0.000756,45.287,0.068138,0.005979,45.287,38.5862,32.5147
S07,412,0.255165,0.000757,45.3267,0.06818,0.005978,45.3267,38.6187,32.5441
S07,413,0.255923,0.000758,45.3856,0.068257,0.00598,45.3856,38.6607,32.559
S07,414,0.256681,0.000759,45.4338,0.068385,0.005985,45.4338,38.6901,32.5897
S07,415,0.257441,0.00076,45.4897,0.068484,0.005988,45.4897,38.7309,32.6204
S07,416,0.258201,0.000761,45.5534,0.068604,0.005993,45.5534,38.7776,32.6376
S07,417,0.258963,0.000762,45.5768,0.068745,0.005999,45.5768,38.8084,32.6452
S07,418,0.259725,0.000762,45.6291,0.06878,0.005998,45.6291,38.8385,32.6749
S07,419,0.260488,0.000763,45.7136,0.068891,0.006002,45.7136,38.8771,32.6936
S07,420,0.261253,0.000765,45.7751,0.069087,0.006012,45.7751,38.9368,32.7152
S07,421,0.262018,0.000766,45.8582,0.069223,0.006018,45.8582,38.9637,32.7331
S07,422,0.262786,0.000767,45.9166,0.069415,0.006028,45.9166,39.0057,32.7688
S07,423,0.263554,0.000768,45.9653,0.069544,0.006033,45.9653,39.0419,32.8057
S07,424,0.264323,0.000769,46.0221,0.069647,0.006037,46.0221,39.097,32.8316
S07,425,0.265093,0.00077,46.0431,0.069771,0.006042,46.0431,39.1414,32.853
S07,426,0.265864,0.000771,46.0965,0.069801,0.00604,46.0965,39.1934,32.8727
S07,427,0.266635,0.000772,46.1855,0.069917,0.006044,46.1855,39.2396,32.9083
S07,428,0.267408,0.000773,46.2245,0.070127,0.006055,46.2245,39.2793,32.9279
S07,429,0.268182,0.000774,46.2999,0.070205,0.006057,46.2999,39.3278,32.9324
S07,430,0.268957,0.000775,46.3418,0.07038,0.006065,46.3418,39.3707,32.962
S07,431,0.269733,0.000776,46.3888,0.070466,0.006067,46.3888,39.4142,32.9923
S07,432,0.27051,0.000777,46.428,0.070566,0.00607,46.428,39.4665,33.0148
S07,433,0.271288,0.000778,46.5038,0.070645,0.006072,46.5038,39.5154,33.0509
S07,434,0.272067,0.000779,46.5601,0.070823,0.006081,46.5601,39.5625,33.0765
S07,435,0.272847,0.00078,46.6343,0.070948,0.006086,46.6343,39.5907,33.1095
S07,436,0.273628,0.000781,46.6752,0.071122,0.006094,46.6752,39.6357,33.1184
S07,437,0.27441,0.000782,46.7364,0.071206,0.006096,46.7364,39.671,33.1372
S07,438,0.275194,0.000783,46.7968,0.071346,0.006102,46.7968,39.7098,33.1537
S07,439,0.275978,0.000784,46.8553,0.071483,0.006107,46.8553,39.7658,33.1924
S07,440,0.276764,0.000785,46.8975,0.071615,0.006113,46.8975,39.7996,33.2141
S07,441,0.27755,0.000786,46.9779,0.071704,0.006115,46.9779,39.8342,33.2416
S07,442,0.278338,0.000788,47.0259,0.071897,0.006125,47.0259,39.858,33.2691
S07,443,0.279126,0.000789,47.0814,0.072002,0.006128,47.0814,39.8796,33.2947
S07,444,0.279916,0.00079,47.1313,0.072127,0.006133,47.1313,39.9197,33.326
S07,445,0.280707,0.000791,47.1359,0.072238,0.006136,47.1359,39.9616,33.3582
S07,446,0.281498,0.000791,47.1578,0.072224,0.006131,47.1578,39.9912,33.3889
S07,447,0.282289,0.000791,47.2401,0.072259,0.006129,47.2401,40.0292,33.4272
S07,448,0.283081,0.000793,47.2918,0.072458,0.006139,47.2918,40.09,33.4536
S07,449,0.283875,0.000794,47.3812,0.072574,0.006143,47.3812,40.1284,33.4784
S07,450,0.28467,0.000795,47.4531,0.072794,0.006155,47.4531,40.174,33.5281
S07,451,0.285467,0.000797,47.4929,0.072966,0.006163,47.4929,40.2303,33.5615
S07,452,0.286264,0.000797,47.5713,0.07305,0.006165,47.5713,40.2662,33.5927
S07,453,0.287063,0.000799,47.6416,0.073241,0.006174,47.6416,40.3098,33.6341
S07,454,0.287864,0.0008,47.6832,0.07341,0.006182,47.6832,40.3533,33.6617
S07,455,0.288665,0.000801,47.7661,0.0735,0.006184,47.7661,40.3992,33.6872
S07,456,0.289467,0.000803,47.829,0.073704,0.006194,47.829,40.4394,33.7106
S07,457,0.290271,0.000804,47.8862,0.073854,0.0062,47.8862,40.4807,33.7203
S07,458,0.291076,0.000805,47.9393,0.073988,0.006206,47.9393,40.5232,33.7445
S07,459,0.291882,0.000806,47.9968,0.07411,0.00621,47.9968,40.5566,33.7567
S07,460,0.292689,0.000807,48.0426,0.074246,0.006215,48.0426,40.5977,33.7838
S07,461,0.293497,0.000808,48.099,0.074348,0.006218,48.099,40.6491,33.8242
S07,462,0.294306,0.000809,48.1621,0.074481,0.006223,48.1621,40.6922,33.8485
S07,463,0.295116,0.00081,48.2413,0.074632,0.00623,48.2413,40.7399,33.8749
S07,464,0.295928,0.000812,48.2944,0.07483,0.006239,48.2944,40.8082,33.9033
S07,465,0.29674,0.000813,48.3816,0.074954,0.006244,48.3816,40.8594,33.9277
S07,466,0.297555,0.000814,48.4493,0.075175,0.006255,48.4493,40.9133,33.9388
S07,467,0.29837,0.000816,48.5011,0.075341,0.006262,48.5011,40.9478,33.9624
S07,468,0.299187,0.000817,48.5678,0.075463,0.006267,48.5678,40.9992,33.9808
S07,469,0.300005,0.000818,48.6621,0.075627,0.006274,48.6621,41.034,34.004
S07,470,0.300825,0.00082,48.7103,0.075871,0.006287,48.7103,41.0931,34.0255
S07,471,0.301646,0.000821,48.7922,0.075983,0.00629,48.7922,41.1374,34.0547
S07,472,0.302468,0.000822,48.8473,0.076192,0.0063,48.8473,41.154,34.061
S07,473,0.303291,0.000823,48.9334,0.076324,0.006305,48.9334,41.2086,34.0893
S07,474,0.304117,0.000825,49.0192,0.076546,0.006316,49.0192,41.2467,34.1321
S07,475,0.304943,0.000827,49.0765,0.076768,0.006327,49.0765,41.2869,34.167
S07,476,0.305771,0.000828,49.1125,0.076908,0.006333,49.1125,41.3204,34.1825
S07,477,0.3066,0.000829,49.2208,0.076986,0.006334,49.2208,41.3677,34.2133
S07,478,0.307431,0.000831,49.3018,0.077275,0.006349,49.3018,41.4008,34.2371
S07,479,0.308263,0.000832,49.3707,0.077485,0.00636,49.3707,41.4392,34.263
S07,480,0.309097,0.000834,49.4314,0.07766,0.006367,49.4314,41.4761,34.2754
S07,481,0.309932,0.000835,49.5241,0.077811,0.006373,49.5241,41.5303,34.2962
S07,482,0.310769,0.000837,49.6233,0.078057,0.006386,49.6233,41.5929,34.3189
S07,483,0.311607,0.000839,49.7099,0.078323,0.0064,49.7099,41.6373,34.3481
S07,484,0.312448,0.00084,49.7669,0.078552,0.006411,49.7669,41.7043,34.3689
S07,485,0.313289,0.000842,49.8653,0.078695,0.006416,49.8653,41.7664,34.3815
S07,486,0.314133,0.000844,49.9322,0.07896,0.00643,49.9322,41.8195,34.4222
S07,487,0.314978,0.000845,50.0112,0.079133,0.006437,50.0112,41.8738,34.4542
S07,488,0.315824,0.000847,50.041,0.079342,0.006447,50.041,41.9273,34.5012
S07,489,0.316672,0.000847,50.1139,0.079405,0.006447,50.1139,41.979,34.5328
S07,490,0.31752,0.000849,50.1499,0.079597,0.006456,50.1499,42.0321,34.5617
S07,491,0.318369,0.000849,50.211,0.079679,0.006457,50.211,42.0812,34.592
S07,492,0.31922,0.000851,50.2529,0.079836,0.006463,50.2529,42.1384,34.6171
S07,493,0.320071,0.000851,50.3161,0.079936,0.006466,50.3161,42.1863,34.676
S07,494,0.320924,0.000853,50.3655,0.0801,0.006473,50.3655,42.2462,34.7117
S07,495,0.321777,0.000854,50.4644,0.080223,0.006477,50.4644,42.3073,34.7275
S07,496,0.322633,0.000856,50.5423,0.080495,0.006491,50.5423,42.3421,34.7681
S07,497,0.32349,0.000857,50.6069,0.080705,0.0065,50.6069,42.3923,34.8117
S07,498,0.324349,0.000859,50.6577,0.080875,0.006507,50.6577,42.4534,34.8633
S07,499,0.325208,0.00086,50.7145,0.081004,0.006512,50.7145,42.4967,34.8987
S07,500,0.326069,0.000861,50.774,0.081151,0.006517,50.774,42.5288,34.926
S07,501,0.326931,0.000862,50.8593,0.081307,0.006523,50.8593,42.571,34.9482
S07,502,0.327795,0.000864,50.9046,0.081541,0.006534,50.9046,42.6305,34.9614
S07,503,0.328659,0.000865,50.9857,0.081654,0.006538,50.9857,42.6696,34.9894
S07,504,0.329526,0.000866,51.0401,0.081877,0.006548,51.0401,42.7282,35.0373
S07,505,0.330393,0.000867,51.107,0.082019,0.006553,51.107,42.7815,35.0765
S07,506,0.331262,0.000869,51.1865,0.082199,0.006561,51.1865,42.8093,35.0959
S07,507,0.332132,0.00087,51.2439,0.082418,0.006571,51.2439,42.8628,35.094
S07,508,0.333004,0.000872,51.3201,0.08257,0.006577,51.3201,42.9288,35.1347
S07,509,0.333877,0.000873,51.4272,0.08278,0.006586,51.4272,42.9895,35.156
S07,510,0.334752,0.000875,51.5157,0.083087,0.006602,51.5157,43.0419,35.1942
S07,511,0.335629,0.000877,51.5781,0.083337,0.006614,51.5781,43.0844,35.2269
S07,512,0.336508,0.000879,51.66,0.083506,0.006621,51.66,43.1486,35.2553
S07,513,0.337388,0.00088,51.7571,0.083737,0.006631,51.7571,43.1961,35.2882
S07,514,0.33827,0.000882,51.8132,0.084015,0.006645,51.8132,43.2501,35.3267
S07,515,0.339154,0.000883,51.9035,0.084166,0.006651,51.9035,43.2956,35.3651
S07,516,0.340039,0.000885,51.9735,0.084425,0.006663,51.9735,43.3453,35.3882
S07,517,0.340926,0.000887,52.0464,0.084621,0.006672,52.0464,43.4091,35.4125
S07,518,0.341814,0.000888,52.1136,0.084826,0.00668,52.1136,43.4604,35.4507
S07,519,0.342704,0.00089,52.1689,0.085014,0.006688,52.1689,43.5235,35.493
S07,520,0.343595,0.000891,52.2481,0.085164,0.006694,52.2481,43.5813,35.5168
S07,521,0.344487,0.000893,52.3041,0.085391,0.006704,52.3041,43.6394,35.5479
S07,522,0.345381,0.000894,52.3813,0.085545,0.00671,52.3813,43.6717,35.5779
S07,523,0.346277,0.000895,52.4339,0.085766,0.00672,52.4339,43.7181,35.5952
S07,524,0.347173,0.000897,52.4964,0.08591,0.006725,52.4964,43.7715,35.6182
S07,525,0.348071,0.000898,52.5809,0.086086,0.006732,52.5809,43.8263,35.6422
S07,526,0.348971,0.0009,52.6643,0.086332,0.006743,52.6643,43.887,35.6734
S07,527,0.349872,0.000901,52.7097,0.086575,0.006754,52.7097,43.9494,35.695
S07,528,0.350774,0.000902,52.7699,0.086697,0.006758,52.7699,43.9927,35.7328
S07,529,0.351678,0.000904,52.8121,0.086867,0.006764,52.8121,44.039,35.7469
S07,530,0.352583,0.000905,52.9006,0.086979,0.006767,52.9006,44.0882,35.774
S07,531,0.353489,0.000906,52.9541,0.087241,0.00678,52.9541,44.1523,35.822
S07,532,0.354397,0.000908,53.0028,0.087391,0.006785,53.0028,44.2041,35.8649
S07,533,0.355305,0.000909,53.0787,0.087525,0.006789,53.0787,44.2355,35.8972
S07,534,0.356216,0.00091,53.175,0.087748,0.006799,53.175,44.2881,35.9264
S07,535,0.357128,0.000912,53.2294,0.088038,0.006813,53.2294,44.3439,35.9554
S07,536,0.358042,0.000914,53.3138,0.088192,0.006819,53.3138,44.3829,35.9818
S07,537,0.358957,0.000915,53.4012,0.088444,0.00683,53.4012,44.4294,36.0225
S07,538,0.359874,0.000917,53.485,0.088708,0.006842,53.485,44.4846,36.0451
S07,539,0.360793,0.000919,53.5535,0.08896,0.006854,53.5535,44.5334,36.0908
S07,540,0.361714,0.000921,53.6012,0.089162,0.006862,53.6012,44.5895,36.1331
S07,541,0.362636,0.000922,53.6874,0.089296,0.006866,53.6874,44.636,36.163
S07,542,0.363559,0.000924,53.7726,0.089558,0.006878,53.7726,44.6882,36.1917
S07,543,0.364485,0.000925,53.8064,0.089817,0.00689,53.8064,44.7405,36.2242
S07,544,0.365411,0.000926,53.8915,0.089906,0.006892,53.8915,44.7993,36.261
S07,545,0.366339,0.000928,53.9701,0.090166,0.006904,53.9701,44.8528,36.287
S07,546,0.367268,0.00093,54.0866,0.090405,0.006914,54.0866,44.9288,36.3082
S07,547,0.368201,0.000932,54.1751,0.090772,0.006932,54.1751,44.9847,36.3263
S07,548,0.369135,0.000934,54.2277,0.091046,0.006945,54.2277,45.0356,36.3535
S07,549,0.37007,0.000935,54.2749,0.0912,0.00695,54.2749,45.0974,36.3891
S07,550,0.371007,0.000936,54.3067,0.091336,0.006955,54.3067,45.1514,36.4203
S07,551,0.371944,0.000937,54.382,0.091421,0.006956,54.382,45.2088,36.4335
S07,552,0.372883,0.000939,54.4644,0.091652,0.006966,54.4644,45.2597,36.4714
S07,553,0.373824,0.000941,54.5229,0.091909,0.006977,54.5229,45.3177,36.5078
S07,554,0.374765,0.000942,54.5808,0.092084,0.006984,54.5808,45.3782,36.5307
S07,555,0.375709,0.000943,54.651,0.092259,0.00699,54.651,45.4327,36.5777
S07,556,0.376654,0.000945,54.7182,0.092475,0.006999,54.7182,45.4879,36.616
S07,557,0.3776,0.000946,54.7979,0.092682,0.007008,54.7979,45.539,36.6406
S07,558,0.378548,0.000948,54.8721,0.092932,0.007019,54.8721,45.6128,36.6714
S07,559,0.379498,0.00095,54.9479,0.093164,0.007029,54.9479,45.6644,36.7087
S07,560,0.380449,0.000952,55.0357,0.093402,0.007039,55.0357,45.7315,36.7383
S07,561,0.381403,0.000953,55.0726,0.093682,0.007052,55.0726,45.7836,36.7568
S07,562,0.382357,0.000954,55.134,0.093787,0.007054,55.134,45.83,36.7913
S07,563,0.383313,0.000956,55.1834,0.093978,0.007061,55.1834,45.8721,36.8368
S07,564,0.38427,0.000957,55.2382,0.094126,0.007066,55.2382,45.9221,36.8742
S07,565,0.385228,0.000958,55.3593,0.094294,0.007073,55.3593,45.9719,36.9177
S07,566,0.386188,0.000961,55.4366,0.094694,0.007092,55.4366,46.0129,36.96
S07,567,0.387151,0.000963,55.5273,0.094941,0.007103,55.5273,46.0535,36.9811
S07,568,0.388116,0.000965,55.6034,0.095237,0.007116,55.6034,46.1172,37.0308
S07,569,0.389082,0.000966,55.6847,0.095481,0.007126,55.6847,46.1891,37.0649
S07,570,0.39005,0.000968,55.7951,0.095746,0.007138,55.7951,46.2532,37.1161
S07,571,0.391021,0.000971,55.8471,0.096113,0.007155,55.8471,46.2951,37.1413
S07,572,0.391993,0.000972,55.9031,0.096275,0.007161,55.9031,46.3488,37.1797
S07,573,0.392966,0.000973,55.9816,0.096451,0.007167,55.9816,46.4172,37.2064
S07,574,0.393941,0.000975,56.0337,0.096708,0.007178,56.0337,46.4596,37.2581
S07,575,0.394918,0.000976,56.0823,0.096872,0.007184,56.0823,46.5276,37.289
S07,576,0.395895,0.000977,56.1569,0.097024,0.007189,56.1569,46.583,37.3248
S07,577,0.396874,0.000979,56.2026,0.097268,0.0072,56.2026,46.6532,37.3422
S07,578,0.397854,0.00098,56.2907,0.09741,0.007204,56.2907,46.6983,37.3902
S07,579,0.398837,0.000982,56.3697,0.097704,0.007217,56.3697,46.7731,37.4257
S07,580,0.399821,0.000984,56.4335,0.097967,0.007228,56.4335,46.8288,37.4599
S07,581,0.400806,0.000986,56.5244,0.098175,0.007237,56.5244,46.8781,37.4931
S07,582,0.401794,0.000988,56.5743,0.098482,0.00725,56.5743,46.9498,37.5404
S07,583,0.402783,0.000989,56.6573,0.098641,0.007256,56.6573,47.0063,37.5727
S07,584,0.403774,0.000991,56.7091,0.098921,0.007268,56.7091,47.0525,37.597
S07,585,0.404766,0.000992,56.8118,0.099088,0.007274,56.8118,47.1024,37.6356
S07,586,0.40576,0.000994,56.8999,0.099441,0.00729,56.8999,47.1819,37.6635
S07,587,0.406756,0.000997,56.965,0.099741,0.007303,56.965,47.2319,37.7102
S07,588,0.407755,0.000998,57.063,0.099959,0.007312,57.063,47.2678,37.7477
S07,589,0.408755,0.001,57.1246,0.100297,0.007327,57.1246,47.3269,37.7709
S07,590,0.409757,0.001002,57.2097,0.100503,0.007335,57.2097,47.3795,37.7911
S07,591,0.410761,0.001004,57.2984,0.100796,0.007348,57.2984,47.4468,37.8317
S07,592,0.411766,0.001006,57.3661,0.101103,0.007361,57.3661,47.4994,37.8762
S07,593,0.412774,0.001008,57.4511,0.101333,0.00737,57.4511,47.5481,37.93
S07,594,0.413784,0.00101,57.5211,0.101628,0.007383,57.5211,47.6108,37.9662
S07,595,0.414795,0.001011,57.6008,0.101869,0.007393,57.6008,47.6738,37.996
S07,596,0.415808,0.001013,57.6661,0.102146,0.007404,57.6661,47.7323,38.0289
S07,597,0.416823,0.001015,57.7212,0.10237,0.007413,57.7212,47.777,38.0807
S07,598,0.417839,0.001016,57.8044,0.102556,0.00742,57.8044,47.8227,38.1075
S07,599,0.418857,0.001018,57.8853,0.102848,0.007433,57.8853,47.8733,38.1348
S07,600,0.419877,0.00102,57.9699,0.103133,0.007445,57.9699,47.9337,38.193
S07,601,0.420899,0.001022,58.0472,0.103432,0.007457,58.0472,47.9953,38.2295
S07,602,0.421923,0.001024,58.0646,0.103704,0.007469,58.0646,48.0635,38.2882
S07,603,0.422947,0.001024,58.1652,0.103751,0.007468,58.1652,48.12,38.347
S07,604,0.423974,0.001027,58.2614,0.104113,0.007484,58.2614,48.1844,38.3985
S07,605,0.425003,0.001029,58.3307,0.104459,0.007499,58.3307,48.2303,38.4424
S07,606,0.426034,0.001031,58.435,0.104704,0.007509,58.435,48.3002,38.4567
S07,607,0.427068,0.001033,58.5192,0.105083,0.007526,58.5192,48.356,38.4935
S07,608,0.428103,0.001035,58.6109,0.105387,0.007539,58.6109,48.4188,38.5213
S07,609,0.429141,0.001038,58.6983,0.105721,0.007553,58.6983,48.4917,38.5754
S07,610,0.430181,0.00104,58.7709,0.106039,0.007567,58.7709,48.5557,38.6099
S07,611,0.431222,0.001042,58.833,0.1063,0.007578,58.833,48.6188,38.6355
S07,612,0.432265,0.001043,58.9233,0.106522,0.007586,58.9233,48.6693,38.6647
S07,613,0.433311,0.001045,59.0172,0.106854,0.0076,59.0172,48.713,38.7057
S07,614,0.434358,0.001048,59.1203,0.1072,0.007615,59.1203,48.7729,38.7533
S07,615,0.435409,0.00105,59.2128,0.107584,0.007632,59.2128,48.8392,38.8073
S07,616,0.436461,0.001053,59.3077,0.107928,0.007647,59.3077,48.9011,38.8437
S07,617,0.437516,0.001055,59.3899,0.108282,0.007662,59.3899,48.9726,38.8727
S07,618,0.438573,0.001057,59.4873,0.108588,0.007675,59.4873,49.0246,38.91
S07,619,0.439633,0.001059,59.5954,0.108954,0.00769,59.5954,49.0874,38.9285
S07,620,0.440695,0.001062,59.6886,0.109364,0.007708,59.6886,49.1431,38.9786
S07,621,0.44176,0.001065,59.8034,0.109716,0.007723,59.8034,49.1897,39.0082
S07,622,0.442827,0.001067,59.916,0.110156,0.007743,59.916,49.2433,39.0516
S07,623,0.443898,0.00107,59.9794,0.110588,0.007762,59.9794,49.3142,39.0913
S07,624,0.444969,0.001072,60.0945,0.110825,0.007771,60.0945,49.3796,39.1335
S07,625,0.446044,0.001075,60.1756,0.11127,0.00779,60.1756,49.4503,39.1757
S07,626,0.447121,0.001077,60.2664,0.11158,0.007803,60.2664,49.5138,39.2151
S07,627,0.448201,0.001079,60.3599,0.11193,0.007817,60.3599,49.5728,39.2489
S07,628,0.449282,0.001082,60.4306,0.112292,0.007833,60.4306,49.6572,39.2979
S07,629,0.450366,0.001083,60.5334,0.112562,0.007843,60.5334,49.7137,39.3553
S07,630,0.451452,0.001086,60.6232,0.112964,0.00786,60.6232,49.7929,39.3856
S07,631,0.45254,0.001088,60.6859,0.113314,0.007875,60.6859,49.8687,39.4384
S07,632,0.45363,0.00109,60.7305,0.113554,0.007884,60.7305,49.9421,39.4788
S07,633,0.454721,0.001091,60.8198,0.113721,0.007889,60.8198,50.0169,39.515
S07,634,0.455815,0.001093,60.9154,0.114071,0.007904,60.9154,50.0788,39.5514
S07,635,0.456911,0.001096,60.9927,0.114449,0.00792,60.9927,50.1578,39.59
S07,636,0.458009,0.001098,61.0853,0.114753,0.007932,61.0853,50.2304,39.6241
S07,637,0.459109,0.0011,61.1892,0.11512,0.007947,61.1892,50.2928,39.6569
S07,638,0.460212,0.001103,61.2808,0.115536,0.007965,61.2808,50.3587,39.6959
S07,639,0.461318,0.001106,61.3791,0.115902,0.00798,61.3791,50.4342,39.7372
S07,640,0.462426,0.001108,61.456,0.116298,0.007996,61.456,50.5102,39.7747
S07,641,0.463536,0.00111,61.604,0.116604,0.008008,61.604,50.5783,39.8285
S07,642,0.46465,0.001114,61.6809,0.117211,0.008035,61.6809,50.6403,39.8517
S07,643,0.465766,0.001116,61.7951,0.117521,0.008047,61.7951,50.7213,39.9127
S07,644,0.466885,0.001119,61.8946,0.117989,0.008067,61.8946,50.7936,39.9458
S07,645,0.468007,0.001122,61.9822,0.118396,0.008083,61.9822,50.8511,39.9838
S07,646,0.469131,0.001124,62.0674,0.118755,0.008098,62.0674,50.9121,40.0306
S07,647,0.470257,0.001126,62.1529,0.119103,0.008112,62.1529,50.9827,40.072
S07,648,0.471386,0.001129,62.2759,0.119455,0.008126,62.2759,51.0519,40.1118
S07,649,0.472518,0.001132,62.3925,0.119969,0.008147,62.3925,51.13,40.161
S07,650,0.473653,0.001135,62.4706,0.120457,0.008168,62.4706,51.2108,40.2092
S07,651,0.47479,0.001137,62.5816,0.12078,0.00818,62.5816,51.2851,40.2539
S07,652,0.47593,0.00114,62.6606,0.121248,0.0082,62.6606,51.3611,40.2794
S07,653,0.477072,0.001142,62.7701,0.121577,0.008213,62.7701,51.4163,40.3257
S07,654,0.478218,0.001145,62.8581,0.12204,0.008232,62.8581,51.4809,40.3871
S07,655,0.479365,0.001148,62.981,0.122412,0.008246,62.981,51.5589,40.4687
S07,656,0.480516,0.001151,63.0582,0.122938,0.008268,63.0582,51.6335,40.5095
S07,657,0.481669,0.001153,63.1379,0.123264,0.008281,63.1379,51.7103,40.5457
S07,658,0.482825,0.001155,63.2719,0.123602,0.008294,63.2719,51.7804,40.6084
S07,659,0.483984,0.001159,63.3899,0.124182,0.008318,63.3899,51.8395,40.6483
S07,660,0.485146,0.001162,63.506,0.124694,0.008339,63.506,51.9231,40.7081
S07,661,0.486311,0.001165,63.5709,0.125199,0.008359,63.5709,51.9828,40.7557
S07,662,0.487479,0.001167,63.6741,0.125476,0.00837,63.6741,52.0425,40.7901
S07,663,0.488649,0.00117,63.7616,0.125926,0.008388,63.7616,52.1056,40.8439
S07,664,0.489821,0.001173,63.8512,0.126307,0.008403,63.8512,52.1706,40.8907
S07,665,0.490996,0.001175,63.9668,0.126698,0.008418,63.9668,52.2627,40.9386
S07,666,0.492174,0.001178,64.0752,0.127209,0.008438,64.0752,52.3253,40.9891
S07,667,0.493356,0.001181,64.1931,0.12769,0.008458,64.1931,52.4028,41.0309
S07,668,0.49454,0.001185,64.2949,0.128215,0.008479,64.2949,52.4739,41.079
S07,669,0.495728,0.001187,64.3558,0.128668,0.008496,64.3558,52.543,41.1099
S07,670,0.496917,0.001189,64.4396,0.128935,0.008506,64.4396,52.6275,41.1587
S07,671,0.498108,0.001191,64.5488,0.129308,0.008521,64.5488,52.7101,41.2017
S07,672,0.499303,0.001195,64.6574,0.1298,0.00854,64.6574,52.7706,41.2305
S07,673,0.500501,0.001198,64.7874,0.130291,0.008559,64.7874,52.8298,41.2689
S07,674,0.501702,0.001201,64.8742,0.130883,0.008583,64.8742,52.8892,41.3126
S07,675,0.502906,0.001204,65.0165,0.131276,0.008598,65.0165,52.9669,41.3711
S07,676,0.504114,0.001208,65.1532,0.13193,0.008624,65.1532,53.0407,41.4233
S07,677,0.505326,0.001212,65.2617,0.13256,0.008649,65.2617,53.1186,41.4738
S07,678,0.506541,0.001215,65.3604,0.133061,0.008669,65.3604,53.1859,41.5276
S07,679,0.507758,0.001218,65.4708,0.133516,0.008686,65.4708,53.2645,41.5886
S07,680,0.508979,0.001221,65.5591,0.134029,0.008706,65.5591,53.3499,41.6227
S07,681,0.510203,0.001224,65.6631,0.134439,0.008721,65.6631,53.4102,41.6692
S07,682,0.51143,0.001227,65.7868,0.134925,0.00874,65.7868,53.4714,41.7216
S07,683,0.51266,0.00123,65.8854,0.135507,0.008763,65.8854,53.5261,41.7629
S07,684,0.513893,0.001233,66.0119,0.135971,0.00878,66.0119,53.5924,41.8107
S07,685,0.51513,0.001237,66.1073,0.136571,0.008803,66.1073,53.6589,41.8458
S07,686,0.516369,0.00124,66.2314,0.137023,0.008821,66.2314,53.7238,41.8994
S07,687,0.517613,0.001243,66.3515,0.137616,0.008843,66.3515,53.8007,41.9537
S07,688,0.518859,0.001247,66.437,0.138191,0.008865,66.437,53.8811,41.9872
S07,689,0.520109,0.001249,66.5727,0.1386,0.00888,66.5727,53.9655,42.0367
S07,690,0.521362,0.001253,66.7108,0.139257,0.008906,66.7108,54.0342,42.086
S07,691,0.52262,0.001257,66.835,0.139928,0.008931,66.835,54.108,42.1332
S07,692,0.523881,0.001261,66.9366,0.140534,0.008954,66.9366,54.1902,42.1823
S07,693,0.525145,0.001264,67.0397,0.141029,0.008973,67.0397,54.2808,42.2337
S07,694,0.526412,0.001267,67.1369,0.141534,0.008992,67.1369,54.3664,42.2572
S07,695,0.527683,0.00127,67.2374,0.142011,0.009009,67.2374,54.4251,42.3005
S07,696,0.528956,0.001273,67.3709,0.142506,0.009028,67.3709,54.5057,42.3475
S07,697,0.530233,0.001277,67.5084,0.143169,0.009052,67.5084,54.5788,42.4099
S07,698,0.531515,0.001282,67.6149,0.143856,0.009078,67.6149,54.6428,42.4553
S07,699,0.532799,0.001285,67.7385,0.144388,0.009098,67.7385,54.7082,42.5002
S07,700,0.534088,0.001289,67.872,0.145009,0.009121,67.872,54.7854,42.5496
S07,701,0.535381,0.001293,67.9805,0.145684,0.009146,67.9805,54.8588,42.6122
S07,702,0.536676,0.001296,68.086,0.146233,0.009166,68.086,54.9423,42.6535
S07,703,0.537976,0.001299,68.2395,0.146768,0.009186,68.2395,55.027,42.698
S07,704,0.53928,0.001304,68.3389,0.147554,0.009215,68.3389,55.1058,42.7561
S07,705,0.540587,0.001307,68.4459,0.148062,0.009233,68.4459,55.1744,42.8074
S07,706,0.541897,0.00131,68.5488,0.148612,0.009253,68.5488,55.2751,42.8696
S07,707,0.54321,0.001314,68.6851,0.149143,0.009272,68.6851,55.3762,42.9151
S07,708,0.544528,0.001318,68.7896,0.14985,0.009298,68.7896,55.4446,42.9526
S07,709,0.545849,0.001321,68.9314,0.150394,0.009317,68.9314,55.5286,43.0129
S07,710,0.547175,0.001326,69.0871,0.151136,0.009344,69.0871,55.594,43.0575
S07,711,0.548505,0.00133,69.2254,0.151956,0.009374,69.2254,55.6858,43.0974
S07,712,0.54984,0.001335,69.3518,0.152687,0.0094,69.3518,55.7788,43.1441
S07,713,0.551179,0.001339,69.4628,0.153358,0.009424,69.4628,55.8577,43.1929
S07,714,0.552521,0.001342,69.5944,0.153948,0.009445,69.5944,55.9428,43.2438
S07,715,0.553868,0.001347,69.7171,0.154653,0.00947,69.7171,56.038,43.2935
S07,716,0.555218,0.00135,69.8226,0.155311,0.009494,69.8226,56.1321,43.3384
S07,717,0.556572,0.001354,69.9568,0.155879,0.009513,69.9568,56.1967,43.3802
S07,718,0.55793,0.001358,70.0696,0.156606,0.009539,70.0696,56.2925,43.426
S07,719,0.559292,0.001362,70.2167,0.157218,0.00956,70.2167,56.378,43.4812
S07,720,0.560659,0.001367,70.3537,0.158022,0.009589,70.3537,56.4638,43.5291
S07,721,0.56203,0.001371,70.4683,0.158774,0.009615,70.4683,56.5498,43.5914
S07,722,0.563405,0.001375,70.5707,0.159405,0.009637,70.5707,56.6446,43.6445
S07,723,0.564783,0.001378,70.6946,0.15997,0.009656,70.6946,56.7231,43.6931
S07,724,0.566165,0.001382,70.8155,0.160657,0.00968,70.8155,56.8012,43.7349
S07,725,0.567551,0.001386,70.974,0.16133,0.009703,70.974,56.8893,43.7501
S07,726,0.568942,0.001391,71.1076,0.162219,0.009734,71.1076,56.9697,43.8079
S07,727,0.570338,0.001396,71.2361,0.162971,0.00976,71.2361,57.0466,43.8514
S07,728,0.571738,0.0014,71.3649,0.163696,0.009785,71.3649,57.152,43.8933
S07,729,0.573142,0.001404,71.509,0.164427,0.00981,71.509,57.2529,43.9483
S07,730,0.574552,0.001409,71.6765,0.165249,0.009838,71.6765,57.3427,43.9942
S07,731,0.575966,0.001415,71.7791,0.166209,0.00987,71.7791,57.4336,44.0409
S07,732,0.577385,0.001418,71.9084,0.166799,0.00989,71.9084,57.5162,44.0944
S07,733,0.578807,0.001423,72.0238,0.167545,0.009915,72.0238,57.6108,44.1327
S07,734,0.580234,0.001426,72.1304,0.168214,0.009937,72.1304,57.7079,44.1769
S07,735,0.581664,0.00143,72.3034,0.168835,0.009958,72.3034,57.7976,44.2331
S07,736,0.5831,0.001436,72.4534,0.169847,0.009992,72.4534,57.8999,44.3113
S07,737,0.584541,0.001441,72.6049,0.170729,0.010021,72.6049,57.9867,44.349
S07,738,0.585987,0.001446,72.7978,0.171625,0.010051,72.7978,58.0834,44.4085
S07,739,0.58744,0.001453,72.9162,0.172772,0.010089,72.9162,58.1686,44.4587
S07,740,0.588897,0.001457,73.051,0.173479,0.010112,73.051,58.2396,44.5191
S07,741,0.590359,0.001462,73.1841,0.174287,0.010138,73.1841,58.3142,44.5754
S07,742,0.591825,0.001466,73.3099,0.175089,0.010165,73.3099,58.4137,44.6285
S07,743,0.593296,0.001471,73.4268,0.17585,0.010189,73.4268,58.4847,44.683
S07,744,0.594771,0.001475,73.555,0.17656,0.010212,73.555,58.5663,44.7303
S07,745,0.59625,0.001479,73.7163,0.177341,0.010237,73.7163,58.6687,44.7665
S07,746,0.597735,0.001485,73.8606,0.17833,0.010269,73.8606,58.7591,44.8133
S07,747,0.599225,0.00149,74.0145,0.179218,0.010298,74.0145,58.8513,44.8759
S07,748,0.60072,0.001496,74.1599,0.180171,0.010328,74.1599,58.9462,44.9487
S07,749,0.602221,0.001501,74.3278,0.181075,0.010357,74.3278,59.041,45.0108
S07,750,0.603728,0.001507,74.5203,0.182124,0.01039,74.5203,59.1424,45.0515
S07,751,0.605241,0.001514,74.6254,0.183335,0.010428,74.6254,59.2357,45.0984
S07,752,0.606759,0.001517,74.7712,0.183998,0.010449,74.7712,59.3289,45.1801
S07,753,0.608281,0.001523,74.9076,0.184924,0.010478,74.9076,59.439,45.243
S07,754,0.609809,0.001528,75.0272,0.185793,0.010505,75.0272,59.5285,45.3132
S07,755,0.611341,0.001532,75.1932,0.186558,0.010529,75.1932,59.6207,45.3629
S07,756,0.612879,0.001538,75.3452,0.187625,0.010562,75.3452,59.711,45.418
S07,757,0.614422,0.001544,75.4566,0.188607,0.010592,75.4566,59.822,45.4784
S07,758,0.61597,0.001548,75.5794,0.18933,0.010615,75.5794,59.9342,45.5191
S07,759,0.617522,0.001552,75.7353,0.19013,0.010639,75.7353,60.0243,45.57
S07,760,0.61908,0.001558,75.8946,0.19115,0.01067,75.8946,60.12,45.6285
S07,761,0.620643,0.001564,76.0756,0.192198,0.010702,76.0756,60.2151,45.6883
S07,762,0.622214,0.001571,76.2201,0.193395,0.010739,76.2201,60.3119,45.7475
S07,763,0.62379,0.001576,76.3954,0.194356,0.010768,76.3954,60.4108,45.7905
S07,764,0.625372,0.001582,76.5611,0.195527,0.010803,76.5611,60.5034,45.8635
S07,765,0.626961,0.001589,76.7337,0.19664,0.010836,76.7337,60.6064,45.9286
S07,766,0.628556,0.001595,76.8938,0.197805,0.010871,76.8938,60.7117,45.9825
S07,767,0.630158,0.001601,77.0638,0.198893,0.010903,77.0638,60.8258,46.0634
S07,768,0.631765,0.001608,77.217,0.200053,0.010937,77.217,60.9196,46.124
S07,769,0.633379,0.001614,77.3886,0.201105,0.010968,77.3886,61.0039,46.1847
S07,770,0.634999,0.00162,77.5411,0.202288,0.011003,77.5411,61.0872,46.2354
S07,771,0.636626,0.001626,77.7204,0.203346,0.011033,77.7204,61.1887,46.2935
S07,772,0.638259,0.001633,77.9203,0.204595,0.01107,77.9203,61.2688,46.3584
S07,773,0.639899,0.001641,78.1046,0.205996,0.01111,78.1046,61.3602,46.4318
S07,774,0.641548,0.001648,78.2952,0.207296,0.011147,78.2952,61.46,46.4823
S07,775,0.643203,0.001656,78.4858,0.208648,0.011186,78.4858,61.5717,46.5455
S07,776,0.644866,0.001663,78.6595,0.210009,0.011224,78.6595,61.6669,46.6106
S07,777,0.646536,0.00167,78.8141,0.211257,0.011259,78.8141,61.7671,46.655
S07,778,0.648212,0.001676,78.9702,0.212373,0.011291,78.9702,61.8638,46.7241
S07,779,0.649895,0.001682,79.1498,0.213506,0.011323,79.1498,61.9702,46.802
S07,780,0.651584,0.00169,79.3198,0.214816,0.011359,79.3198,62.0666,46.8644
S07,781,0.65328,0.001696,79.4903,0.216063,0.011394,79.4903,62.1592,46.9217
S07,782,0.654984,0.001703,79.6945,0.21732,0.011428,79.6945,62.256,46.9815
S07,783,0.656695,0.001712,79.8751,0.218834,0.01147,79.8751,62.3612,47.0423
S07,784,0.658414,0.001719,80.0495,0.220182,0.011507,80.0495,62.4722,47.1089
S07,785,0.66014,0.001726,80.2363,0.221491,0.011542,80.2363,62.5894,47.1609
S07,786,0.661874,0.001734,80.4266,0.2229,0.01158,80.4266,62.7054,47.2252
S07,787,0.663615,0.001742,80.5861,0.224345,0.011619,80.5861,62.8167,47.2992
S07,788,0.665364,0.001748,80.7817,0.225564,0.011652,80.7817,62.9171,47.356
S07,789,0.66712,0.001756,80.9761,0.227066,0.011692,80.9761,63.0277,47.4107
S07,790,0.668884,0.001764,81.1362,0.228566,0.011731,81.1362,63.1158,47.48
S07,791,0.670656,0.001771,81.3125,0.229811,0.011764,81.3125,63.2307,47.5388
S07,792,0.672434,0.001779,81.5047,0.231189,0.0118,81.5047,63.3452,47.6051
S07,793,0.674221,0.001787,81.6687,0.232698,0.01184,81.6687,63.4567,47.6786
S07,794,0.676015,0.001794,81.8878,0.233995,0.011874,81.8878,63.5523,47.7588
S07,795,0.677818,0.001803,82.1125,0.235734,0.011918,82.1125,63.6479,47.8124
S07,796,0.67963,0.001813,82.3046,0.237531,0.011964,82.3046,63.7521,47.8653
S07,797,0.681451,0.001821,82.5102,0.239078,0.012004,82.5102,63.862,47.9526
S07,798,0.683281,0.00183,82.6862,0.240744,0.012046,82.6862,63.9924,48.0165
S07,799,0.685119,0.001838,82.8702,0.242179,0.012082,82.8702,64.0852,48.0804
S07,800,0.686965,0.001846,83.0515,0.243688,0.01212,83.0515,64.1859,48.1483
S07,801,0.688818,0.001854,83.2096,0.245184,0.012158,83.2096,64.3102,48.206
S07,802,0.690679,0.001861,83.4524,0.246497,0.01219,83.4524,64.4298,48.2514
S07,803,0.69255,0.001871,83.6408,0.24852,0.01224,83.6408,64.5449,48.3261
S07,804,0.69443,0.00188,83.8772,0.250103,0.012279,83.8772,64.6594,48.392
S07,805,0.69632,0.00189,84.0778,0.252099,0.012328,84.0778,64.7813,48.4522
S07,806,0.69822,0.001899,84.2576,0.253807,0.012369,84.2576,64.8975,48.5164
S07,807,0.700127,0.001908,84.4835,0.255347,0.012406,84.4835,65.0102,48.5681
S07,808,0.702045,0.001918,84.6975,0.257292,0.012453,84.6975,65.1256,48.6451
S07,809,0.703973,0.001928,84.9379,0.259149,0.012497,84.9379,65.2411,48.7177
S07,810,0.705911,0.001939,85.1234,0.261247,0.012546,85.1234,65.3666,48.8017
S07,811,0.707859,0.001947,85.3705,0.26288,0.012585,85.3705,65.491,48.8666
S07,812,0.709817,0.001959,85.5882,0.265066,0.012636,85.5882,65.5963,48.9313
S07,813,0.711786,0.001969,85.7803,0.267006,0.012681,85.7803,65.7395,49.0053
S07,814,0.713764,0.001978,86.0428,0.268731,0.012721,86.0428,65.8557,49.0887
S07,815,0.715754,0.00199,86.2349,0.271101,0.012775,86.2349,65.9681,49.1668
S07,816,0.717754,0.001999,86.4705,0.27285,0.012815,86.4705,66.0804,49.2274
S07,817,0.719764,0.002011,86.6941,0.275008,0.012863,86.6941,66.2209,49.3002
S07,818,0.721786,0.002021,86.9503,0.27707,0.01291,86.9503,66.3391,49.3693
S07,819,0.723819,0.002034,87.201,0.279449,0.012963,87.201,66.4675,49.426
S07,820,0.725865,0.002046,87.4267,0.281796,0.013014,87.4267,66.5934,49.4857
S07,821,0.727922,0.002057,87.6811,0.283925,0.013061,87.6811,66.7133,49.5658
S07,822,0.729991,0.002069,87.8711,0.286341,0.013114,87.8711,66.8466,49.6312
S07,823,0.73207,0.002079,88.0957,0.288163,0.013154,88.0957,66.9758,49.7108
S07,824,0.73416,0.00209,88.3348,0.290326,0.0132,88.3348,67.1106,49.7775
S07,825,0.736261,0.002102,88.5956,0.292645,0.01325,88.5956,67.2223,49.8374
S07,826,0.738376,0.002115,88.8875,0.295193,0.013304,88.8875,67.3565,49.9005
S07,827,0.740506,0.00213,89.1673,0.298067,0.013364,89.1673,67.4708,49.9821
S07,828,0.742649,0.002144,89.4119,0.300847,0.013422,89.4119,67.5994,50.0338
S07,829,0.744806,0.002156,89.6598,0.303298,0.013473,89.6598,67.725,50.1071
S07,830,0.746975,0.002169,89.8978,0.305802,0.013524,89.8978,67.8592,50.1833
S07,831,0.749156,0.002181,90.1363,0.308225,0.013574,90.1363,67.9835,50.2509
S07,832,0.75135,0.002194,90.371,0.31067,0.013623,90.371,68.1078,50.3268
S07,833,0.753556,0.002206,90.5948,0.313094,0.013672,90.5948,68.2495,50.3973
S07,834,0.755774,0.002218,90.8609,0.315422,0.013719,90.8609,68.3981,50.4427
S07,835,0.758005,0.002232,91.1172,0.318209,0.013774,91.1172,68.541,50.5013
S07,836,0.760251,0.002245,91.3832,0.320915,0.013828,91.3832,68.685,50.5552
S07,837,0.762511,0.00226,91.6378,0.323746,0.013883,91.6378,68.8158,50.6358
S07,838,0.764784,0.002273,91.9219,0.326477,0.013936,91.9219,68.9354,50.709
S07,839,0.767073,0.002289,92.2027,0.329548,0.013995,92.2027,69.0717,50.7736
S07,840,0.7671,0.000277,92.1835,0.039913,0.064054,92.1835,69.2106,50.845
S07,841,0.767126,0.000276,92.1617,0.039892,0.064052,92.1617,69.347,50.9136
S07,842,0.767152,0.000276,92.1463,0.039868,0.06405,92.1463,69.4665,50.9765
S07,843,0.767178,0.000276,92.1603,0.039853,0.064049,92.1603,69.6095,51.0658
S07,844,0.767204,0.000276,92.1404,0.039875,0.064054,92.1404,69.7249,51.1511
S07,845,0.767231,0.000276,92.1038,0.039854,0.064053,92.1038,69.8622,51.2223
S07,846,0.767256,0.000276,92.0889,0.039811,0.064048,92.0889,69.9897,51.2913
S07,847,0.767282,0.000276,92.0407,0.039796,0.064047,92.0407,70.1291,51.3692
S07,848,0.767308,0.000275,92.0115,0.039737,0.06404,92.0115,70.2625,51.4419
S07,849,0.767333,0.000275,91.9897,0.039704,0.064036,91.9897,70.4146,51.527
S07,850,0.767358,0.000275,91.9618,0.03968,0.064034,91.9618,70.5398,51.6155
S07,851,0.767383,0.000275,91.9773,0.039649,0.064031,91.9773,70.6641,51.6937
S07,852,0.767408,0.000275,91.9813,0.039673,0.064037,91.9813,70.7982,51.7726
S07,853,0.767433,0.000275,91.9645,0.039683,0.06404,91.9645,70.9216,51.8456
S07,854,0.767458,0.000275,91.9496,0.039666,0.064039,91.9496,71.0509,51.9259
S07,855,0.767482,0.000275,91.9241,0.039652,0.064039,91.9241,71.1548,52.0136
S07,856,0.767507,0.000275,91.9228,0.039623,0.064037,91.9228,71.272,52.0959
S07,857,0.767532,0.000275,91.9,0.039626,0.064039,91.9,71.3976,52.1683
S07,858,0.767556,0.000274,91.853,0.039602,0.064037,91.853,71.5277,52.2563
S07,859,0.76758,0.000274,91.8413,0.039546,0.06403,91.8413,71.6406,52.3308
S07,860,0.767604,0.000274,91.8372,0.039535,0.064031,91.8372,71.7626,52.3842
S07,861,0.767628,0.000274,91.7938,0.039535,0.064033,91.7938,71.8828,52.4599
S07,862,0.767652,0.000274,91.7866,0.039484,0.064027,91.7866,72.0058,52.5381
S07,863,0.767676,0.000274,91.7899,0.039479,0.064028,91.7899,72.1166,52.6158
S07,864,0.7677,0.000274,91.7654,0.039489,0.064032,91.7654,72.2305,52.6741
S07,865,0.767723,0.000274,91.7829,0.039462,0.06403,91.7829,72.362,52.7537
S07,866,0.767747,0.000274,91.7536,0.03949,0.064036,91.7536,72.4873,52.84
S07,867,0.76777,0.000273,91.7326,0.039457,0.064033,91.7326,72.6077,52.9252
S07,868,0.767794,0.000273,91.7317,0.039435,0.064032,91.7317,72.7296,52.9871
S07,869,0.767817,0.000273,91.7207,0.039439,0.064034,91.7207,72.8566,53.0658
S07,870,0.76784,0.000273,91.683,0.03943,0.064035,91.683,72.9752,53.1391
S07,871,0.767863,0.000273,91.6714,0.039387,0.064031,91.6714,73.0858,53.227
S07,872,0.767886,0.000273,91.6876,0.039377,0.064031,91.6876,73.1911,53.3203
S07,873,0.767909,0.000273,91.6839,0.039403,0.064038,91.6839,73.3133,53.3889
S07,874,0.767932,0.000273,91.6751,0.039404,0.06404,91.6751,73.4023,53.4747
S07,875,0.767955,0.000273,91.6785,0.039398,0.064041,91.6785,73.5063,53.557
S07,876,0.767978,0.000273,91.6103,0.039407,0.064045,91.6103,73.6122,53.6315
S07,877,0.768001,0.000273,91.5726,0.039325,0.064035,91.5726,73.7143,53.7271
S07,878,0.768023,0.000272,91.5272,0.039282,0.06403,91.5272,73.827,53.8001
S07,879,0.768045,0.000272,91.502,0.039229,0.064024,91.502,73.9369,53.8686
S07,880,0.768067,0.000272,91.4706,0.039202,0.064023,91.4706,74.0383,53.9442
S07,881,0.768089,0.000272,91.4316,0.039167,0.064019,91.4316,74.1505,54.0134
S07,882,0.76811,0.000271,91.4001,0.039123,0.064015,91.4001,74.2521,54.0941
S07,883,0.768131,0.000271,91.3967,0.039088,0.064012,91.3967,74.3671,54.1651
S07,884,0.768152,0.000271,91.384,0.039089,0.064015,91.384,74.4745,54.2402
S07,885,0.768173,0.000271,91.3481,0.039079,0.064015,91.3481,74.5765,54.3215
S07,886,0.768194,0.000271,91.3158,0.039038,0.064012,91.3158,74.6745,54.413
S07,887,0.768215,0.000271,91.2961,0.039003,0.064008,91.2961,74.7454,54.4839
S07,888,0.768235,0.00027,91.2855,0.038983,0.064008,91.2855,74.8425,54.5813
S07,889,0.768256,0.00027,91.2457,0.038976,0.064009,91.2457,74.9513,54.6555
S07,890,0.768276,0.00027,91.2033,0.038931,0.064005,91.2033,75.0528,54.752
S07,891,0.768296,0.00027,91.1843,0.038882,0.064,91.1843,75.1381,54.8216
S07,892,0.768315,0.00027,91.1639,0.038864,0.063999,91.1639,75.242,54.9212
S07,893,0.768335,0.00027,91.1303,0.038844,0.063999,91.1303,75.3418,55.0049
S07,894,0.768354,0.000269,91.0991,0.038807,0.063996,91.0991,75.4444,55.0875
S07,895,0.768373,0.000269,91.0552,0.038773,0.063993,91.0552,75.5352,55.1741
S07,896,0.768392,0.000269,90.9947,0.038723,0.063988,90.9947,75.6336,55.2557
S07,897,0.768411,0.000268,90.9829,0.038652,0.063979,90.9829,75.7258,55.34
S07,898,0.768429,0.000268,90.9641,0.038643,0.063981,90.9641,75.8079,55.4227
S07,899,0.768448,0.000268,90.9186,0.038626,0.063981,90.9186,75.8821,55.4944
S07,900,0.768466,0.000268,90.909,0.038574,0.063975,90.909,75.9582,55.573
S07,901,0.768483,0.000268,90.9179,0.038568,0.063977,90.9179,76.0351,55.6574
S07,902,0.768501,0.000268,90.8844,0.038585,0.063982,90.8844,76.1205,55.7564
S07,903,0.768519,0.000268,90.8588,0.038549,0.06398,90.8588,76.2196,55.8493
S07,904,0.768537,0.000268,90.8457,0.038523,0.063978,90.8457,76.3219,55.936
S07,905,0.768554,0.000268,90.8543,0.038512,0.063979,90.8543,76.4144,56.0185
S07,906,0.768572,0.000268,90.8353,0.038529,0.063985,90.8353,76.4912,56.1243
S07,907,0.768589,0.000267,90.8229,0.038512,0.063985,90.8229,76.5695,56.1993
S07,908,0.768607,0.000267,90.7936,0.038502,0.063986,90.7936,76.6495,56.2556
S07,909,0.768624,0.000267,90.7717,0.038471,0.063984,90.7717,76.7459,56.3481
S07,910,0.768641,0.000267,90.7336,0.03845,0.063984,90.7336,76.8264,56.4419
S07,911,0.768658,0.000267,90.6756,0.038408,0.06398,90.6756,76.915,56.5089
S07,912,0.768674,0.000266,90.6556,0.038342,0.063973,90.6556,76.9982,56.5675
S07,913,0.768691,0.000266,90.6463,0.038323,0.063973,90.6463,77.0729,56.6201
S07,914,0.768707,0.000266,90.6319,0.038317,0.063975,90.6319,77.1519,56.716
S07,915,0.768723,0.000266,90.5922,0.038306,0.063976,90.5922,77.2235,56.8052
S07,916,0.768739,0.000266,90.584,0.038262,0.063972,90.584,77.298,56.872
S07,917,0.768755,0.000266,90.5784,0.038258,0.063974,90.5784,77.3941,56.9387
S07,918,0.76877,0.000266,90.5461,0.038258,0.063977,90.5461,77.4847,57.0205
S07,919,0.768786,0.000266,90.5413,0.038224,0.063975,90.5413,77.5795,57.1178
S07,920,0.768802,0.000266,90.5453,0.038224,0.063978,90.5453,77.6729,57.1932
S07,921,0.768817,0.000266,90.4996,0.038236,0.063983,90.4996,77.7477,57.2585
S07,922,0.768832,0.000265,90.5037,0.038185,0.063978,90.5037,77.8351,57.3308
S07,923,0.768848,0.000265,90.4879,0.038196,0.063983,90.4879,77.9206,57.4274
S07,924,0.768863,0.000265,90.4705,0.038183,0.063984,90.4705,78.0159,57.505
S07,925,0.768878,0.000265,90.4766,0.038168,0.063985,90.4766,78.1074,57.5947
S07,926,0.768893,0.000265,90.4788,0.038182,0.063991,90.4788,78.1832,57.6815
S07,927,0.768908,0.000265,90.4538,0.038192,0.063995,90.4538,78.2615,57.7548
S07,928,0.768923,0.000265,90.4282,0.038167,0.063995,90.4282,78.3268,57.8457
S07,929,0.768938,0.000265,90.4083,0.038142,0.063994,90.4083,78.3994,57.9093
S07,930,0.768953,0.000265,90.3819,0.038123,0.063994,90.3819,78.4643,58.0095
S07,931,0.768967,0.000265,90.341,0.038097,0.063993,90.341,78.5482,58.0846
S07,932,0.768982,0.000264,90.326,0.038053,0.06399,90.326,78.6366,58.1884
S07,933,0.768996,0.000264,90.2949,0.038041,0.063991,90.2949,78.7285,58.2647
S07,934,0.76901,0.000264,90.2818,0.038009,0.063989,90.2818,78.7945,58.3485
S07,935,0.769024,0.000264,90.2346,0.037999,0.063991,90.2346,78.8568,58.4378
S07,936,0.769037,0.000264,90.2036,0.037947,0.063986,90.2036,78.9138,58.5206
S07,937,0.76905,0.000263,90.1827,0.037916,0.063984,90.1827,78.9806,58.59
S07,938,0.769064,0.000263,90.1666,0.037896,0.063985,90.1666,79.0406,58.6719
S07,939,0.769077,0.000263,90.131,0.037883,0.063986,90.131,79.0989,58.7618
S07,940,0.76909,0.000263,90.0825,0.037846,0.063983,90.0825,79.1622,58.8561
S07,941,0.769102,0.000263,90.0798,0.037793,0.063978,90.0798,79.2293,58.9419
S07,942,0.769115,0.000263,90.0676,0.037796,0.063982,90.0676,79.298,59.0277
S07,943,0.769127,0.000263,90.0427,0.037788,0.063984,90.0427,79.3664,59.0956
S07,944,0.76914,0.000262,89.9886,0.037764,0.063984,89.9886,79.4278,59.1726
S07,945,0.769152,0.000262,89.9612,0.037704,0.063978,89.9612,79.4924,59.2471
S07,946,0.769164,0.000262,89.9527,0.037677,0.063977,89.9527,79.5485,59.3247
S07,947,0.769175,0.000262,89.9268,0.037674,0.06398,89.9268,79.6047,59.3982
S07,948,0.769187,0.000262,89.9171,0.037649,0.06398,89.9171,79.6828,59.478
S07,949,0.769199,0.000262,89.8881,0.037644,0.063982,89.8881,79.7489,59.5502
S07,950,0.76921,0.000261,89.8368,0.037615,0.063981,89.8368,79.8152,59.6289
S07,951,0.769221,0.000261,89.7869,0.037559,0.063976,89.7869,79.8685,59.7222
S07,952,0.769232,0.000261,89.7468,0.037505,0.063971,89.7468,79.9225,59.8215
S07,953,0.769242,0.00026,89.7452,0.037463,0.063967,89.7452,79.9866,59.9154
S07,954,0.769253,0.00026,89.7246,0.037468,0.063972,89.7246,80.0422,60.0124
S07,955,0.769263,0.00026,89.7065,0.037449,0.063973,89.7065,80.0891,60.0997
S07,956,0.769273,0.00026,89.6876,0.037434,0.063974,89.6876,80.1472,60.1823
S07,957,0.769283,0.00026,89.6675,0.037418,0.063975,89.6675,80.1957,60.2548
S07,958,0.769293,0.00026,89.6248,0.037401,0.063976,89.6248,80.2661,60.3438
S07,959,0.769303,0.00026,89.613,0.037356,0.063972,89.613,80.3194,60.4213
S07,960,0.769313,0.00026,89.5856,0.037348,0.063975,89.5856,80.3696,60.4891
S07,961,0.769322,0.000259,89.5707,0.037322,0.063974,89.5707,80.412,60.5727
S07,962,0.769331,0.000259,89.5675,0.037311,0.063976,89.5675,80.4648,60.6533
S07,963,0.769341,0.000259,89.5365,0.037314,0.063981,89.5365,80.4961,60.7404
S07,964,0.76935,0.000259,89.5005,0.037284,0.063979,89.5005,80.5319,60.8249
S07,965,0.769359,0.000259,89.4459,0.037247,0.063977,89.4459,80.5909,60.8972
S07,966,0.769367,0.000259,89.431,0.037188,0.063971,89.431,80.627,60.9782
S07,967,0.769376,0.000258,89.4114,0.037177,0.063973,89.4114,80.6839,61.0778
S07,968,0.769384,0.000258,89.3561,0.03716,0.063975,89.3561,80.7371,61.1565
S07,969,0.769392,0.000258,89.3379,0.0371,0.063969,89.3379,80.7973,61.2223
S07,970,0.7694,0.000258,89.3238,0.037085,0.06397,89.3238,80.845,61.2917
S07,971,0.769408,0.000258,89.3207,0.037076,0.063972,89.3207,80.8878,61.3712
S07,972,0.769416,0.000258,89.2721,0.037079,0.063977,89.2721,80.9274,61.4301
S07,973,0.769423,0.000257,89.2819,0.037027,0.063972,89.2819,80.9687,61.4925
S07,974,0.769431,0.000258,89.2361,0.037047,0.06398,89.2361,81.0079,61.5556
S07,975,0.769438,0.000257,89.1881,0.036998,0.063976,89.1881,81.0456,61.6462
S07,976,0.769445,0.000257,89.145,0.036948,0.063971,89.145,81.0841,61.7282
S07,977,0.769452,0.000257,89.1418,0.036903,0.063968,89.1418,81.14,61.7897
S07,978,0.769458,0.000257,89.1129,0.036906,0.063972,89.1129,81.1963,61.8746
S07,979,0.769465,0.000257,89.0859,0.036879,0.063972,89.0859,81.2406,61.9563
S07,980,0.769471,0.000256,89.1055,0.036854,0.063972,89.1055,81.2784,62.0193
S07,981,0.769478,0.000256,89.1074,0.036885,0.063981,89.1074,81.3348,62.0949
S07,982,0.769484,0.000256,89.0711,0.036895,0.063987,89.0711,81.3782,62.1661
S07,983,0.76949,0.000256,89.0552,0.036858,0.063985,89.0552,81.4308,62.2381
S07,984,0.769497,0.000256,89.0319,0.036846,0.063987,89.0319,81.472,62.3011
S07,985,0.769503,0.000256,88.9867,0.036826,0.063988,88.9867,81.5205,62.3778
S07,986,0.769508,0.000256,88.9567,0.036779,0.063984,88.9567,81.561,62.4624
S07,987,0.769514,0.000256,88.9355,0.03675,0.063983,88.9355,81.612,62.5527
S07,988,0.769519,0.000255,88.9267,0.036732,0.063984,88.9267,81.6734,62.6236
S07,989,0.769525,0.000255,88.9238,0.036729,0.063988,88.9238,81.7357,62.6934
S07,990,0.76953,0.000255,88.9148,0.036733,0.063993,88.9148,81.7801,62.7827
S07,991,0.769535,0.000255,88.9138,0.03673,0.063997,88.9138,81.8236,62.854
S07,992,0.76954,0.000255,88.8541,0.036736,0.064002,88.8541,81.8691,62.9286
S07,993,0.769545,0.000255,88.854,0.036672,0.063995,88.854,81.9004,62.9923
S07,994,0.76955,0.000255,88.8723,0.036679,0.064001,88.8723,81.9428,63.0613
S07,995,0.769555,0.000255,88.8973,0.036709,0.06401,88.8973,81.9893,63.1092
S07,996,0.76956,0.000255,88.8646,0.036747,0.064021,88.8646,82.0331,63.1741
S07,997,0.769565,0.000255,88.834,0.036715,0.06402,88.834,82.0815,63.2486
S07,998,0.76957,0.000255,88.8128,0.036686,0.064019,88.8128,82.1162,63.3163
S07,999,0.769575,0.000255,88.7871,0.036668,0.06402,88.7871,82.1736,63.3859
S07,1000,0.769579,0.000254,88.7191,0.036645,0.064021,88.7191,82.2082,63.4482
S07,1001,0.769583,0.000254,88.7247,0.036571,0.064013,88.7247,82.249,63.5124
S07,1002,0.769587,0.000254,88.7012,0.036585,0.064019,88.7012,82.2799,63.5735
S07,1003,0.769591,0.000254,88.659,0.036565,0.06402,88.659,82.317,63.6576
S07,1004,0.769595,0.000254,88.61,0.036522,0.064018,88.61,82.3339,63.7452
S07,1005,0.769598,0.000253,88.5769,0.036471,0.064013,88.5769,82.3772,63.8276
S07,1006,0.769601,0.000253,88.5407,0.036439,0.064012,88.5407,82.3991,63.896
S07,1007,0.769604,0.000253,88.5282,0.036404,0.064011,88.5282,82.4236,63.9625
S07,1008,0.769607,0.000253,88.4987,0.036397,0.064014,88.4987,82.4475,64.0416
S07,1009,0.76961,0.000253,88.4934,0.036369,0.064014,88.4934,82.4918,64.1055
S07,1010,0.769613,0.000253,88.4521,0.03637,0.064019,88.4521,82.5207,64.1625
S07,1011,0.769615,0.000252,88.4226,0.036329,0.064016,88.4226,82.5508,64.2108
S07,1012,0.769617,0.000252,88.3981,0.036302,0.064016,88.3981,82.5919,64.2762
S07,1013,0.769619,0.000252,88.3846,0.03628,0.064017,88.3846,82.6221,64.3483
S07,1014,0.769621,0.000252,88.3676,0.036272,0.06402,88.3676,82.6504,64.4147
S07,1015,0.769623,0.000252,88.3638,0.036259,0.064022,88.3638,82.6945,64.5004
S07,1016,0.769625,0.000252,88.3819,0.036263,0.064027,88.3819,82.7189,64.5871
S07,1017,0.769627,0.000252,88.3599,0.036292,0.064037,88.3599,82.7546,64.6536
S07,1018,0.769629,0.000252,88.3478,0.036274,0.064038,88.3478,82.7725,64.7204
S07,1019,0.769631,0.000252,88.2971,0.036267,0.064041,88.2971,82.793,64.7941
S07,1020,0.769632,0.000251,88.3007,0.036215,0.064037,88.3007,82.8326,64.8438
S07,1021,0.769634,0.000251,88.2536,0.036227,0.064044,88.2536,82.8586,64.911
S07,1022,0.769635,0.000251,88.2256,0.036179,0.06404,88.2256,82.8946,64.988
S07,1023,0.769636,0.000251,88.1513,0.036153,0.06404,88.1513,82.931,65.0529
S07,1024,0.769636,0.000251,88.1261,0.036073,0.064031,88.1261,82.9542,65.1402
S07,1025,0.769637,0.00025,88.1193,0.036051,0.064032,88.1193,82.9738,65.2188
S07,1026,0.769637,0.00025,88.1206,0.036051,0.064037,88.1206,83.0078,65.2919
S07,1027,0.769638,0.00025,88.0874,0.03606,0.064043,88.0874,83.0352,65.3585
S07,1028,0.769638,0.00025,88.1037,0.036029,0.064042,88.1037,83.0554,65.4286
S07,1029,0.769638,0.00025,88.0789,0.036056,0.064051,88.0789,83.0845,65.4922
S07,1030,0.769638,0.00025,88.0281,0.036035,0.064052,88.0281,83.1079,65.5647
S07,1031,0.769638,0.00025,87.9969,0.035983,0.064048,87.9969,83.1362,65.6388
S07,1032,0.769638,0.00025,87.9972,0.035954,0.064048,87.9972,83.166,65.7071
S07,1033,0.769637,0.00025,87.9622,0.035962,0.064054,87.9622,83.1917,65.7795
S07,1034,0.769637,0.000249,87.9377,0.035928,0.064053,87.9377,83.2233,65.8563
S07,1035,0.769636,0.000249,87.8743,0.035907,0.064054,87.8743,83.2547,65.9228
S07,1036,0.769635,0.000249,87.8473,0.035841,0.064047,87.8473,83.2765,65.9964
S07,1037,0.769634,0.000249,87.8225,0.035817,0.064048,87.8225,83.286,66.0696
S07,1038,0.769632,0.000249,87.8048,0.035796,0.064049,87.8048,83.319,66.127
S07,1039,0.769631,0.000248,87.7672,0.035783,0.064052,87.7672,83.3383,66.1788
S07,1040,0.769629,0.000248,87.7228,0.035746,0.06405,87.7228,83.3428,66.2475
S07,1041,0.769627,0.000248,87.6926,0.035702,0.064047,87.6926,83.3732,66.3199
S07,1042,0.769625,0.000248,87.6832,0.035675,0.064047,87.6832,83.4051,66.3888
S07,1043,0.769622,0.000248,87.6595,0.035672,0.064052,87.6595,83.4432,66.4598
S07,1044,0.76962,0.000248,87.5931,0.035652,0.064053,87.5931,83.4788,66.5142
S07,1045,0.769617,0.000247,87.6058,0.035582,0.064046,87.6058,83.4939,66.6051
S07,1046,0.769615,0.000247,87.5412,0.035605,0.064054,87.5412,83.5226,66.6611
S07,1047,0.769611,0.000247,87.5232,0.035537,0.064048,87.5232,83.5451,66.7355
S07,1048,0.769608,0.000247,87.4845,0.035524,0.06405,87.4845,83.5706,66.8102
S07,1049,0.769605,0.000247,87.474,0.035487,0.064049,87.474,83.5998,66.8709
S07,1050,0.769601,0.000246,87.4463,0.035483,0.064053,87.4463,83.6186,66.94
S07,1051,0.769598,0.000246,87.4314,0.035459,0.064053,87.4314,83.6495,67.0052
S07,1052,0.769594,0.000246,87.3946,0.035449,0.064056,87.3946,83.6708,67.0698
S07,1053,0.76959,0.000246,87.409,0.035414,0.064055,87.409,83.6787,67.1339
S07,1054,0.769586,0.000246,87.358,0.035439,0.064064,87.358,83.6987,67.1864
S07,1055,0.769582,0.000246,87.301,0.035387,0.06406,87.301,83.6948,67.2372
S07,1056,0.769577,0.000245,87.3201,0.035329,0.064055,87.3201,83.6956,67.3145
S07,1057,0.769573,0.000246,87.277,0.035359,0.064065,87.277,83.7152,67.3791
S07,1058,0.769568,0.000245,87.2601,0.035317,0.064063,87.2601,83.747,67.4427
S07,1059,0.769563,0.000245,87.278,0.035305,0.064065,87.278,83.7736,67.5113
S07,1060,0.769559,0.000245,87.2211,0.035334,0.064075,87.2211,83.7923,67.5684
S07,1061,0.769554,0.000245,87.1912,0.035276,0.06407,87.1912,83.8152,67.6474
S07,1062,0.769548,0.000245,87.1941,0.035249,0.06407,87.1941,83.8195,67.7089
S07,1063,0.769543,0.000245,87.1641,0.03526,0.064077,87.1641,83.8356,67.7737
S07,1064,0.769538,0.000245,87.1177,0.035234,0.064077,87.1177,83.8774,67.8346
S07,1065,0.769532,0.000244,87.0882,0.035188,0.064074,87.0882,83.9013,67.878
S07,1066,0.769527,0.000244,87.0513,0.035162,0.064075,87.0513,83.9164,67.933
S07,1067,0.769521,0.000244,86.9782,0.035127,0.064074,86.9782,83.9606,68.0116
S07,1068,0.769514,0.000244,86.9705,0.035051,0.064065,86.9705,83.986,68.0652
S07,1069,0.769508,0.000244,86.9506,0.03505,0.06407,86.9506,83.9985,68.1305
S07,1070,0.769501,0.000243,86.8926,0.035035,0.064072,86.8926,84.0105,68.1862
S07,1071,0.769494,0.000243,86.8857,0.034976,0.064067,86.8857,84.0381,68.263
S07,1072,0.769487,0.000243,86.8757,0.034976,0.064072,86.8757,84.0527,68.3296
S07,1073,0.76948,0.000243,86.8431,0.034972,0.064076,86.8431,84.0779,68.3978
S07,1074,0.769473,0.000243,86.8137,0.034943,0.064076,86.8137,84.0969,68.4555
S07,1075,0.769465,0.000243,86.7896,0.034917,0.064077,86.7896,84.1129,68.5234
S07,1076,0.769458,0.000242,86.7241,0.034897,0.064078,86.7241,84.1245,68.5952
S07,1077,0.76945,0.000242,86.7172,0.03483,0.064071,86.7172,84.1492,68.672
S07,1078,0.769442,0.000242,86.696,0.03483,0.064076,86.696,84.1674,68.7362
S07,1079,0.769434,0.000242,86.7001,0.034814,0.064078,86.7001,84.2022,68.7895
S07,1080,0.769426,0.000242,86.6373,0.034826,0.064085,86.6373,84.2363,68.8544
S07,1081,0.769417,0.000242,86.5847,0.034762,0.064079,86.5847,84.2385,68.9219
S07,1082,0.769408,0.000241,86.5625,0.03471,0.064075,86.5625,84.2616,68.9713
S07,1083,0.769399,0.000241,86.5702,0.034693,0.064077,86.5702,84.2817,69.0429
S07,1084,0.769391,0.000241,86.5842,0.034709,0.064085,86.5842,84.3038,69.1028
S07,1085,0.769382,0.000241,86.5803,0.034733,0.064094,86.5803,84.3263,69.1563
S07,1086,0.769373,0.000241,86.5315,0.034736,0.0641,86.5315,84.3458,69.2112
S07,1087,0.769364,0.000241,86.5199,0.034688,0.064096,86.5199,84.3649,69.2667
S07,1088,0.769355,0.000241,86.4742,0.034683,0.0641,86.4742,84.384,69.3231
S07,1089,0.769345,0.000241,86.4333,0.034639,0.064098,86.4333,84.3887,69.3869
S07,1090,0.769336,0.00024,86.4257,0.0346,0.064096,86.4257,84.4036,69.4315
S07,1091,0.769326,0.00024,86.3958,0.034599,0.064101,86.3958,84.4272,69.4932
S07,1092,0.769316,0.00024,86.3977,0.034573,0.064101,86.3977,84.4564,69.5476
S07,1093,0.769306,0.00024,86.359,0.034583,0.064108,86.359,84.4589,69.6138
S07,1094,0.769296,0.00024,86.3496,0.034547,0.064107,86.3496,84.4543,69.6861
S07,1095,0.769286,0.00024,86.3352,0.034544,0.064111,86.3352,84.4721,69.7432
S07,1096,0.769276,0.00024,86.2763,0.034535,0.064115,86.2763,84.4895,69.8106
S07,1097,0.769265,0.000239,86.2409,0.034476,0.064109,86.2409,84.5099,69.8645
S07,1098,0.769255,0.000239,86.1985,0.034444,0.064109,86.1985,84.5256,69.9321
S07,1099,0.769244,0.000239,86.1692,0.034404,0.064106,86.1692,84.5443,69.9803
S07,1100,0.769232,0.000239,86.1044,0.034379,0.064107,86.1044,84.5373,70.0514
S07,1101,0.769221,0.000238,86.0791,0.034313,0.0641,86.0791,84.5445,70.1107
S07,1102,0.769209,0.000238,86.0505,0.034293,0.064102,86.0505,84.5583,70.1898
S07,1103,0.769197,0.000238,86.0156,0.034268,0.064103,86.0156,84.5844,70.2638
S07,1104,0.769185,0.000238,85.9712,0.034236,0.064102,85.9712,84.6012,70.3294
S07,1105,0.769173,0.000238,85.9613,0.034194,0.0641,85.9613,84.6164,70.4011
S07,1106,0.769161,0.000238,85.9368,0.034191,0.064104,85.9368,84.6509,70.4588
S07,1107,0.769148,0.000237,85.9103,0.034171,0.064106,85.9103,84.6701,70.5101
S07,1108,0.769135,0.000237,85.9303,0.034149,0.064107,85.9303,84.6706,70.562
S07,1109,0.769123,0.000237,85.8818,0.034179,0.064117,85.8818,84.6889,70.6166
S07,1110,0.76911,0.000237,85.8672,0.034132,0.064114,85.8672,84.687,70.6649
S07,1111,0.769097,0.000237,85.8251,0.034123,0.064117,85.8251,84.709,70.7335
S07,1112,0.769084,0.000237,85.8147,0.034084,0.064115,85.8147,84.7183,70.8004
S07,1113,0.769071,0.000237,85.7952,0.03408,0.06412,85.7952,84.7359,70.8548
S07,1114,0.769057,0.000237,85.74,0.034065,0.064122,85.74,84.7322,70.9051
S07,1115,0.769044,0.000236,85.7354,0.034011,0.064118,85.7354,84.7416,70.9769
S07,1116,0.76903,0.000236,85.7002,0.034014,0.064123,85.7002,84.7463,71.0211
S07,1117,0.769016,0.000236,85.6653,0.033982,0.064123,85.6653,84.7362,71.0854
S07,1118,0.769002,0.000236,85.6437,0.033951,0.064122,85.6437,84.744,71.1577
S07,1119,0.768988,0.000236,85.6164,0.033934,0.064124,85.6164,84.7532,71.2042
S07,1120,0.768973,0.000236,85.6207,0.033911,0.064125,85.6207,84.7374,71.2406
S07,1121,0.768959,0.000236,85.6067,0.033924,0.064132,85.6067,84.7323,71.312
S07,1122,0.768945,0.000236,85.5611,0.033915,0.064136,85.5611,84.7415,71.3763
S07,1123,0.76893,0.000235,85.5615,0.033872,0.064133,85.5615,84.751,71.4096
S07,1124,0.768915,0.000235,85.5543,0.03388,0.06414,85.5543,84.7426,71.4714
S07,1125,0.768901,0.000235,85.5441,0.03388,0.064145,85.5441,84.7525,71.5307
S07,1126,0.768886,0.000235,85.4973,0.033876,0.064149,85.4973,84.7694,71.579
S07,1127,0.768871,0.000235,85.4666,0.033831,0.064146,85.4666,84.7847,71.6332
S07,1128,0.768856,0.000235,85.4204,0.033804,0.064147,85.4204,84.7814,71.7055
S07,1129,0.76884,0.000235,85.3827,0.033761,0.064144,85.3827,84.7828,71.7566
S07,1130,0.768824,0.000234,85.3797,0.033726,0.064143,85.3797,84.7893,71.8098
S07,1131,0.768809,0.000234,85.353,0.03373,0.064149,85.353,84.8096,71.8767
S07,1132,0.768793,0.000234,85.3255,0.033708,0.06415,85.3255,84.8074,71.9286
S07,1133,0.768777,0.000234,85.2995,0.033685,0.064151,85.2995,84.8159,71.9868
S07,1134,0.768761,0.000234,85.2963,0.033664,0.064152,85.2963,84.8045,72.0355
S07,1135,0.768745,0.000234,85.2661,0.033668,0.064158,85.2661,84.8026,72.1031
S07,1136,0.768728,0.000234,85.2454,0.033642,0.064158,85.2454,84.8089,72.1566
S07,1137,0.768712,0.000234,85.1941,0.033626,0.06416,85.1941,84.8238,72.2106
S07,1138,0.768695,0.000233,85.1858,0.033577,0.064157,85.1858,84.8134,72.2641
S07,1139,0.768678,0.000233,85.1586,0.033575,0.064161,85.1586,84.8104,72.3417
S07,1140,0.768661,0.000233,85.1359,0.033552,0.064162,85.1359,84.8238,72.373
S07,1141,0.768644,0.000233,85.1193,0.033535,0.064164,85.1193,84.8239,72.4197
S07,1142,0.768627,0.000233,85.1176,0.033524,0.064167,85.1176,84.817,72.466
S07,1143,0.76861,0.000233,85.0837,0.033529,0.064173,85.0837,84.8372,72.5278
S07,1144,0.768592,0.000233,85.0481,0.033499,0.064173,85.0481,84.8254,72.592
S07,1145,0.768575,0.000232,84.9919,0.033467,0.064172,84.9919,84.8161,72.6326
S07,1146,0.768557,0.000232,84.9558,0.033413,0.064167,84.9558,84.8215,72.6921
S07,1147,0.768539,0.000232,84.9161,0.03338,0.064167,84.9161,84.8192,72.7441
S07,1148,0.76852,0.000232,84.8545,0.033344,0.064165,84.8545,84.8245,72.791
S07,1149,0.768502,0.000231,84.8064,0.033284,0.064159,84.8064,84.8346,72.8305
S07,1150,0.768483,0.000231,84.7896,0.033239,0.064156,84.7896,84.8467,72.8771
S07,1151,0.768464,0.000231,84.7398,0.033227,0.064159,84.7398,84.8408,72.9215
S07,1152,0.768445,0.000231,84.7002,0.03318,0.064155,84.7002,84.842,72.9885
S07,1153,0.768425,0.00023,84.7346,0.033144,0.064154,84.7346,84.8473,73.0322
S07,1154,0.768406,0.000231,84.7326,0.033189,0.064167,84.7326,84.8507,73.0965
S07,1155,0.768386,0.000231,84.6809,0.033193,0.064173,84.6809,84.8501,73.1543
S07,1156,0.768367,0.00023,84.6378,0.033144,0.064169,84.6378,84.8463,73.1975
S07,1157,0.768347,0.00023,84.6366,0.033104,0.064167,84.6366,84.8294,73.259
S07,1158,0.768327,0.00023,84.6057,0.03311,0.064173,84.6057,84.834,73.3264
S07,1159,0.768307,0.00023,84.5775,0.033084,0.064173,84.5775,84.8399,73.37
S07,1160,0.768287,0.00023,84.5503,0.03306,0.064174,84.5503,84.8279,73.4204
S07,1161,0.768266,0.00023,84.5261,0.033037,0.064175,84.5261,84.8499,73.4727
S07,1162,0.768246,0.000229,84.4633,0.033018,0.064176,84.4633,84.8605,73.5147
S07,1163,0.768225,0.000229,84.4364,0.032957,0.06417,84.4364,84.8488,73.5445
S07,1164,0.768204,0.000229,84.4306,0.032935,0.064171,84.4306,84.8276,73.6045
S07,1165,0.768183,0.000229,84.4149,0.032936,0.064176,84.4149,84.8346,73.6242
S07,1166,0.768162,0.000229,84.3588,0.032926,0.064179,84.3588,84.8376,73.6731
S07,1167,0.76814,0.000229,84.3353,0.032872,0.064174,84.3353,84.831,73.7117
S07,1168,0.768119,0.000228,84.3255,0.032853,0.064176,84.3255,84.8244,73.74
S07,1169,0.768097,0.000228,84.3025,0.03285,0.06418,84.3025,84.8271,73.7867
S07,1170,0.768075,0.000228,84.2733,0.032832,0.064182,84.2733,84.8095,73.8333
S07,1171,0.768054,0.000228,84.2564,0.032807,0.064182,84.2564,84.819,73.8909
S07,1172,0.768032,0.000228,84.2158,0.032796,0.064185,84.2158,84.8103,73.9369
S07,1173,0.768009,0.000228,84.1743,0.032759,0.064183,84.1743,84.7929,73.9718
S07,1174,0.767987,0.000228,84.1365,0.032721,0.064181,84.1365,84.7967,74.0237
S07,1175,0.767964,0.000227,84.12,0.032687,0.06418,84.12,84.7977,74.066
S07,1176,0.767941,0.000227,84.0987,0.032676,0.064183,84.0987,84.808,74.1213
S07,1177,0.767919,0.000227,84.0658,0.03266,0.064185,84.0658,84.7968,74.1581
S07,1178,0.767896,0.000227,84.0607,0.032631,0.064185,84.0607,84.7918,74.2005
S07,1179,0.767872,0.000227,84.0305,0.032633,0.06419,84.0305,84.7819,74.2487
S07,1180,0.767849,0.000227,83.9945,0.032607,0.06419,83.9945,84.7858,74.2741
S07,1181,0.767826,0.000227,83.9855,0.032575,0.064189,83.9855,84.7839,74.3109
S07,1182,0.767802,0.000227,83.9688,0.032572,0.064194,83.9688,84.783,74.353
S07,1183,0.767779,0.000226,83.956,0.032561,0.064196,83.956,84.7582,74.4024
S07,1184,0.767755,0.000226,83.9515,0.032554,0.0642,83.9515,84.7516,74.4543
S07,1185,0.767731,0.000226,83.9439,0.032555,0.064205,83.9439,84.7548,74.4954
S07,1186,0.767708,0.000226,83.9005,0.032554,0.06421,83.9005,84.7355,74.5356
S07,1187,0.767684,0.000226,83.8881,0.032514,0.064207,83.8881,84.7178,74.5849
S07,1188,0.76766,0.000226,83.8728,0.032507,0.064211,83.8728,84.7108,74.6344
S07,1189,0.767636,0.000226,83.8319,0.032497,0.064214,83.8319,84.7054,74.6635
S07,1190,0.767611,0.000226,83.8121,0.03246,0.064212,83.8121,84.7,74.7077
S07,1191,0.767587,0.000226,83.782,0.032446,0.064214,83.782,84.6877,74.7646
S07,1192,0.767562,0.000225,83.7341,0.03242,0.064215,83.7341,84.6736,74.7984
S07,1193,0.767537,0.000225,83.7068,0.032375,0.064211,83.7068,84.6634,74.8488
S07,1194,0.767512,0.000225,83.6887,0.032353,0.064212,83.6887,84.6673,74.9019
S07,1195,0.767487,0.000225,83.6105,0.03234,0.064214,83.6105,84.6645,74.9508
S07,1196,0.767462,0.000224,83.5843,0.032264,0.064205,83.5843,84.6726,74.9971
S07,1197,0.767436,0.000224,83.5752,0.032242,0.064205,83.5752,84.6647,75.027
S07,1198,0.76741,0.000224,83.536,0.032239,0.06421,83.536,84.6658,75.0543
S07,1199,0.767384,0.000224,83.4686,0.032204,0.064208,83.4686,84.673,75.0633
S07,1200,0.767358,0.000224,83.4365,0.032139,0.064201,83.4365,84.6711,75.0849
S07,1201,0.767332,0.000224,83.3554,0.032111,0.0642,83.3554,84.6422,75.1259
S07,1202,0.767305,0.000223,83.3635,0.032032,0.06419,83.3635,84.6469,75.1763
S07,1203,0.767278,0.000223,83.3363,0.032047,0.064198,83.3363,84.6317,75.2031
S07,1204,0.767251,0.000223,83.312,0.032024,0.064198,83.312,84.6265,75.2255
S07,1205,0.767224,0.000223,83.2615,0.032005,0.064199,83.2615,84.6003,75.2516
S07,1206,0.767196,0.000223,83.2378,0.031958,0.064195,83.2378,84.5859,75.2706
S07,1207,0.767169,0.000222,83.209,0.031939,0.064197,83.209,84.582,75.3067
S07,1208,0.767141,0.000222,83.2112,0.031915,0.064197,83.2112,84.5738,75.3489
S07,1209,0.767113,0.000222,83.1768,0.031924,0.064203,83.1768,84.5758,75.3859
S07,1210,0.767085,0.000222,83.1249,0.031894,0.064202,83.1249,84.5741,75.4095
S07,1211,0.767057,0.000222,83.1028,0.031845,0.064198,83.1028,84.5634,75.4657
S07,1212,0.767029,0.000222,83.076,0.031828,0.064199,83.076,84.5415,75.4854
S07,1213,0.767001,0.000222,83.0321,0.031806,0.0642,83.0321,84.5248,75.5116
S07,1214,0.766972,0.000221,82.9857,0.031766,0.064197,82.9857,84.5164,75.5499
S07,1215,0.766943,0.000221,82.9919,0.031724,0.064194,82.9919,84.5178,75.5915
S07,1216,0.766914,0.000221,82.9623,0.031736,0.064201,82.9623,84.5159,75.627
S07,1217,0.766885,0.000221,82.8959,0.031712,0.064201,82.8959,84.5049,75.6688
S07,1218,0.766856,0.000221,82.8443,0.031648,0.064193,82.8443,84.5005,75.7088
S07,1219,0.766826,0.00022,82.8133,0.031601,0.064189,82.8133,84.4742,75.7543
S07,1220,0.766796,0.00022,82.8156,0.031574,0.064188,82.8156,84.4692,75.7873
S07,1221,0.766767,0.00022,82.7847,0.031583,0.064195,82.7847,84.4498,75.8097
S07,1222,0.766737,0.00022,82.7076,0.031556,0.064194,82.7076,84.426,75.8413
S07,1223,0.766706,0.00022,82.712,0.031482,0.064185,82.712,84.4226,75.881
S07,1224,0.766676,0.00022,82.6719,0.031493,0.064191,82.6719,84.4083,75.9252
S07,1225,0.766645,0.000219,82.6635,0.031457,0.064189,82.6635,84.3918,75.9577
S07,1226,0.766615,0.000219,82.6543,0.031454,0.064193,82.6543,84.4001,75.9971
S07,1227,0.766584,0.000219,82.6646,0.03145,0.064197,82.6646,84.4215,76.0109
S07,1228,0.766553,0.000219,82.605,0.031466,0.064205,82.605,84.4085,76.0412
S07,1229,0.766522,0.000219,82.5702,0.03141,0.064199,82.5702,84.3744,76.0678
S07,1230,0.766491,0.000219,82.5202,0.03138,0.064198,82.5202,84.3657,76.0975
S07,1231,0.76646,0.000219,82.4947,0.031334,0.064193,82.4947,84.354,76.1504
S07,1232,0.766428,0.000218,82.5044,0.031313,0.064194,82.5044,84.3421,76.1873
S07,1233,0.766397,0.000219,82.5037,0.031329,0.064201,82.5037,84.3302,76.2188
S07,1234,0.766365,0.000219,82.4607,0.031334,0.064207,82.4607,84.3178,76.2548
S07,1235,0.766334,0.000218,82.4111,0.031295,0.064204,82.4111,84.3016,76.2913
S07,1236,0.766302,0.000218,82.3496,0.03125,0.0642,82.3496,84.2995,76.3168
S07,1237,0.76627,0.000218,82.3256,0.031192,0.064193,82.3256,84.2754,76.356
S07,1238,0.766237,0.000218,82.3173,0.031173,0.064194,82.3173,84.2624,76.3968
S07,1239,0.766205,0.000218,82.3005,0.03117,0.064198,82.3005,84.2703,76.4426
S07,1240,0.766172,0.000217,82.2561,0.031158,0.0642,82.2561,84.2533,76.4658
S07,1241,0.766139,0.000217,82.2273,0.031118,0.064197,82.2273,84.259,76.5187
S07,1242,0.766107,0.000217,82.2021,0.031094,0.064197,82.2021,84.2242,76.5499
S07,1243,0.766073,0.000217,82.1455,0.031073,0.064197,82.1455,84.2162,76.5734
S07,1244,0.76604,0.000217,82.0949,0.031021,0.064191,82.0949,84.2077,76.6076
S07,1245,0.766006,0.000216,82.0432,0.030975,0.064187,82.0432,84.1928,76.6483
S07,1246,0.765973,0.000216,82.0144,0.030927,0.064182,82.0144,84.1926,76.6627
S07,1247,0.765939,0.000216,81.9985,0.030903,0.064182,81.9985,84.192,76.7003
S07,1248,0.765904,0.000216,81.9699,0.030892,0.064184,81.9699,84.1812,76.7388
S07,1249,0.76587,0.000216,81.9922,0.030868,0.064184,81.9922,84.157,76.7465
S07,1250,0.765836,0.000216,81.9749,0.030896,0.064193,81.9749,84.1445,76.7558
S07,1251,0.765802,0.000216,81.9226,0.030884,0.064195,81.9226,84.1489,76.7862
S07,1252,0.765767,0.000215,81.904,0.030836,0.06419,81.904,84.1477,76.8242
S07,1253,0.765733,0.000215,81.8817,0.030822,0.064192,81.8817,84.1521,76.8573
S07,1254,0.765698,0.000215,81.8379,0.030804,0.064193,81.8379,84.1333,76.8933
S07,1255,0.765663,0.000215,81.8359,0.030765,0.06419,81.8359,84.1283,76.9204
S07,1256,0.765628,0.000215,81.8439,0.030768,0.064194,81.8439,84.122,76.9635
S07,1257,0.765593,0.000215,81.8532,0.030781,0.064201,81.8532,84.1137,76.9963
S07,1258,0.765558,0.000215,81.8162,0.030795,0.064209,81.8162,84.0981,77.024
S07,1259,0.765523,0.000215,81.7932,0.030763,0.064206,81.7932,84.0796,77.0366
S07,1260,0.765488,0.000215,81.7688,0.030745,0.064207,81.7688,84.0801,77.0697
S07,1261,0.765453,0.000215,81.7219,0.030725,0.064208,81.7219,84.0726,77.1045
S07,1262,0.765417,0.000214,81.6523,0.030682,0.064203,81.6523,84.0534,77.1315
S07,1263,0.765381,0.000214,81.6244,0.030617,0.064195,81.6244,84.0599,77.1503
S07,1264,0.765345,0.000214,81.5795,0.030594,0.064194,81.5795,84.0491,77.1776
S07,1265,0.765309,0.000214,81.5314,0.030554,0.064191,81.5314,84.0305,77.2148
S07,1266,0.765272,0.000213,81.4822,0.03051,0.064186,81.4822,84.0229,77.2259
S07,1267,0.765235,0.000213,81.4803,0.030465,0.064181,81.4803,83.9912,77.2555
S07,1268,0.765199,0.000213,81.4456,0.030468,0.064186,81.4456,83.9577,77.2822
S07,1269,0.765162,0.000213,81.4863,0.030438,0.064184,81.4863,83.9496,77.3052
S07,1270,0.765125,0.000213,81.4338,0.030483,0.064198,81.4338,83.9349,77.3263
S07,1271,0.765088,0.000213,81.3873,0.030435,0.064192,81.3873,83.9049,77.363
S07,1272,0.765051,0.000213,81.3524,0.030394,0.064188,81.3524,83.8698,77.3741
S07,1273,0.765013,0.000213,81.3236,0.030363,0.064186,81.3236,83.8564,77.4093
S07,1274,0.764975,0.000212,81.2954,0.030339,0.064185,81.2954,83.8436,77.4338
S07,1275,0.764938,0.000212,81.2395,0.030316,0.064185,81.2395,83.8332,77.4432
S07,1276,0.7649,0.000212,81.2479,0.030264,0.064179,81.2479,83.8154,77.4608
S07,1277,0.764862,0.000212,81.2334,0.030277,0.064185,81.2334,83.814,77.478
S07,1278,0.764824,0.000212,81.1862,0.030267,0.064187,81.1862,83.7871,77.5126
S07,1279,0.764785,0.000212,81.1218,0.030225,0.064183,81.1218,83.7649,77.5221
S07,1280,0.764747,0.000211,81.1014,0.030165,0.064175,81.1014,83.7495,77.5524
S07,1281,0.764708,0.000211,81.118,0.030149,0.064176,81.118,83.733,77.5787
S07,1282,0.764669,0.000211,81.0778,0.03017,0.064184,81.0778,83.7219,77.6114
S07,1283,0.76463,0.000211,81.0537,0.030134,0.064181,81.0537,83.6905,77.622
S07,1284,0.764591,0.000211,80.9956,0.030115,0.064181,80.9956,83.6919,77.6581
S07,1285,0.764552,0.000211,80.9614,0.030062,0.064174,80.9614,83.6858,77.6663
S07,1286,0.764513,0.000211,80.9532,0.030032,0.064172,80.9532,83.6663,77.701
S07,1287,0.764473,0.00021,80.9176,0.030028,0.064175,80.9176,83.6443,77.7315
S07,1288,0.764433,0.00021,80.8822,0.029997,0.064173,80.8822,83.6204,77.7549
S07,1289,0.764393,0.00021,80.8567,0.029966,0.064171,80.8567,83.5908,77.7567
S07,1290,0.764353,0.00021,80.8364,0.029945,0.06417,80.8364,83.5674,77.7777
S07,1291,0.764313,0.00021,80.8129,0.029929,0.064171,80.8129,83.5454,77.7847
S07,1292,0.764273,0.00021,80.7851,0.02991,0.064171,80.7851,83.5195,77.8114
S07,1293,0.764233,0.00021,80.7331,0.029887,0.06417,80.7331,83.5067,77.8272
S07,1294,0.764192,0.000209,80.718,0.02984,0.064164,80.718,83.4788,77.8454
S07,1295,0.764151,0.000209,80.7347,0.029829,0.064166,80.7347,83.459,77.8599
S07,1296,0.764111,0.000209,80.7275,0.02985,0.064174,80.7275,83.437,77.8777
S07,1297,0.76407,0.000209,80.7212,0.029846,0.064177,80.7212,83.4372,77.8991
S07,1298,0.76403,0.000209,80.6836,0.029844,0.064181,80.6836,83.4252,77.9332
S07,1299,0.763989,0.000209,80.6619,0.029811,0.064178,80.6619,83.4175,77.9558
S07,1300,0.763948,0.000209,80.615,0.029794,0.064178,80.615,83.4185,77.9746
S07,1301,0.763906,0.000209,80.5991,0.029751,0.064173,80.5991,83.3872,77.9909
S07,1302,0.763865,0.000209,80.6083,0.02974,0.064174,80.6083,83.3798,78.0139
S07,1303,0.763824,0.000209,80.5145,0.029752,0.064181,80.5145,83.3484,78.0338
S07,1304,0.763782,0.000208,80.5108,0.029665,0.064166,80.5108,83.3402,78.0553
S07,1305,0.76374,0.000208,80.488,0.029665,0.06417,80.488,83.3233,78.0805
S07,1306,0.763698,0.000208,80.4773,0.029646,0.06417,80.4773,83.2999,78.0939
S07,1307,0.763657,0.000208,80.451,0.029639,0.064172,80.451,83.2855,78.1112
S07,1308,0.763614,0.000208,80.4089,0.029617,0.064171,80.4089,83.2665,78.132
S07,1309,0.763572,0.000208,80.3409,0.02958,0.064167,80.3409,83.2406,78.1539
S07,1310,0.76353,0.000207,80.3039,0.029517,0.064158,80.3039,83.2394,78.1646
S07,1311,0.763487,0.000207,80.2477,0.029485,0.064155,80.2477,83.2052,78.19
S07,1312,0.763444,0.000207,80.2338,0.029434,0.064148,80.2338,83.2,78.1979
S07,1313,0.763401,0.000207,80.2282,0.029424,0.06415,80.2282,83.1866,78.2007
S07,1314,0.763357,0.000207,80.2127,0.029422,0.064153,80.2127,83.1567,78.2334
S07,1315,0.763314,0.000207,80.1685,0.029411,0.064154,80.1685,83.1304,78.2482
S07,1316,0.763271,0.000207,80.1326,0.029371,0.064149,80.1326,83.1314,78.282
S07,1317,0.763227,0.000206,80.0814,0.02934,0.064146,80.0814,83.1111,78.3358
S07,1318,0.763183,0.000206,80.0582,0.029294,0.06414,80.0582,83.1019,78.3707
S07,1319,0.763139,0.000206,80.0208,0.029275,0.06414,80.0208,83.08,78.3749
S07,1320,0.763095,0.000206,80.0202,0.029242,0.064137,80.0202,83.0657,78.3927
S07,1321,0.763051,0.000206,79.9642,0.029245,0.064141,79.9642,83.0519,78.3992
S07,1322,0.763006,0.000206,79.9528,0.029194,0.064133,79.9528,83.0362,78.3892
S07,1323,0.762962,0.000205,79.9185,0.029187,0.064135,79.9185,83.0188,78.4064
S07,1324,0.762917,0.000205,79.9155,0.029157,0.064132,79.9155,82.9963,78.4436
S07,1325,0.762872,0.000205,79.9028,0.029157,0.064136,79.9028,82.9695,78.4602
S07,1326,0.762827,0.000205,79.9052,0.029148,0.064137,79.9052,82.9568,78.4687
S07,1327,0.762783,0.000205,79.8748,0.029153,0.064142,79.8748,82.9319,78.5036
S07,1328,0.762738,0.000205,79.8617,0.029127,0.06414,79.8617,82.9059,78.5372
S07,1329,0.762693,0.000205,79.8333,0.029118,0.064141,79.8333,82.8852,78.5633
S07,1330,0.762648,0.000205,79.8548,0.029094,0.064139,79.8548,82.8689,78.5759
S07,1331,0.762603,0.000205,79.8313,0.029117,0.064148,79.8313,82.8768,78.5911
S07,1332,0.762557,0.000205,79.7923,0.029097,0.064147,79.7923,82.847,78.6097
S07,1333,0.762512,0.000205,79.7605,0.029063,0.064143,79.7605,82.8319,78.6313
S07,1334,0.762467,0.000204,79.7491,0.029036,0.06414,79.7491,82.8266,78.6486
S07,1335,0.762421,0.000204,79.7398,0.029027,0.064142,79.7398,82.7923,78.6844
S07,1336,0.762375,0.000204,79.7431,0.029021,0.064144,79.7431,82.7713,78.6948
S07,1337,0.76233,0.000204,79.7001,0.029027,0.064148,79.7001,82.7425,78.7109
S07,1338,0.762284,0.000204,79.6672,0.028989,0.064143,79.6672,82.7255,78.7149
S07,1339,0.762238,0.000204,79.622,0.028961,0.06414,79.622,82.6884,78.7248
S07,1340,0.762192,0.000204,79.5778,0.02892,0.064135,79.5778,82.6708,78.7365
S07,1341,0.762145,0.000204,79.556,0.028881,0.06413,79.556,82.6577,78.7492
S07,1342,0.762099,0.000203,79.5413,0.028863,0.064129,79.5413,82.6405,78.7738
S07,1343,0.762052,0.000203,79.5252,0.028852,0.06413,79.5252,82.6101,78.7713
S07,1344,0.762006,0.000203,79.4926,0.028839,0.06413,79.4926,82.5876,78.7854
S07,1345,0.761959,0.000203,79.4749,0.02881,0.064127,79.4749,82.5726,78.8047
S07,1346,0.761912,0.000203,79.4117,0.028796,0.064127,79.4117,82.5408,78.821
S07,1347,0.761865,0.000203,79.3796,0.028739,0.064118,79.3796,82.5351,78.8166
S07,1348,0.761817,0.000203,79.3556,0.028711,0.064115,79.3556,82.4919,78.8495
S07,1349,0.76177,0.000203,79.3361,0.028691,0.064114,79.3361,82.4837,78.8599
S07,1350,0.761722,0.000202,79.3002,0.028675,0.064114,79.3002,82.4526,78.8668
S07,1351,0.761675,0.000202,79.2929,0.028643,0.06411,79.2929,82.4406,78.8807
S07,1352,0.761627,0.000202,79.2691,0.028639,0.064112,79.2691,82.4197,78.8906
S07,1353,0.761579,0.000202,79.2204,0.028619,0.064111,79.2204,82.4039,78.898
S07,1354,0.761531,0.000202,79.2017,0.028575,0.064104,79.2017,82.3867,78.9202
S07,1355,0.761482,0.000202,79.1279,0.02856,0.064104,79.1279,82.3776,78.9267
S07,1356,0.761434,0.000201,79.1029,0.028493,0.064092,79.1029,82.3657,78.9335
S07,1357,0.761385,0.000201,79.0573,0.028472,0.064091,79.0573,82.3659,78.9448
S07,1358,0.761336,0.000201,79.0215,0.028431,0.064085,79.0215,82.3406,78.9634
S07,1359,0.761287,0.000201,78.9646,0.0284,0.064081,78.9646,82.2998,78.9804
S07,1360,0.761238,0.000201,78.9494,0.028349,0.064073,78.9494,82.2952,78.9994
S07,1361,0.761188,0.000201,78.912,0.028337,0.064073,78.912,82.2773,79.0102
S07,1362,0.761139,0.0002,78.9116,0.028304,0.064069,78.9116,82.2526,79.0376
S07,1363,0.761089,0.0002,78.8937,0.028306,0.064072,78.8937,82.2271,79.0542
S07,1364,0.761039,0.0002,78.8684,0.028291,0.064071,78.8684,82.2094,79.0598
S07,1365,0.760989,0.0002,78.8383,0.02827,0.064069,78.8383,82.1857,79.0807
S07,1366,0.760939,0.0002,78.7808,0.028244,0.064066,78.7808,82.1753,79.0764
S07,1367,0.760889,0.0002,78.7663,0.028192,0.064058,78.7663,82.1591,79.0998
S07,1368,0.760839,0.0002,78.7203,0.02818,0.064058,78.7203,82.1294,79.1229
S07,1369,0.760788,0.000199,78.6667,0.02814,0.064052,78.6667,82.1124,79.1378
S07,1370,0.760737,0.000199,78.6147,0.028092,0.064044,78.6147,82.1147,79.1492
S07,1371,0.760686,0.000199,78.5924,0.028046,0.064037,78.5924,82.0948,79.1711
S07,1372,0.760635,0.000199,78.5432,0.028027,0.064035,78.5432,82.0747,79.1871
S07,1373,0.760583,0.000199,78.517,0.027983,0.064028,78.517,82.0535,79.2114
S07,1374,0.760532,0.000198,78.5102,0.027961,0.064026,78.5102,82.0214,79.2224
S07,1375,0.76048,0.000198,78.4634,0.027956,0.064027,78.4634,81.995,79.2302
S07,1376,0.760428,0.000198,78.4462,0.027915,0.064021,78.4462,81.9781,79.2487
S07,1377,0.760377,0.000198,78.4087,0.027901,0.06402,78.4087,81.9575,79.2552
S07,1378,0.760325,0.000198,78.3718,0.027868,0.064015,78.3718,81.9458,79.2669
S07,1379,0.760272,0.000198,78.3689,0.027836,0.064011,78.3689,81.916,79.2675
S07,1380,0.76022,0.000198,78.2976,0.027834,0.064013,78.2976,81.8947,79.271
S07,1381,0.760167,0.000197,78.2891,0.027771,0.064001,78.2891,81.8774,79.275
S07,1382,0.760115,0.000197,78.2847,0.027764,0.064002,78.2847,81.8696,79.2809
S07,1383,0.760062,0.000197,78.2263,0.027762,0.064004,78.2263,81.841,79.3074
S07,1384,0.760009,0.000197,78.1834,0.02771,0.063995,78.1834,81.819,79.3163
S07,1385,0.759956,0.000197,78.1655,0.027672,0.063989,78.1655,81.7924,79.3399
S07,1386,0.759903,0.000197,78.1277,0.027657,0.063988,78.1277,81.7661,79.3668
S07,1387,0.759849,0.000197,78.0897,0.027624,0.063983,78.0897,81.7267,79.3841
S07,1388,0.759796,0.000196,78.0654,0.027591,0.063978,78.0654,81.7176,79.3888
S07,1389,0.759742,0.000196,78.0554,0.02757,0.063976,78.0554,81.6754,79.3974
S07,1390,0.759688,0.000196,78.0103,0.027562,0.063976,78.0103,81.6692,79.4133
S07,1391,0.759634,0.000196,77.955,0.027523,0.063969,77.955,81.6568,79.4271
S07,1392,0.75958,0.000196,77.9201,0.027474,0.063961,77.9201,81.6322,79.4213
S07,1393,0.759526,0.000196,77.8691,0.027443,0.063956,77.8691,81.6065,79.4375
S07,1394,0.759471,0.000195,77.8569,0.027398,0.063948,77.8569,81.5693,79.426
S07,1395,0.759416,0.000195,77.8442,0.027388,0.063948,77.8442,81.5478,79.432
S07,1396,0.759362,0.000195,77.7953,0.027378,0.063948,77.7953,81.5196,79.4536
S07,1397,0.759307,0.000195,77.7446,0.027335,0.063941,77.7446,81.4874,79.4684
S07,1398,0.759251,0.000195,77.7293,0.02729,0.063933,77.7293,81.4543,79.4647
S07,1399,0.759196,0.000195,77.686,0.027278,0.063932,77.686,81.4257,79.4746
S07,1400,0.759141,0.000194,77.6339,0.02724,0.063925,77.6339,81.3925,79.4615
S07,1401,0.759085,0.000194,77.6284,0.027194,0.063917,77.6284,81.3657,79.4679
S07,1402,0.759029,0.000194,77.5898,0.02719,0.063918,77.5898,81.3235,79.4625
S07,1403,0.758973,0.000194,77.5456,0.027156,0.063913,77.5456,81.2997,79.4719
S07,1404,0.758917,0.000194,77.4804,0.027117,0.063906,77.4804,81.2764,79.4894
S07,1405,0.758861,0.000194,77.4373,0.02706,0.063895,77.4373,81.2394,79.484
S07,1406,0.758804,0.000193,77.4169,0.027022,0.063888,77.4169,81.2141,79.4986
S07,1407,0.758747,0.000193,77.3562,0.027005,0.063886,77.3562,81.1825,79.5119
S07,1408,0.75869,0.000193,77.346,0.026952,0.063876,77.346,81.1484,79.5265
S07,1409,0.758633,0.000193,77.2891,0.026943,0.063876,77.2891,81.1286,79.5401
S07,1410,0.758576,0.000193,77.2519,0.026893,0.063867,77.2519,81.099,79.5414
S07,1411,0.758518,0.000192,77.2246,0.026861,0.063861,77.2246,81.0714,79.5647
S07,1412,0.75846,0.000192,77.1857,0.026837,0.063858,77.1857,81.0683,79.5761
S07,1413,0.758403,0.000192,77.133,0.026804,0.063852,77.133,81.0537,79.5775
S07,1414,0.758345,0.000192,77.1304,0.026758,0.063843,77.1304,81.0382,79.5894
S07,1415,0.758286,0.000192,77.0951,0.026756,0.063844,77.0951,81.0141,79.6039
S07,1416,0.758228,0.000192,77.0375,0.026725,0.063839,77.0375,80.9946,79.6084
S07,1417,0.75817,0.000191,76.9986,0.026675,0.063829,76.9986,80.975,79.6174
S07,1418,0.758111,0.000191,76.971,0.026641,0.063823,76.971,80.9509,79.6293
S07,1419,0.758052,0.000191,76.9328,0.026617,0.063819,76.9328,80.9364,79.6317
S07,1420,0.757993,0.000191,76.89,0.026584,0.063813,76.89,80.8962,79.6329
S07,1421,0.757934,0.000191,76.8544,0.026547,0.063806,76.8544,80.8749,79.6214
S07,1422,0.757875,0.000191,76.8088,0.026516,0.063801,76.8088,80.8646,79.6317
S07,1423,0.757815,0.00019,76.7632,0.026477,0.063793,76.7632,80.8501,79.6332
S07,1424,0.757755,0.00019,76.7216,0.026437,0.063786,76.7216,80.8241,79.6222
S07,1425,0.757695,0.00019,76.6367,0.026401,0.063779,76.6367,80.7964,79.6263
S07,1426,0.757635,0.00019,76.6024,0.026327,0.063764,76.6024,80.7804,79.6372
S07,1427,0.757574,0.000189,76.5506,0.026298,0.063758,76.5506,80.7587,79.6393
S07,1428,0.757514,0.000189,76.5398,0.026253,0.063749,76.5398,80.7376,79.6411
S07,1429,0.757453,0.000189,76.5097,0.026244,0.063749,76.5097,80.7115,79.6501
S07,1430,0.757392,0.000189,76.4521,0.026218,0.063744,76.4521,80.6921,79.6493
S07,1431,0.757331,0.000189,76.4032,0.026168,0.063734,76.4032,80.6713,79.6669
S07,1432,0.757269,0.000189,76.3546,0.026126,0.063725,76.3546,80.6351,79.6603
S07,1433,0.757208,0.000188,76.3508,0.026084,0.063717,76.3508,80.6226,79.6554
S07,1434,0.757146,0.000188,76.3162,0.02608,0.063718,76.3162,80.597,79.6681
S07,1435,0.757084,0.000188,76.2644,0.026051,0.063712,76.2644,80.5586,79.6662
S07,1436,0.757022,0.000188,76.2501,0.026006,0.063703,76.2501,80.535,79.6692
S07,1437,0.75696,0.000188,76.2818,0.025994,0.063701,76.2818,80.5187,79.6811
S07,1438,0.756898,0.000188,76.2844,0.026021,0.063709,76.2844,80.4951,79.6841
S07,1439,0.756836,0.000188,76.2422,0.026023,0.06371,76.2422,80.4844,79.6846
S07,1440,0.756774,0.000188,76.2208,0.025987,0.063703,76.2208,80.4693,79.6847
S08,0,0.001098,9.8e-05,28.5298,0.007465,0.004883,28.5298,28.2044,28.0354
S08,1,0.001196,9.8e-05,28.5344,0.007476,0.004891,28.5344,28.2074,28.0302
S08,2,0.001294,9.8e-05,28.5039,0.007478,0.004893,28.5039,28.2085,28.0118
S08,3,0.001392,9.8e-05,28.5027,0.007471,0.004889,28.5027,28.2101,28.037
S08,4,0.00149,9.8e-05,28.5268,0.007472,0.00489,28.5268,28.2209,28.0427
S08,5,0.001587,9.8e-05,28.5243,0.00748,0.004897,28.5243,28.2199,28.038
S08,6,0.001685,9.8e-05,28.5429,0.007481,0.004898,28.5429,28.2358,28.0356
S08,7,0.001783,9.8e-05,28.5433,0.007488,0.004903,28.5433,28.245,28.051
S08,8,0.001881,9.8e-05,28.5761,0.007489,0.004904,28.5761,28.269,28.0591
S08,9,0.001979,9.8e-05,28.594,0.007501,0.004912,28.594,28.2836,28.0529
S08,10,0.002077,9.8e-05,28.613,0.007508,0.004917,28.613,28.287,28.0632
S08,11,0.002176,9.8e-05,28.6147,0.007515,0.004923,28.6147,28.2898,28.0582
S08,12,0.002274,9.8e-05,28.6415,0.007517,0.004924,28.6415,28.2993,28.0664
S08,13,0.002372,9.8e-05,28.6283,0.007526,0.004931,28.6283,28.3016,28.08
S08,14,0.00247,9.8e-05,28.6631,0.007523,0.00493,28.6631,28.313,28.0768
S08,15,0.002568,9.8e-05,28.6831,0.007535,0.004938,28.6831,28.326,28.0729
S08,16,0.002667,9.8e-05,28.6842,0.007543,0.004943,28.6842,28.3338,28.0864
S08,17,0.002765,9.8e-05,28.6896,0.007545,0.004945,28.6896,28.321,28.0848
S08,18,0.002863,9.8e-05,28.7108,0.007548,0.004947,28.7108,28.3214,28.0817
S08,19,0.002962,9.8e-05,28.7001,0.007556,0.004952,28.7001,28.3194,28.08
S08,20,0.00306,9.8e-05,28.7105,0.007554,0.004951,28.7105,28.3077,28.0669
S08,21,0.003158,9.8e-05,28.6827,0.007558,0.004955,28.6827,28.3134,28.0677
S08,22,0.003257,9.8e-05,28.668,0.007551,0.00495,28.668,28.3272,28.08
S08,23,0.003355,9.8e-05,28.6858,0.007548,0.004948,28.6858,28.3315,28.0644
S08,24,0.003453,9.8e-05,28.7057,0.007555,0.004953,28.7057,28.3416,28.0615
S08,25,0.003551,9.8e-05,28.688,0.007562,0.004958,28.688,28.3531,28.063
S08,26,0.00365,9.8e-05,28.7269,0.007558,0.004956,28.7269,28.3453,28.0616
S08,27,0.003748,9.8e-05,28.7258,0.007571,0.004964,28.7258,28.3459,28.0606
S08,28,0.003847,9.8e-05,28.7227,0.007572,0.004965,28.7227,28.3418,28.0333
S08,29,0.003945,9.8e-05,28.727,0.007573,0.004965,28.727,28.3483,28.0379
S08,30,0.004043,9.8e-05,28.7101,0.007575,0.004967,28.7101,28.3582,28.0604
S08,31,0.004142,9.8e-05,28.7395,0.007572,0.004965,28.7395,28.349,28.0581
S08,32,0.00424,9.8e-05,28.7291,0.007582,0.004971,28.7291,28.3596,28.06
S08,33,0.004339,9.8e-05,28.7323,0.00758,0.00497,28.7323,28.3761,28.0708
S08,34,0.004437,9.8e-05,28.7339,0.007582,0.004972,28.7339,28.3924,28.0616
S08,35,0.004535,9.8e-05,28.7595,0.007584,0.004973,28.7595,28.3839,28.081
S08,36,0.004634,9.8e-05,28.7726,0.007593,0.004979,28.7726,28.3829,28.0804
S08,37,0.004732,9.9e-05,28.76,0.007599,0.004982,28.76,28.3822,28.0855
S08,38,0.004831,9.8e-05,28.7552,0.007596,0.00498,28.7552,28.3919,28.0868
S08,39,0.004929,9.8e-05,28.7446,0.007596,0.00498,28.7446,28.3976,28.0807
S08,40,0.005028,9.8e-05,28.7323,0.007594,0.004978,28.7323,28.3824,28.0862
S08,41,0.005126,9.8e-05,28.6967,0.007592,0.004977,28.6967,28.4036,28.0865
S08,42,0.005224,9.8e-05,28.7158,0.007582,0.00497,28.7158,28.4204,28.0844
S08,43,0.005323,9.8e-05,28.7237,0.007589,0.004975,28.7237,28.4076,28.0845
S08,44,0.005421,9.8e-05,28.7606,0.007593,0.004977,28.7606,28.4052,28.0829
S08,45,0.00552,9.8e-05,28.7754,0.007605,0.004985,28.7754,28.3921,28.0805
S08,46,0.005618,9.9e-05,28.7766,0.007611,0.004988,28.7766,28.4097,28.0833
S08,47,0.005717,9.9e-05,28.8142,0.007613,0.004989,28.8142,28.4098,28.0918
S08,48,0.005815,9.9e-05,28.8149,0.007626,0.004997,28.8149,28.4226,28.0889
S08,49,0.005914,9.9e-05,28.7915,0.007627,0.004997,28.7915,28.4281,28.0834
S08,50,0.006012,9.9e-05,28.7823,0.007621,0.004993,28.7823,28.4368,28.0725
S08,51,0.006111,9.9e-05,28.7574,0.00762,0.004992,28.7574,28.4328,28.0862
S08,52,0.006209,9.8e-05,28.7419,0.007613,0.004987,28.7419,28.4581,28.0872
S08,53,0.006308,9.8e-05,28.7195,0.00761,0.004984,28.7195,28.4501,28.0869
S08,54,0.006406,9.8e-05,28.7218,0.007604,0.00498,28.7218,28.4495,28.0696
S08,55,0.006505,9.8e-05,28.7543,0.007606,0.004981,28.7543,28.4488,28.0666
S08,56,0.006603,9.8e-05,28.7965,0.007617,0.004988,28.7965,28.457,28.0608
S08,57,0.006702,9.9e-05,28.8177,0.007631,0.004996,28.8177,28.4684,28.0623
S08,58,0.0068,9.9e-05,28.8197,0.007639,0.005001,28.8197,28.4784,28.057
S08,59,0.006899,9.9e-05,28.8489,0.007641,0.005001,28.8489,28.4865,28.0533
S08,60,0.006997,9.9e-05,28.8697,0.007651,0.005007,28.8697,28.4955,28.0649
S08,61,0.007096,9.9e-05,28.8125,0.007659,0.005012,28.8125,28.508,28.08
S08,62,0.007195,9.9e-05,28.8165,0.007642,0.005,28.8165,28.5336,28.0678
S08,63,0.007293,9.9e-05,28.7802,0.007645,0.005001,28.7802,28.5256,28.0658
S08,64,0.007392,9.9e-05,28.8018,0.007635,0.004994,28.8018,28.5432,28.0599
S08,65,0.00749,9.9e-05,28.8445,0.007642,0.004998,28.8445,28.5395,28.0738
S08,66,0.007589,9.9e-05,28.8818,0.007657,0.005007,28.8818,28.5356,28.0661
S08,67,0.007688,9.9e-05,28.8688,0.007669,0.005014,28.8688,28.535,28.0608
S08,68,0.007787,9.9e-05,28.8753,0.007666,0.005012,28.8753,28.5218,28.0856
S08,69,0.007885,9.9e-05,28.8548,0.00767,0.005013,28.8548,28.5169,28.0879
S08,70,0.007984,9.9e-05,28.8624,0.007664,0.005009,28.8624,28.5285,28.0733
S08,71,0.008083,9.9e-05,28.89,0.007668,0.00501,28.89,28.533,28.092
S08,72,0.008182,9.9e-05,28.8715,0.007677,0.005016,28.8715,28.5333,28.0984
S08,73,0.00828,9.9e-05,28.9382,0.007673,0.005012,28.9382,28.54,28.1223
S08,74,0.008379,9.9e-05,28.9402,0.007695,0.005025,28.9402,28.56,28.124
S08,75,0.008478,9.9e-05,28.9261,0.007696,0.005025,28.9261,28.5574,28.1254
S08,76,0.008577,9.9e-05,28.9116,0.007693,0.005022,28.9116,28.5641,28.1208
S08,77,0.008676,9.9e-05,28.897,0.007689,0.005019,28.897,28.5686,28.1204
S08,78,0.008775,9.9e-05,28.8872,0.007686,0.005016,28.8872,28.5704,28.1194
S08,79,0.008873,9.9e-05,28.8862,0.007684,0.005014,28.8862,28.5859,28.1359
S08,80,0.008972,9.9e-05,28.8825,0.007685,0.005013,28.8825,28.5897,28.1279
S08,81,0.009071,9.9e-05,28.8995,0.007685,0.005012,28.8995,28.5802,28.1231
S08,82,0.00917,9.9e-05,28.8966,0.007691,0.005015,28.8966,28.5697,28.1267
S08,83,0.009268,9.9e-05,28.8974,0.007691,0.005014,28.8974,28.5626,28.1359
S08,84,0.009367,9.9e-05,28.906,0.007692,0.005014,28.906,28.5671,28.1398
S08,85,0.009466,9.9e-05,28.8777,0.007696,0.005016,28.8777,28.5826,28.1198
S08,86,0.009565,9.9e-05,28.9006,0.007688,0.005009,28.9006,28.5913,28.125
S08,87,0.009664,9.9e-05,28.8877,0.007696,0.005014,28.8877,28.5943,28.1269
S08,88,0.009762,9.9e-05,28.9254,0.007693,0.005011,28.9254,28.6149,28.1315
S08,89,0.009861,9.9e-05,28.8984,0.007706,0.005018,28.8984,28.6258,28.1535
S08,90,0.00996,9.9e-05,28.9241,0.007698,0.005012,28.9241,28.6374,28.153
S08,91,0.010059,9.9e-05,28.9134,0.007707,0.005016,28.9134,28.6376,28.1551
S08,92,0.010158,9.9e-05,28.9183,0.007704,0.005014,28.9183,28.6345,28.1455
S08,93,0.010256,9.9e-05,28.9227,0.007707,0.005014,28.9227,28.625,28.1395
S08,94,0.010355,9.9e-05,28.9234,0.007709,0.005014,28.9234,28.6432,28.1505
S08,95,0.010454,9.9e-05,28.9357,0.00771,0.005014,28.9357,28.6571,28.1491
S08,96,0.010553,9.9e-05,28.9487,0.007715,0.005016,28.9487,28.6721,28.1555
S08,97,0.010652,9.9e-05,28.9289,0.00772,0.005018,28.9289,28.6836,28.1554
S08,98,0.010751,9.9e-05,28.9354,0.007714,0.005013,28.9354,28.6721,28.1714
S08,99,0.01085,9.9e-05,28.9271,0.007717,0.005014,28.9271,28.6714,28.1585
S08,100,0.010948,9.9e-05,28.9265,0.007715,0.005011,28.9265,28.6687,28.1538
S08,101,0.011047,9.9e-05,28.9654,0.007716,0.00501,28.9654,28.6848,28.1472
S08,102,0.011146,9.9e-05,29.0005,0.007729,0.005017,29.0005,28.6801,28.1337
S08,103,0.011245,9.9e-05,28.9897,0.00774,0.005024,28.9897,28.6902,28.1427
S08,104,0.011344,9.9e-05,28.97,0.007738,0.005021,28.97,28.6886,28.1515
S08,105,0.011443,9.9e-05,28.9397,0.007732,0.005016,28.9397,28.69,28.1531
S08,106,0.011542,9.9e-05,28.9485,0.007724,0.005009,28.9485,28.6975,28.1533
S08,107,0.011641,9.9e-05,28.9362,0.007727,0.00501,28.9362,28.7122,28.1317
S08,108,0.01174,9.9e-05,28.9422,0.007724,0.005006,28.9422,28.722,28.1462
S08,109,0.011839,9.9e-05,28.9482,0.007726,0.005007,28.9482,28.7428,28.1342
S08,110,0.011938,9.9e-05,28.9811,0.007729,0.005007,28.9811,28.7412,28.1529
S08,111,0.012037,9.9e-05,28.9679,0.00774,0.005013,28.9679,28.732,28.1524
S08,112,0.012136,9.9e-05,28.9915,0.007736,0.005009,28.9915,28.7222,28.1517
S08,113,0.012235,9.9e-05,28.9852,0.007744,0.005013,28.9852,28.7417,28.1387
S08,114,0.012334,9.9e-05,28.9742,0.007743,0.00501,28.9742,28.7367,28.1508
S08,115,0.012433,9.9e-05,28.9791,0.00774,0.005007,28.9791,28.7425,28.1537
S08,116,0.012532,9.9e-05,28.9837,0.007742,0.005007,28.9837,28.7533,28.1475
S08,117,0.012631,9.9e-05,28.9872,0.007744,0.005007,28.9872,28.7641,28.1412
S08,118,0.01273,9.9e-05,28.9633,0.007746,0.005007,28.9633,28.776,28.1296
S08,119,0.012829,9.9e-05,28.9805,0.007739,0.005001,28.9805,28.7779,28.112
S08,120,0.012927,9.9e-05,29.0001,0.007745,0.005003,29.0001,28.7929,28.1224
S08,121,0.013027,9.9e-05,28.9847,0.007751,0.005006,28.9847,28.7777,28.1081
S08,122,0.013125,9.9e-05,28.9837,0.007747,0.005002,28.9837,28.7835,28.1185
S08,123,0.013224,9.9e-05,28.9737,0.007747,0.005,28.9737,28.7991,28.1103
S08,124,0.013323,9.9e-05,29.0061,0.007744,0.004997,29.0061,28.7832,28.1235
S08,125,0.013422,9.9e-05,28.9958,0.007755,0.005002,28.9958,28.7864,28.1339
S08,126,0.013521,9.9e-05,29.0096,0.007752,0.004999,29.0096,28.7772,28.1279
S08,127,0.013621,9.9e-05,29.0256,0.007757,0.005,29.0256,28.7671,28.1265
S08,128,0.01372,9.9e-05,29.0614,0.007762,0.005002,29.0614,28.7712,28.1354
S08,129,0.013819,9.9e-05,29.0784,0.007774,0.005008,29.0784,28.7746,28.1333
S08,130,0.013918,9.9e-05,29.0834,0.007779,0.00501,29.0834,28.7814,28.1293
S08,131,0.014017,9.9e-05,29.0803,0.007781,0.00501,29.0803,28.7836,28.1334
S08,132,0.014116,9.9e-05,29.0487,0.00778,0.005008,29.0487,28.7852,28.1382
S08,133,0.014216,9.9e-05,29.059,0.007771,0.005,29.059,28.7813,28.1424
S08,134,0.014315,9.9e-05,29.0746,0.007774,0.005001,29.0746,28.7962,28.1566
S08,135,0.014414,9.9e-05,29.0767,0.007779,0.005003,29.0767,28.7897,28.1716
S08,136,0.014513,9.9e-05,29.0688,0.00778,0.005002,29.0688,28.7875,28.1811
S08,137,0.014612,9.9e-05,29.0706,0.007778,0.004998,29.0706,28.7888,28.1903
S08,138,0.014711,9.9e-05,29.0923,0.007779,0.004997,29.0923,28.7813,28.1942
S08,139,0.014811,9.9e-05,29.078,0.007786,0.005,29.078,28.7814,28.2149
S08,140,0.01491,9.9e-05,29.0839,0.007781,0.004996,29.0839,28.7862,28.2008
S08,141,0.015009,9.9e-05,29.112,0.007783,0.004996,29.112,28.7765,28.2263
S08,142,0.015108,9.9e-05,29.1151,0.007792,0.005,29.1151,28.7832,28.2374
S08,143,0.015208,9.9e-05,29.1175,0.007793,0.004999,29.1175,28.7796,28.2441
S08,144,0.015307,9.9e-05,29.1139,0.007794,0.004998,29.1139,28.773,28.2457
S08,145,0.015406,9.9e-05,29.1333,0.007793,0.004995,29.1333,28.7791,28.2596
S08,146,0.015506,9.9e-05,29.1458,0.007799,0.004997,29.1458,28.7856,28.2553
S08,147,0.015605,9.9e-05,29.1593,0.007803,0.004998,29.1593,28.7985,28.2667
S08,148,0.015704,9.9e-05,29.1464,0.007807,0.004999,29.1464,28.802,28.2659
S08,149,0.015804,9.9e-05,29.1557,0.007803,0.004995,29.1557,28.8106,28.2684
S08,150,0.015903,9.9e-05,29.1842,0.007806,0.004995,29.1842,28.8087,28.2709
S08,151,0.016003,9.9e-05,29.1887,0.007815,0.004999,29.1887,28.8211,28.2878
S08,152,0.016102,9.9e-05,29.1978,0.007816,0.004998,29.1978,28.8202,28.2703
S08,153,0.016202,9.9e-05,29.2278,0.007819,0.004998,29.2278,28.8084,28.2739
S08,154,0.016301,0.0001,29.2351,0.007828,0.005003,29.2351,28.8189,28.2698
S08,155,0.016401,0.0001,29.2165,0.007831,0.005002,29.2165,28.82,28.2842
S08,156,0.0165,0.0001,29.2131,0.007825,0.004997,29.2131,28.8354,28.2992
S08,157,0.0166,0.0001,29.1969,0.007823,0.004994,29.1969,28.8298,28.2996
S08,158,0.016699,9.9e-05,29.2068,0.007818,0.004989,29.2068,28.8367,28.3069
S08,159,0.016799,0.0001,29.2012,0.007821,0.004989,29.2012,28.8409,28.2957
S08,160,0.016898,9.9e-05,29.2325,0.007819,0.004986,29.2325,28.843,28.2953
S08,161,0.016998,0.0001,29.2289,0.007829,0.004991,29.2289,28.8373,28.3134
S08,162,0.017097,0.0001,29.2437,0.007827,0.004988,29.2437,28.8522,28.3162
S08,163,0.017197,0.0001,29.2613,0.007832,0.004989,29.2613,28.843,28.3125
S08,164,0.017297,0.0001,29.2593,0.007837,0.004991,29.2593,28.8387,28.3085
S08,165,0.017396,0.0001,29.2616,0.007836,0.004988,29.2616,28.8432,28.3089
S08,166,0.017496,0.0001,29.2494,0.007836,0.004987,29.2494,28.8518,28.292
S08,167,0.017595,0.0001,29.2436,0.007832,0.004982,29.2436,28.8685,28.2835
S08,168,0.017695,0.0001,29.2884,0.00783,0.004979,29.2884,28.8681,28.3014
S08,169,0.017795,0.0001,29.2862,0.007843,0.004986,29.2862,28.8584,28.3111
S08,170,0.017894,0.0001,29.3081,0.007842,0.004984,29.3081,28.8628,28.3269
S08,171,0.017994,0.0001,29.3367,0.007849,0.004986,29.3367,28.8638,28.3396
S08,172,0.018094,0.0001,29.3561,0.007857,0.00499,29.3561,28.8742,28.3466
S08,173,0.018194,0.0001,29.3605,0.007863,0.004991,29.3605,28.8725,28.3578
S08,174,0.018294,0.0001,29.3798,0.007864,0.00499,29.3798,28.8906,28.3591
S08,175,0.018394,0.0001,29.4064,0.007869,0.004992,29.4064,28.8898,28.3551
S08,176,0.018494,0.0001,29.3833,0.007877,0.004995,29.3833,28.8998,28.369
S08,177,0.018594,0.0001,29.3687,0.007869,0.004988,29.3687,28.8953,28.3621
S08,178,0.018693,0.0001,29.376,0.007864,0.004983,29.376,28.8804,28.3757
S08,179,0.018793,0.0001,29.3599,0.007865,0.004982,29.3599,28.8792,28.3675
S08,180,0.018893,0.0001,29.3686,0.00786,0.004977,29.3686,28.8925,28.3795
S08,181,0.018993,0.0001,29.3784,0.007862,0.004976,29.3784,28.9017,28.3851
S08,182,0.019093,0.0001,29.3935,0.007864,0.004976,29.3935,28.9124,28.3736
S08,183,0.019193,0.0001,29.4118,0.007868,0.004977,29.4118,28.9088,28.3774
S08,184,0.019293,0.0001,29.4276,0.007873,0.004978,29.4276,28.9091,28.3862
S08,185,0.019393,0.0001,29.432,0.007877,0.004979,29.432,28.8985,28.3852
S08,186,0.019493,0.0001,29.4306,0.007878,0.004978,29.4306,28.8968,28.3939
S08,187,0.019593,0.0001,29.4143,0.007877,0.004975,29.4143,28.893,28.3987
S08,188,0.019693,0.0001,29.4307,0.007871,0.004969,29.4307,28.9089,28.3961
S08,189,0.019793,0.0001,29.3937,0.007875,0.00497,29.3937,28.9262,28.3959
S08,190,0.019893,0.0001,29.42,0.007862,0.00496,29.42,28.9391,28.3904
S08,191,0.019993,0.0001,29.4067,0.00787,0.004963,29.4067,28.9397,28.3863
S08,192,0.020093,0.0001,29.4466,0.007865,0.004958,29.4466,28.9354,28.4077
S08,193,0.020193,0.0001,29.4354,0.007876,0.004964,29.4354,28.9219,28.3938
S08,194,0.020293,0.0001,29.4279,0.007872,0.004959,29.4279,28.9081,28.3775
S08,195,0.020393,0.0001,29.4042,0.007868,0.004955,29.4042,28.9232,28.3744
S08,196,0.020493,0.0001,29.421,0.00786,0.004948,29.421,28.9132,28.3869
S08,197,0.020593,0.0001,29.4073,0.007864,0.004949,29.4073,28.9134,28.3898
S08,198,0.020693,0.0001,29.41,0.007859,0.004943,29.41,28.918,28.3999
S08,199,0.020793,0.0001,29.3958,0.007858,0.004941,29.3958,28.9133,28.4025
S08,200,0.020893,0.0001,29.3961,0.007853,0.004936,29.3961,28.904,28.4214
S08,201,0.020993,0.0001,29.3611,0.007852,0.004933,29.3611,28.9118,28.4226
S08,202,0.021093,0.0001,29.3522,0.007839,0.004924,29.3522,28.9055,28.4329
S08,203,0.021193,0.0001,29.4011,0.007835,0.004919,29.4011,28.9131,28.4449
S08,204,0.021293,0.0001,29.3661,0.00785,0.004926,29.3661,28.9141,28.4536
S08,205,0.021393,0.0001,29.371,0.007837,0.004917,29.371,28.9277,28.4659
S08,206,0.021492,0.0001,29.3837,0.007838,0.004915,29.3837,28.9256,28.4622
S08,207,0.021592,0.0001,29.3508,0.00784,0.004915,29.3508,28.9306,28.4692
S08,208,0.021692,0.0001,29.3668,0.007829,0.004906,29.3668,28.946,28.4756
S08,209,0.021792,0.0001,29.3429,0.007832,0.004906,29.3429,28.9623,28.4709
S08,210,0.021892,0.0001,29.3049,0.007823,0.004899,29.3049,28.9725,28.4698
S08,211,0.021992,0.0001,29.3093,0.00781,0.004888,29.3093,28.9814,28.4896
S08,212,0.022091,0.0001,29.276,0.00781,0.004886,29.276,28.9795,28.4943
S08,213,0.022191,0.0001,29.2466,0.007798,0.004877,29.2466,28.992,28.5068
S08,214,0.022291,0.0001,29.2845,0.007787,0.004868,29.2845,28.9875,28.4964
S08,215,0.02239,0.0001,29.2763,0.007798,0.004873,29.2763,28.9864,28.512
S08,216,0.02249,0.0001,29.2957,0.007794,0.004868,29.2957,28.9773,28.5301
S08,217,0.02259,0.0001,29.2956,0.007798,0.004869,29.2956,28.97,28.5277
S08,218,0.022689,0.0001,29.306,0.007797,0.004866,29.306,28.9687,28.5151
S08,219,0.022789,0.0001,29.3443,0.007798,0.004866,29.3443,28.9706,28.5102
S08,220,0.022889,0.0001,29.3499,0.007809,0.00487,29.3499,28.9779,28.5015
S08,221,0.022989,0.0001,29.3232,0.007809,0.004869,29.3232,28.9624,28.5118
S08,222,0.023089,0.0001,29.3331,0.007799,0.00486,29.3331,28.9763,28.5171
S08,223,0.023188,0.0001,29.3694,0.0078,0.004859,29.3694,28.9857,28.5172
S08,224,0.023288,0.0001,29.3377,0.00781,0.004864,29.3377,28.9826,28.5129
S08,225,0.023388,0.0001,29.318,0.007798,0.004854,29.318,28.9973,28.5132
S08,226,0.023488,0.0001,29.321,0.00779,0.004847,29.321,28.9999,28.5057
S08,227,0.023588,0.0001,29.337,0.007789,0.004845,29.337,28.9914,28.5091
S08,228,0.023687,0.0001,29.3483,0.007792,0.004845,29.3483,28.9861,28.4951
S08,229,0.023787,0.0001,29.3322,0.007794,0.004844,29.3322,28.9825,28.4896
S08,230,0.023887,0.0001,29.3067,0.007787,0.004838,29.3067,28.9723,28.5145
S08,231,0.023987,0.0001,29.3346,0.007777,0.004829,29.3346,28.9856,28.5148
S08,232,0.024086,0.0001,29.354,0.007784,0.004832,29.354,28.983,28.5276
S08,233,0.024186,0.0001,29.335,0.007788,0.004833,29.335,28.9919,28.5361
S08,234,0.024286,0.0001,29.3441,0.00778,0.004826,29.3441,28.9909,28.5442
S08,235,0.024386,0.0001,29.3483,0.007781,0.004824,29.3483,29.0316,28.533
S08,236,0.024486,0.0001,29.3743,0.00778,0.004822,29.3743,29.0507,28.5445
S08,237,0.024586,0.0001,29.3898,0.007787,0.004824,29.3898,29.0636,28.5555
S08,238,0.024686,0.0001,29.3895,0.007789,0.004824,29.3895,29.0592,28.5567
S08,239,0.024786,0.0001,29.3726,0.007787,0.00482,29.3726,29.0734,28.5598
S08,240,0.024885,0.0001,29.3771,0.00778,0.004814,29.3771,29.089,28.5604
S08,241,0.024985,0.0001,29.3883,0.007779,0.004811,29.3883,29.1098,28.5774
S08,242,0.025085,0.0001,29.411,0.00778,0.00481,29.411,29.1021,28.5881
S08,243,0.025185,0.0001,29.3821,0.007785,0.004811,29.3821,29.1041,28.6003
S08,244,0.025285,0.0001,29.3973,0.007774,0.004802,29.3973,29.1014,28.6007
S08,245,0.025385,0.0001,29.3961,0.007776,0.004802,29.3961,29.1032,28.5875
S08,246,0.025485,0.0001,29.3853,0.007774,0.004798,29.3853,29.0866,28.5936
S08,247,0.025585,0.0001,29.3818,0.007768,0.004793,29.3818,29.1001,28.6056
S08,248,0.025685,0.0001,29.3908,0.007765,0.004789,29.3908,29.1259,28.6005
S08,249,0.025785,0.0001,29.3949,0.007765,0.004787,29.3949,29.1518,28.5936
S08,250,0.025885,0.0001,29.4042,0.007764,0.004784,29.4042,29.1502,28.6059
S08,251,0.025985,0.0001,29.4102,0.007764,0.004783,29.4102,29.1371,28.6144
S08,252,0.026085,0.0001,29.3954,0.007764,0.00478,29.3954,29.1336,28.6157
S08,253,0.026185,0.0001,29.4279,0.007757,0.004774,29.4279,29.1298,28.6077
S08,254,0.026285,0.0001,29.4176,0.007764,0.004777,29.4176,29.1519,28.6212
S08,255,0.026385,0.0001,29.4049,0.007759,0.004771,29.4049,29.1488,28.6156
S08,256,0.026484,0.0001,29.4147,0.007752,0.004765,29.4147,29.144,28.6128
S08,257,0.026584,0.0001,29.4357,0.007753,0.004763,29.4357,29.1607,28.6203
S08,258,0.026685,0.0001,29.3898,0.007757,0.004764,29.3898,29.1686,28.6133
S08,259,0.026784,0.0001,29.422,0.00774,0.004751,29.422,29.1883,28.6232
S08,260,0.026884,0.0001,29.4299,0.007747,0.004754,29.4299,29.1988,28.6335
S08,261,0.026984,0.0001,29.4658,0.007747,0.004752,29.4658,29.2049,28.6412
S08,262,0.027085,0.0001,29.4611,0.007756,0.004755,29.4611,29.2132,28.6368
S08,263,0.027185,0.0001,29.4365,0.007751,0.00475,29.4365,29.2156,28.6328
S08,264,0.027285,0.0001,29.4308,0.007741,0.004742,29.4308,29.2025,28.6346
S08,265,0.027385,0.0001,29.446,0.007736,0.004737,29.446,29.1861,28.6335
S08,266,0.027485,0.0001,29.4617,0.007738,0.004736,29.4617,29.1953,28.6394
S08,267,0.027585,0.0001,29.4468,0.00774,0.004735,29.4468,29.2003,28.6303
S08,268,0.027685,0.0001,29.4452,0.007733,0.004729,29.4452,29.2062,28.6199
S08,269,0.027785,0.0001,29.4673,0.00773,0.004724,29.4673,29.2021,28.6021
S08,270,0.027885,0.0001,29.4315,0.007734,0.004725,29.4315,29.2003,28.615
S08,271,0.027985,0.0001,29.4254,0.00772,0.004714,29.4254,29.2002,28.614
S08,272,0.028085,0.0001,29.435,0.007715,0.004709,29.435,29.208,28.6177
S08,273,0.028185,0.0001,29.4341,0.007715,0.004707,29.4341,29.2081,28.6333
S08,274,0.028285,0.0001,29.434,0.007711,0.004703,29.434,29.2044,28.6346
S08,275,0.028385,0.0001,29.4202,0.007708,0.004699,29.4202,29.1961,28.6561
S08,276,0.028485,0.0001,29.4416,0.007701,0.004692,29.4416,29.1996,28.6742
S08,277,0.028585,0.0001,29.4614,0.007705,0.004692,29.4614,29.2119,28.6735
S08,278,0.028685,0.0001,29.4638,0.007708,0.004692,29.4638,29.2115,28.6719
S08,279,0.028785,0.0001,29.4754,0.007705,0.004688,29.4754,29.2075,28.7011
S08,280,0.028885,0.0001,29.4534,0.007706,0.004687,29.4534,29.2227,28.6947
S08,281,0.028986,0.0001,29.4706,0.007696,0.004678,29.4706,29.2195,28.6953
S08,282,0.029086,0.0001,29.471,0.007698,0.004677,29.471,29.2252,28.6927
S08,283,0.029186,0.0001,29.4683,0.007695,0.004673,29.4683,29.2239,28.6983
S08,284,0.029286,0.0001,29.4611,0.007691,0.004669,29.4611,29.2427,28.6985
S08,285,0.029386,0.0001,29.4789,0.007685,0.004663,29.4789,29.2364,28.698
S08,286,0.029486,0.0001,29.4692,0.007688,0.004662,29.4692,29.2288,28.6876
S08,287,0.029586,0.0001,29.469,0.007681,0.004656,29.469,29.2191,28.6829
S08,288,0.029686,0.0001,29.4521,0.007678,0.004652,29.4521,29.2323,28.6883
S08,289,0.029786,0.0001,29.4663,0.007669,0.004644,29.4663,29.2224,28.694
S08,290,0.029886,0.0001,29.4778,0.00767,0.004643,29.4778,29.2167,28.7036
S08,291,0.029987,0.0001,29.4983,0.007671,0.004641,29.4983,29.2252,28.7067
S08,292,0.030087,0.0001,29.476,0.007674,0.004641,29.476,29.2214,28.7022
S08,293,0.030187,0.0001,29.5132,0.007663,0.004632,29.5132,29.216,28.716
S08,294,0.030287,0.0001,29.5232,0.007671,0.004635,29.5232,29.2053,28.7283
S08,295,0.030387,0.0001,29.4949,0.007671,0.004632,29.4949,29.1882,28.7292
S08,296,0.030488,0.0001,29.5065,0.007659,0.004622,29.5065,29.1894,28.7372
S08,297,0.030588,0.0001,29.5114,0.007659,0.00462,29.5114,29.1864,28.7382
S08,298,0.030688,0.0001,29.521,0.007657,0.004617,29.521,29.1797,28.7317
S08,299,0.030788,0.0001,29.5098,0.007656,0.004614,29.5098,29.1933,28.7283
S08,300,0.030888,0.0001,29.5553,0.007649,0.004607,29.5553,29.1943,28.7355
S08,301,0.030989,0.0001,29.5806,0.007659,0.004612,29.5806,29.2185,28.7342
S08,302,0.031089,0.0001,29.58,0.007664,0.004612,29.58,29.2296,28.7534
S08,303,0.031189,0.0001,29.5735,0.00766,0.004608,29.5735,29.241,28.7454
S08,304,0.03129,0.0001,29.5651,0.007654,0.004602,29.5651,29.2404,28.7469
S08,305,0.03139,0.0001,29.5341,0.007648,0.004595,29.5341,29.26,28.7366
S08,306,0.03149,0.0001,29.5301,0.007634,0.004584,29.5301,29.2597,28.7401
S08,307,0.031591,0.0001,29.5453,0.007629,0.004579,29.5453,29.2627,28.7491
S08,308,0.031691,0.0001,29.5268,0.00763,0.004577,29.5268,29.2681,28.7505
S08,309,0.031791,0.0001,29.5482,0.007621,0.004569,29.5482,29.2674,28.7514
S08,310,0.031891,0.0001,29.5707,0.007623,0.004568,29.5707,29.2599,28.7642
S08,311,0.031992,0.0001,29.6005,0.007627,0.004568,29.6005,29.2632,28.7584
S08,312,0.032092,0.0001,29.5825,0.007632,0.004569,29.5825,29.2697,28.7524
S08,313,0.032193,0.0001,29.5777,0.007622,0.004561,29.5777,29.2711,28.7617
S08,314,0.032293,0.0001,29.6142,0.007617,0.004555,29.6142,29.2697,28.758
S08,315,0.032393,0.0001,29.6442,0.007624,0.004557,29.6442,29.2672,28.7543
S08,316,0.032494,0.000101,29.6077,0.00763,0.004559,29.6077,29.279,28.742
S08,317,0.032594,0.0001,29.599,0.007614,0.004546,29.599,29.2621,28.7188
S08,318,0.032695,0.0001,29.6049,0.007608,0.00454,29.6049,29.261,28.7164
S08,319,0.032795,0.0001,29.5677,0.007606,0.004536,29.5677,29.268,28.7205
S08,320,0.032895,0.0001,29.5699,0.00759,0.004523,29.5699,29.2717,28.7167
S08,321,0.032996,0.0001,29.5692,0.007587,0.004519,29.5692,29.2719,28.7255
S08,322,0.033096,0.0001,29.5781,0.007582,0.004514,29.5781,29.2659,28.7382
S08,323,0.033196,0.0001,29.5967,0.007581,0.00451,29.5967,29.2498,28.7384
S08,324,0.033297,0.0001,29.6062,0.007583,0.004509,29.6062,29.24,28.7357
S08,325,0.033397,0.0001,29.6265,0.007581,0.004506,29.6265,29.2476,28.7434
S08,326,0.033498,0.0001,29.6166,0.007583,0.004505,29.6166,29.2479,28.74
S08,327,0.033598,0.0001,29.6367,0.007576,0.004498,29.6367,29.2471,28.7328
S08,328,0.033699,0.0001,29.6163,0.007578,0.004496,29.6163,29.2617,28.7442
S08,329,0.033799,0.0001,29.6108,0.007568,0.004487,29.6108,29.2541,28.7366
S08,330,0.0339,0.0001,29.5875,0.007562,0.004481,29.5875,29.2468,28.748
S08,331,0.034,0.0001,29.5725,0.00755,0.004471,29.5725,29.2574,28.7479
S08,332,0.0341,0.0001,29.6132,0.007541,0.004463,29.6132,29.2717,28.7581
S08,333,0.034201,0.0001,29.589,0.00755,0.004465,29.589,29.2891,28.7521
S08,334,0.034301,0.0001,29.5927,0.007538,0.004455,29.5927,29.2797,28.7405
S08,335,0.034402,0.0001,29.5991,0.007535,0.004451,29.5991,29.2913,28.7456
S08,336,0.034502,0.0001,29.5662,0.007532,0.004447,29.5662,29.3039,28.7245
S08,337,0.034602,0.0001,29.5495,0.007518,0.004435,29.5495,29.3079,28.7442
S08,338,0.034703,0.0001,29.5485,0.007508,0.004426,29.5485,29.3192,28.7313
S08,339,0.034803,0.0001,29.5918,0.007504,0.00442,29.5918,29.3259,28.7408
S08,340,0.034903,0.0001,29.5653,0.007512,0.004423,29.5653,29.3213,28.7365
S08,341,0.035004,0.0001,29.5595,0.0075,0.004412,29.5595,29.32,28.7358
S08,342,0.035104,0.0001,29.596,0.007494,0.004406,29.596,29.3093,28.7389
S08,343,0.035204,0.0001,29.5986,0.0075,0.004407,29.5986,29.31,28.7559
S08,344,0.035305,0.0001,29.6077,0.007497,0.004402,29.6077,29.3223,28.7671
S08,345,0.035405,0.0001,29.5983,0.007495,0.004399,29.5983,29.3194,28.7745
S08,346,0.035506,0.0001,29.5898,0.007487,0.004391,29.5898,29.3268,28.7942
S08,347,0.035606,0.0001,29.5687,0.00748,0.004384,29.5687,29.2985,28.7954
S08,348,0.035706,0.0001,29.5605,0.007469,0.004374,29.5605,29.2907,28.7854
S08,349,0.035807,0.0001,29.5738,0.007462,0.004366,29.5738,29.2851,28.8004
S08,350,0.035907,0.0001,29.5493,0.007462,0.004363,29.5493,29.2905,28.7933
S08,351,0.036007,0.0001,29.5554,0.007449,0.004353,29.5554,29.2976,28.7931
S08,352,0.036107,0.0001,29.5508,0.007447,0.004348,29.5508,29.3098,28.7943
S08,353,0.036208,0.0001,29.5829,0.007441,0.004341,29.5829,29.3008,28.8011
S08,354,0.036308,0.0001,29.5727,0.007446,0.004342,29.5727,29.2876,28.8128
S08,355,0.036408,0.0001,29.5768,0.007438,0.004334,29.5768,29.313,28.8296
S08,356,0.036509,0.0001,29.6289,0.007435,0.004329,29.6289,29.3005,28.8118
S08,357,0.036609,0.0001,29.6668,0.007446,0.004334,29.6668,29.3003,28.8163
S08,358,0.03671,0.000101,29.6771,0.007453,0.004335,29.6771,29.3024,28.8091
S08,359,0.03681,0.000101,29.6898,0.007451,0.004331,29.6898,29.2947,28.8062
S08,360,0.036911,0.000101,29.7106,0.00745,0.004328,29.7106,29.2925,28.8112
S08,361,0.037012,0.000101,29.7046,0.007452,0.004326,29.7046,29.2847,28.817
S08,362,0.037112,0.000101,29.7098,0.007445,0.004319,29.7098,29.2917,28.8175
S08,363,0.037213,0.000101,29.6937,0.007442,0.004314,29.6937,29.3029,28.8044
S08,364,0.037314,0.000101,29.7168,0.007432,0.004304,29.7168,29.3021,28.8126
S08,365,0.037414,0.000101,29.72,0.007434,0.004303,29.72,29.3093,28.8275
S08,366,0.037515,0.000101,29.7043,0.00743,0.004297,29.7043,29.3156,28.8307
S08,367,0.037616,0.000101,29.7395,0.007421,0.004288,29.7395,29.3238,28.8456
S08,368,0.037716,0.000101,29.731,0.007427,0.004289,29.731,29.3127,28.8382
S08,369,0.037817,0.000101,29.7246,0.007419,0.004281,29.7246,29.3198,28.8493
S08,370,0.037918,0.000101,29.7078,0.007412,0.004273,29.7078,29.3305,28.8408
S08,371,0.038019,0.000101,29.7466,0.007402,0.004264,29.7466,29.3344,28.8362
S08,372,0.038119,0.000101,29.7192,0.007409,0.004265,29.7192,29.3316,28.8419
S08,373,0.03822,0.000101,29.7399,0.007396,0.004253,29.7399,29.3326,28.8366
S08,374,0.038321,0.000101,29.7597,0.007397,0.004251,29.7597,29.3361,28.8342
S08,375,0.038421,0.000101,29.7542,0.007398,0.004249,29.7542,29.3503,28.8349
S08,376,0.038522,0.000101,29.7549,0.007391,0.004241,29.7549,29.3538,28.8386
S08,377,0.038623,0.000101,29.7742,0.007387,0.004235,29.7742,29.3457,28.8581
S08,378,0.038724,0.000101,29.7892,0.007388,0.004232,29.7892,29.3614,28.8585
S08,379,0.038825,0.000101,29.8078,0.007387,0.004229,29.8078,29.3761,28.8573
S08,380,0.038926,0.000101,29.8158,0.007388,0.004226,29.8158,29.386,28.8562
S08,381,0.039027,0.000101,29.8357,0.007385,0.004221,29.8357,29.3783,28.8458
S08,382,0.039127,0.000101,29.8613,0.007386,0.004219,29.8613,29.3733,28.8483
S08,383,0.039229,0.000101,29.8526,0.007389,0.004217,29.8526,29.3817,28.835
S08,384,0.03933,0.000101,29.8314,0.007381,0.004209,29.8314,29.3694,28.85
S08,385,0.03943,0.000101,29.8311,0.007369,0.004198,29.8311,29.3838,28.8455
S08,386,0.039531,0.000101,29.8209,0.007364,0.004191,29.8209,29.3979,28.8361
S08,387,0.039632,0.000101,29.8462,0.007356,0.004182,29.8462,29.406,28.853
S08,388,0.039733,0.000101,29.8389,0.007359,0.004181,29.8389,29.4099,28.8566
S08,389,0.039834,0.000101,29.8662,0.007351,0.004172,29.8662,29.4078,28.8501
S08,390,0.039935,0.000101,29.8546,0.007354,0.004171,29.8546,29.4019,28.8552
S08,391,0.040036,0.000101,29.886,0.007346,0.004162,29.886,29.413,28.8542
S08,392,0.040137,0.000101,29.922,0.00735,0.004162,29.922,29.4372,28.8448
S08,393,0.040239,0.000101,29.9254,0.007356,0.004162,29.9254,29.4403,28.8526
S08,394,0.04034,0.000101,29.9565,0.007352,0.004156,29.9565,29.4611,28.8401
S08,395,0.040441,0.000101,29.913,0.007356,0.004155,29.913,29.4774,28.831
S08,396,0.040542,0.000101,29.9156,0.007338,0.004139,29.9156,29.4749,28.8411
S08,397,0.040643,0.000101,29.9292,0.007333,0.004133,29.9292,29.4607,28.8468
S08,398,0.040745,0.000101,29.9404,0.007332,0.004129,29.9404,29.4735,28.8662
S08,399,0.040846,0.000101,29.9563,0.00733,0.004124,29.9563,29.476,28.836
S08,400,0.040947,0.000101,29.9684,0.00733,0.00412,29.9684,29.4753,28.8455
S08,401,0.041048,0.000101,29.959,0.007328,0.004115,29.959,29.4774,28.8586
S08,402,0.04115,0.000101,29.9421,0.00732,0.004107,29.9421,29.5115,28.8677
S08,403,0.041251,0.000101,29.936,0.00731,0.004096,29.936,29.496,28.8648
S08,404,0.041352,0.000101,29.9252,0.007303,0.004088,29.9252,29.4937,28.8778
S08,405,0.041453,0.000101,29.9259,0.007294,0.004078,29.9259,29.5048,28.8852
S08,406,0.041554,0.000101,29.9631,0.007289,0.004071,29.9631,29.5117,28.8727
S08,407,0.041656,0.000101,29.9308,0.007295,0.004072,29.9308,29.524,28.8916
S08,408,0.041757,0.000101,29.9014,0.00728,0.004058,29.9014,29.5447,28.8885
S08,409,0.041858,0.000101,29.8921,0.007266,0.004045,29.8921,29.533,28.884
S08,410,0.041959,0.000101,29.8702,0.007258,0.004036,29.8702,29.5452,28.8683
S08,411,0.04206,0.000101,29.8536,0.007246,0.004024,29.8536,29.5443,28.8819
S08,412,0.042161,0.000101,29.8591,0.007235,0.004013,29.8591,29.5346,28.8838
S08,413,0.042262,0.000101,29.859,0.007232,0.004007,29.859,29.5332,28.9135
S08,414,0.042363,0.000101,29.8654,0.007226,0.004,29.8654,29.5427,28.9174
S08,415,0.042464,0.000101,29.8893,0.007223,0.003994,29.8893,29.5354,28.9185
S08,416,0.042565,0.000101,29.8979,0.007225,0.003991,29.8979,29.5326,28.9195
S08,417,0.042666,0.000101,29.8899,0.007222,0.003985,29.8899,29.5297,28.929
S08,418,0.042767,0.000101,29.9075,0.007214,0.003976,29.9075,29.521,28.9304
S08,419,0.042869,0.000101,29.8871,0.007214,0.003972,29.8871,29.514,28.9343
S08,420,0.04297,0.000101,29.9211,0.007203,0.003961,29.9211,29.5151,28.947
S08,421,0.043071,0.000101,29.9278,0.007208,0.00396,29.9278,29.5261,28.9362
S08,422,0.043172,0.000101,29.9272,0.007204,0.003954,29.9272,29.5309,28.9308
S08,423,0.043273,0.000101,29.9059,0.007199,0.003946,29.9059,29.5416,28.9318
S08,424,0.043374,0.000101,29.9229,0.007187,0.003934,29.9229,29.5338,28.9241
S08,425,0.043476,0.000101,29.9382,0.007187,0.00393,29.9382,29.5405,28.9136
S08,426,0.043577,0.000101,29.9862,0.007186,0.003925,29.9862,29.5224,28.9295
S08,427,0.043678,0.000101,30.029,0.007195,0.003927,30.029,29.5361,28.9573
S08,428,0.043779,0.000101,30.0485,0.007203,0.003928,30.0485,29.548,28.9565
S08,429,0.043881,0.000101,30.0756,0.007203,0.003924,30.0756,29.5548,28.9608
S08,430,0.043982,0.000102,30.063,0.007206,0.003922,30.063,29.5764,28.982
S08,431,0.044084,0.000102,30.0609,0.007197,0.003912,30.0609,29.573,28.9849
S08,432,0.044185,0.000102,30.0541,0.007191,0.003904,30.0541,29.5822,28.992
S08,433,0.044287,0.000101,30.0269,0.007183,0.003894,30.0269,29.5785,28.9841
S08,434,0.044388,0.000101,30.0177,0.00717,0.003881,30.0177,29.5888,28.9807
S08,435,0.04449,0.000101,30.0051,0.007162,0.003871,30.0051,29.5938,28.9739
S08,436,0.044591,0.000101,30.0186,0.007153,0.003861,30.0186,29.597,28.9702
S08,437,0.044693,0.000101,30.0116,0.007151,0.003856,30.0116,29.6136,28.9765
S08,438,0.044794,0.000101,29.9763,0.007144,0.003847,29.9763,29.6069,28.9653
S08,439,0.044895,0.000101,29.9832,0.007128,0.003832,29.9832,29.6022,28.968
S08,440,0.044997,0.000101,29.99,0.007125,0.003825,29.99,29.6205,28.9649
S08,441,0.045098,0.000101,29.9919,0.007121,0.003818,29.9919,29.6227,28.9565
S08,442,0.045199,0.000101,30.0089,0.007116,0.003811,30.0089,29.6223,28.9623
S08,443,0.045301,0.000101,30.0017,0.007116,0.003806,30.0017,29.6307,28.9675
S08,444,0.045402,0.000101,29.9842,0.007109,0.003797,29.9842,29.6325,28.9702
S08,445,0.045503,0.000101,29.9978,0.007098,0.003785,29.9978,29.632,28.9536
S08,446,0.045605,0.000101,29.978,0.007097,0.00378,29.978,29.6172,28.977
S08,447,0.045706,0.000101,29.9532,0.007086,0.003776,29.9532,29.6324,29.0187
S08,448,0.045807,0.000101,29.9278,0.007073,0.003776,29.9278,29.6234,29.0604
S08,449,0.045908,0.000101,29.9467,0.00706,0.003776,29.9467,29.6147,29.102
S08,450,0.04601,0.000101,29.9878,0.00706,0.003777,29.9878,29.6142,29.1436
S08,451,0.046111,0.000101,29.9765,0.007067,0.003777,29.9765,29.6198,29.1852
S08,452,0.046212,0.000101,29.9799,0.007059,0.003777,29.9799,29.6262,29.2267
S08,453,0.046313,0.000101,30.004,0.007054,0.003777,30.004,29.6402,29.2682
S08,454,0.046415,0.000101,29.997,0.007056,0.003777,29.997,29.6408,29.3097
S08,455,0.046516,0.000101,30.0052,0.007049,0.003777,30.0052,29.6473,29.3511
S08,456,0.046618,0.000101,29.9602,0.007046,0.003777,29.9602,29.6588,29.3925
S08,457,0.046719,0.000101,29.9229,0.007027,0.003777,29.9229,29.669,29.4339
S08,458,0.04682,0.000101,29.9261,0.007011,0.003777,29.9261,29.6815,29.4752
S08,459,0.046921,0.000101,29.9242,0.007007,0.003777,29.9242,29.6965,29.5164
S08,460,0.047022,0.000101,29.9254,0.007001,0.003777,29.9254,29.6942,29.5576
S08,461,0.047123,0.000101,29.9073,0.006996,0.003777,29.9073,29.6973,29.5988
S08,462,0.047225,0.000101,29.9316,0.006985,0.003777,29.9316,29.7054,29.6399
S08,463,0.047326,0.000101,29.9494,0.006987,0.003777,29.9494,29.7068,29.6809
S08,464,0.047427,0.000101,29.9465,0.006987,0.003776,29.9465,29.713,29.7219
S08,465,0.047528,0.000101,29.9426,0.006981,0.003776,29.9426,29.705,29.7628
S08,466,0.047629,0.000101,29.9343,0.006975,0.003776,29.9343,29.7001,29.8037
S08,467,0.047731,0.000101,29.9271,0.006967,0.003776,29.9271,29.7025,29.8445
S08,468,0.047832,0.000101,29.9384,0.00696,0.003775,29.9384,29.6945,29.8853
S08,469,0.047933,0.000101,29.9446,0.006958,0.003775,29.9446,29.6998,29.926
S08,470,0.048034,0.000101,29.931,0.006954,0.003775,29.931,29.6989,29.9666
S08,471,0.048135,0.000101,29.9254,0.006945,0.003774,29.9254,29.7226,30.0072
S08,472,0.048236,0.000101,29.9318,0.006938,0.003774,29.9318,29.7176,30.0477
S08,473,0.048338,0.000101,29.8907,0.006935,0.003773,29.8907,29.7332,30.0881
S08,474,0.048439,0.000101,29.8727,0.006918,0.003773,29.8727,29.7255,30.1284
S08,475,0.04854,0.000101,29.8664,0.006907,0.003772,29.8664,29.7378,30.1687
S08,476,0.048641,0.000101,29.8707,0.006901,0.003772,29.8707,29.7309,30.2089
S08,477,0.048742,0.000101,29.9279,0.006897,0.003771,29.9279,29.749,30.249
S08,478,0.048843,0.000101,29.9563,0.006908,0.003771,29.9563,29.789,30.289
S08,479,0.048944,0.000101,29.9628,0.006911,0.00377,29.9628,29.829,30.329
S08,480,0.049045,0.000101,29.9356,0.006908,0.00377,29.9356,29.8688,30.3688
S08,481,0.049147,0.000101,29.9497,0.006895,0.003769,29.9497,29.9086,30.4086
S08,482,0.049248,0.000101,29.9614,0.006894,0.003768,29.9614,29.9483,30.4483
S08,483,0.049349,0.000101,29.9579,0.006893,0.003768,29.9579,29.9879,30.4879
S08,484,0.04945,0.000101,29.9756,0.006887,0.003767,29.9756,30.0275,30.5275
S08,485,0.049552,0.000101,29.9865,0.006887,0.003766,29.9865,30.0669,30.5669
S08,486,0.049653,0.000101,29.9611,0.006885,0.003765,29.9611,30.1062,30.6062
S08,487,0.049754,0.000101,29.9493,0.006872,0.003764,29.9493,30.1454,30.6454
S08,488,0.049855,0.000101,29.9599,0.006864,0.003763,29.9599,30.1846,30.6846
S08,489,0.049957,0.000101,29.9916,0.006862,0.003763,29.9916,30.2236,30.7236
S08,490,0.050058,0.000101,30.0265,0.006866,0.003762,30.0265,30.2626,30.7626
S08,491,0.050159,0.000101,30.0081,0.006872,0.003761,30.0081,30.3014,30.8014
S08,492,0.050261,0.000101,29.9711,0.006861,0.00376,29.9711,30.3401,30.8401
S08,493,0.050362,0.000101,30.0245,0.006845,0.003759,30.0245,30.3788,30.8788
S08,494,0.050463,0.000101,30.019,0.006856,0.003758,30.019,30.4173,30.9173
S08,495,0.050565,0.000101,30.0345,0.00685,0.003757,30.0345,30.4557,30.9557
S08,496,0.050666,0.000101,30.0425,0.006849,0.003755,30.0425,30.494,30.994
S08,497,0.050768,0.000101,30.0322,0.006847,0.003754,30.0322,30.5322,31.0322
S08,498,0.050869,0.000101,30.0702,0.006839,0.003753,30.0702,30.5702,31.0702
S08,499,0.050971,0.000102,30.1082,0.006845,0.003752,30.1082,30.6082,31.1082
S08,500,0.051072,0.000102,30.146,0.006851,0.003751,30.146,30.646,31.146
S08,501,0.051174,0.000102,30.1838,0.006857,0.00375,30.1838,30.6838,31.1838
S08,502,0.051276,0.000102,30.2214,0.006864,0.003748,30.2214,30.7214,31.2214
S08,503,0.051378,0.000102,30.2588,0.00687,0.003747,30.2588,30.7588,31.2588
S08,504,0.05148,0.000102,30.2962,0.006876,0.003746,30.2962,30.7962,31.2962
S08,505,0.051582,0.000102,30.3334,0.006882,0.003744,30.3334,30.8334,31.3334
S08,506,0.051684,0.000102,30.3705,0.006888,0.003743,30.3705,30.8705,31.3705
S08,507,0.051786,0.000102,30.4075,0.006895,0.003741,30.4075,30.9075,31.4075
S08,508,0.051888,0.000102,30.46,0.006901,0.00374,30.46,30.9443,31.4443
S08,509,0.051991,0.000102,30.481,0.006911,0.003738,30.481,30.981,31.481
S08,510,0.052093,0.000103,30.5176,0.006913,0.003737,30.5176,31.0176,31.5176
S08,511,0.052196,0.000103,30.554,0.006919,0.003735,30.554,31.054,31.554
S08,512,0.052299,0.000103,30.5903,0.006925,0.003734,30.5903,31.0903,31.5903
S08,513,0.052401,0.000103,30.6265,0.006931,0.003732,30.6265,31.1265,31.6265
S08,514,0.052504,0.000103,30.6625,0.006937,0.003731,30.6625,31.1625,31.6625
S08,515,0.052607,0.000103,30.6984,0.006943,0.003729,30.6984,31.1984,31.6984
S08,516,0.05271,0.000103,30.7341,0.006949,0.003727,30.7341,31.2341,31.7341
S08,517,0.052813,0.000103,30.7697,0.006955,0.003726,30.7697,31.2697,31.7697
S08,518,0.052917,0.000103,30.8052,0.006961,0.003724,30.8052,31.3052,31.8052
S08,519,0.05302,0.000103,30.8405,0.006967,0.003722,30.8405,31.3405,31.8405
S08,520,0.053123,0.000103,30.8756,0.006973,0.00372,30.8756,31.3756,31.8756
S08,521,0.053227,0.000103,30.9106,0.006979,0.003718,30.9106,31.4106,31.9106
S08,522,0.05333,0.000104,30.9455,0.006984,0.003717,30.9455,31.4455,31.9455
S08,523,0.053434,0.000104,30.9802,0.00699,0.003715,30.9802,31.4802,31.9802
S08,524,0.053538,0.000104,31.0147,0.006996,0.003713,31.0147,31.5147,32.0147
S08,525,0.053642,0.000104,31.0617,0.007002,0.003711,31.0617,31.5491,32.0491
S08,526,0.053746,0.000104,31.0833,0.007012,0.003709,31.0833,31.5833,32.0833
S08,527,0.05385,0.000104,31.1174,0.007014,0.003707,31.1174,31.6174,32.1174
S08,528,0.053954,0.000104,31.1513,0.007019,0.003705,31.1513,31.6513,32.1513
S08,529,0.054058,0.000104,31.185,0.007025,0.003703,31.185,31.685,32.185
S08,530,0.054162,0.000104,31.2186,0.007031,0.003701,31.2186,31.7186,32.2186
S08,531,0.054266,0.000104,31.252,0.007036,0.003698,31.252,31.752,32.252
S08,532,0.054371,0.000104,31.2852,0.007042,0.003696,31.2852,31.7852,32.2852
S08,533,0.054475,0.000105,31.3183,0.007048,0.003694,31.3183,31.8183,32.3183
S08,534,0.05458,0.000105,31.3512,0.007053,0.003692,31.3512,31.8512,32.3512
S08,535,0.054685,0.000105,31.3839,0.007059,0.00369,31.3839,31.8839,32.3839
S08,536,0.054789,0.000105,31.4165,0.007064,0.003687,31.4165,31.9165,32.4165
S08,537,0.054894,0.000105,31.4488,0.00707,0.003685,31.4488,31.9488,32.4488
S08,538,0.054999,0.000105,31.481,0.007075,0.003683,31.481,31.981,32.481
S08,539,0.055104,0.000105,31.5131,0.007081,0.00368,31.5131,32.0131,32.5131
S08,540,0.055209,0.000105,31.5449,0.007086,0.003678,31.5449,32.0449,32.5449
S08,541,0.055314,0.000105,31.5766,0.007092,0.003676,31.5766,32.0766,32.5766
S08,542,0.05542,0.000105,31.6081,0.007097,0.003673,31.6081,32.1081,32.6081
S08,543,0.055525,0.000105,31.6394,0.007102,0.003671,31.6394,32.1394,32.6394
S08,544,0.05563,0.000105,31.6705,0.007108,0.003668,31.6705,32.1705,32.6705
S08,545,0.055736,0.000105,31.7014,0.007113,0.003666,31.7014,32.2014,32.7014
S08,546,0.055841,0.000106,31.7322,0.007118,0.003663,31.7322,32.2322,32.7322
S08,547,0.055947,0.000106,31.7627,0.007124,0.003661,31.7627,32.2627,32.7627
S08,548,0.056053,0.000106,31.7931,0.007129,0.003658,31.7931,32.2931,32.7931
S08,549,0.056158,0.000106,31.8233,0.007134,0.003656,31.8233,32.3233,32.8233
S08,550,0.056264,0.000106,31.8533,0.007139,0.003653,31.8533,32.3533,32.8533
S08,551,0.05637,0.000106,31.885,0.007144,0.00365,31.885,32.3831,32.8831
S08,552,0.056476,0.000106,31.9127,0.00715,0.003648,31.9127,32.4127,32.9127
S08,553,0.056582,0.000106,31.9421,0.007155,0.003645,31.9421,32.4421,32.9421
S08,554,0.056688,0.000106,31.9713,0.00716,0.003642,31.9713,32.4713,32.9713
S08,555,0.056795,0.000106,32.0003,0.007165,0.003639,32.0003,32.5003,33.0003
S08,556,0.056901,0.000106,32.0291,0.00717,0.003637,32.0291,32.5291,33.0291
S08,557,0.057007,0.000106,32.0577,0.007175,0.003634,32.0577,32.5577,33.0577
S08,558,0.057114,0.000106,32.0861,0.00718,0.003631,32.0861,32.5861,33.0861
S08,559,0.05722,0.000107,32.1143,0.007185,0.003628,32.1143,32.6143,33.1143
S08,560,0.057327,0.000107,32.1423,0.007189,0.003625,32.1423,32.6423,33.1423
S08,561,0.057434,0.000107,32.1701,0.007194,0.003622,32.1701,32.6701,33.1701
S08,562,0.05754,0.000107,32.1977,0.007199,0.003619,32.1977,32.6977,33.1977
S08,563,0.057647,0.000107,32.2251,0.007204,0.003616,32.2251,32.7251,33.2251
S08,564,0.057754,0.000107,32.2523,0.007209,0.003613,32.2523,32.7523,33.2523
S08,565,0.057861,0.000107,32.2793,0.007213,0.00361,32.2793,32.7793,33.2793
S08,566,0.057968,0.000107,32.306,0.007218,0.003607,32.306,32.806,33.306
S08,567,0.058075,0.000107,32.3325,0.007223,0.003604,32.3325,32.8325,33.3325
S08,568,0.058182,0.000107,32.3589,0.007227,0.003601,32.3589,32.8589,33.3589
S08,569,0.058289,0.000107,32.385,0.007232,0.003598,32.385,32.885,33.385
S08,570,0.058397,0.000107,32.4177,0.007236,0.003595,32.4177,32.9109,33.4109
S08,571,0.058504,0.000107,32.4545,0.007243,0.003592,32.4545,32.9366,33.4366
S08,572,0.058612,0.000107,32.462,0.007251,0.003589,32.462,32.962,33.462
S08,573,0.058719,0.000107,32.5055,0.00725,0.003586,32.5055,32.9873,33.4873
S08,574,0.058827,0.000108,32.5123,0.00726,0.003582,32.5123,33.0123,33.5123
S08,575,0.058934,0.000108,32.5371,0.007259,0.003579,32.5371,33.0371,33.5371
S08,576,0.059042,0.000108,32.5617,0.007263,0.003576,32.5617,33.0617,33.5617
S08,577,0.05915,0.000108,32.5861,0.007267,0.003573,32.5861,33.0861,33.5861
S08,578,0.059258,0.000108,32.6102,0.007272,0.003569,32.6102,33.1102,33.6102
S08,579,0.059365,0.000108,32.6341,0.007276,0.003566,32.6341,33.1341,33.6341
S08,580,0.059473,0.000108,32.666,0.00728,0.003563,32.666,33.1578,33.6578
S08,581,0.059581,0.000108,32.6965,0.007287,0.003559,32.6965,33.1813,33.6813
S08,582,0.059689,0.000108,32.718,0.007293,0.003556,32.718,33.2045,33.7045
S08,583,0.059798,0.000108,32.7275,0.007296,0.003553,32.7275,33.2275,33.7275
S08,584,0.059906,0.000108,32.7503,0.007296,0.003549,32.7503,33.2503,33.7503
S08,585,0.060014,0.000108,32.7728,0.0073,0.003546,32.7728,33.2728,33.7728
S08,586,0.060122,0.000108,32.8153,0.007304,0.003542,32.8153,33.2952,33.7952
S08,587,0.060231,0.000108,32.8293,0.007314,0.003539,32.8293,33.3173,33.8173
S08,588,0.060339,0.000108,32.8644,0.007316,0.003535,32.8644,33.3391,33.8391
S08,589,0.060448,0.000109,32.8607,0.007324,0.003532,32.8607,33.3607,33.8607
S08,590,0.060556,0.000109,32.8821,0.00732,0.003528,32.8821,33.3821,33.8821
S08,591,0.060665,0.000109,32.9033,0.007324,0.003525,32.9033,33.4033,33.9033
S08,592,0.060773,0.000109,32.9242,0.007327,0.003521,32.9242,33.4242,33.9242
S08,593,0.060882,0.000109,32.9449,0.007331,0.003518,32.9449,33.4449,33.9449
S08,594,0.060991,0.000109,32.9776,0.007335,0.003514,32.9776,33.4653,33.9653
S08,595,0.0611,0.000109,32.9855,0.007342,0.003511,32.9855,33.4855,33.9855
S08,596,0.061208,0.000109,33.016,0.007342,0.003507,33.016,33.5055,34.0055
S08,597,0.061317,0.000109,33.0252,0.007349,0.003503,33.0252,33.5252,34.0252
S08,598,0.061426,0.000109,33.0447,0.007349,0.0035,33.0447,33.5447,34.0447
S08,599,0.061535,0.000109,33.0639,0.007352,0.003496,33.0639,33.5639,34.0708
S08,600,0.061644,0.000109,33.0829,0.007356,0.003492,33.0829,33.5829,34.0829
S08,601,0.061753,0.000109,33.1017,0.007359,0.003489,33.1017,33.6017,34.1017
S08,602,0.061863,0.000109,33.1202,0.007362,0.003485,33.1202,33.6202,34.1202
S08,603,0.061972,0.000109,33.146,0.007366,0.003481,33.146,33.6385,34.139
S08,604,0.062081,0.000109,33.1614,0.007371,0.003477,33.1614,33.6565,34.1565
S08,605,0.06219,0.000109,33.1976,0.007374,0.003474,33.1976,33.6743,34.1743
S08,606,0.0623,0.000109,33.1918,0.007383,0.00347,33.1918,33.6918,34.1918
S08,607,0.062409,0.000109,33.2091,0.007378,0.003466,33.2091,33.7091,34.2108
S08,608,0.062518,0.000109,33.2261,0.007381,0.003462,33.2261,33.7261,34.2261
S08,609,0.062628,0.000109,33.2429,0.007385,0.003459,33.2429,33.7429,34.2429
S08,610,0.062737,0.00011,33.2595,0.007387,0.003455,33.2595,33.7614,34.2595
S08,611,0.062847,0.00011,33.2803,0.00739,0.003451,33.2803,33.7758,34.2758
S08,612,0.062957,0.00011,33.2918,0.007395,0.003447,33.2918,33.7918,34.2918
S08,613,0.063066,0.00011,33.3076,0.007396,0.003443,33.3076,33.8076,34.3076
S08,614,0.063176,0.00011,33.3244,0.007399,0.00344,33.3244,33.8232,34.3232
S08,615,0.063286,0.00011,33.3513,0.007402,0.003436,33.3513,33.8385,34.3385
S08,616,0.063395,0.00011,33.4007,0.007409,0.003432,33.4007,33.8535,34.3535
S08,617,0.063505,0.00011,33.4065,0.007422,0.003428,33.4065,33.8683,34.3683
S08,618,0.063615,0.00011,33.4224,0.007422,0.003424,33.4224,33.8901,34.3828
S08,619,0.063725,0.00011,33.3971,0.007425,0.00342,33.3971,33.9057,34.3971
S08,620,0.063835,0.00011,33.4111,0.007415,0.003416,33.4111,33.9111,34.4111
S08,621,0.063945,0.00011,33.4294,0.007418,0.003412,33.4294,33.9249,34.4249
S08,622,0.064055,0.00011,33.4385,0.007421,0.003408,33.4385,33.9385,34.4385
S08,623,0.064165,0.00011,33.4707,0.007422,0.003405,33.4707,33.9517,34.4517
S08,624,0.064275,0.00011,33.4677,0.007431,0.003401,33.4677,33.9647,34.4647
S08,625,0.064385,0.00011,33.4894,0.007428,0.003397,33.4894,33.9775,34.4775
S08,626,0.064496,0.00011,33.5075,0.007433,0.003393,33.5075,33.99,34.49
S08,627,0.064606,0.00011,33.5023,0.007437,0.003389,33.5023,34.0023,34.5023
S08,628,0.064716,0.00011,33.5227,0.007434,0.003385,33.5227,34.0142,34.5142
S08,629,0.064826,0.00011,33.526,0.007439,0.003381,33.526,34.026,34.5283
S08,630,0.064936,0.00011,33.5375,0.007438,0.003377,33.5375,34.0375,34.5375
S08,631,0.065047,0.00011,33.5487,0.00744,0.003373,33.5487,34.0487,34.5487
S08,632,0.065157,0.00011,33.5596,0.007442,0.003369,33.5596,34.0596,34.5596
S08,633,0.065267,0.00011,33.5703,0.007444,0.003365,33.5703,34.0703,34.5737
S08,634,0.065378,0.00011,33.5912,0.007446,0.003361,33.5912,34.0808,34.5808
S08,635,0.065488,0.00011,33.591,0.007451,0.003357,33.591,34.091,34.591
S08,636,0.065599,0.00011,33.6009,0.00745,0.003353,33.6009,34.1096,34.6009
S08,637,0.065709,0.00011,33.6106,0.007452,0.003349,33.6106,34.1222,34.6106
S08,638,0.06582,0.00011,33.62,0.007453,0.003345,33.62,34.12,34.62
S08,639,0.06593,0.00011,33.6291,0.007455,0.003341,33.6291,34.1291,34.6291
S08,640,0.066041,0.000111,33.638,0.007457,0.003337,33.638,34.138,34.638
S08,641,0.066151,0.000111,33.6467,0.007458,0.003333,33.6467,34.1467,34.6467
S08,642,0.066262,0.000111,33.655,0.00746,0.003329,33.655,34.155,34.6593
S08,643,0.066372,0.000111,33.6632,0.007461,0.003325,33.6632,34.1632,34.6632
S08,644,0.066483,0.000111,33.671,0.007463,0.003321,33.671,34.171,34.671
S08,645,0.066593,0.000111,33.6872,0.007464,0.003317,33.6872,34.1786,34.6786
S08,646,0.066704,0.000111,33.6877,0.007468,0.003313,33.6877,34.1859,34.6859
S08,647,0.066815,0.000111,33.7473,0.007468,0.003309,33.7473,34.193,34.6941
S08,648,0.066926,0.000111,33.7231,0.007486,0.003305,33.7231,34.2247,34.6998
S08,649,0.067036,0.000111,33.7504,0.007477,0.003301,33.7504,34.2277,34.7064
S08,650,0.067147,0.000111,33.7272,0.007485,0.003297,33.7272,34.2306,34.7127
S08,651,0.067258,0.000111,33.7187,0.007477,0.003293,33.7187,34.2312,34.7187
S08,652,0.067369,0.000111,33.766,0.007473,0.003289,33.766,34.2252,34.7245
S08,653,0.06748,0.000111,33.7627,0.007487,0.003285,33.7627,34.23,34.73
S08,654,0.067591,0.000111,33.7612,0.007486,0.003281,33.7612,34.2352,34.7352
S08,655,0.067701,0.000111,33.7676,0.007484,0.003277,33.7676,34.2402,34.7402
S08,656,0.067812,0.000111,33.7946,0.007486,0.003273,33.7946,34.2449,34.7449
S08,657,0.067923,0.000111,33.7922,0.007494,0.003269,33.7922,34.2561,34.7502
S08,658,0.068034,0.000111,33.8464,0.007492,0.003265,33.8464,34.2536,34.7536
S08,659,0.068145,0.000111,33.8553,0.007509,0.003261,33.8553,34.259,34.7576
S08,660,0.068256,0.000111,33.8572,0.007511,0.003257,33.8572,34.2612,34.7612
S08,661,0.068368,0.000111,33.8161,0.007512,0.003253,33.8161,34.2647,34.7719
S08,662,0.068479,0.000111,33.8292,0.007498,0.003249,33.8292,34.2678,34.7678
S08,663,0.06859,0.000111,33.8438,0.007502,0.003245,33.8438,34.2818,34.7708
S08,664,0.068701,0.000111,33.8593,0.007506,0.003241,33.8593,34.2918,34.7734
S08,665,0.068812,0.000111,33.8278,0.007511,0.003237,33.8278,34.2871,34.7758
S08,666,0.068923,0.000111,33.8509,0.0075,0.003233,33.8509,34.2995,34.7779
S08,667,0.069034,0.000111,33.8407,0.007507,0.003229,33.8407,34.3056,34.7798
S08,668,0.069145,0.000111,33.8591,0.007504,0.003225,33.8591,34.2815,34.7814
S08,669,0.069256,0.000111,33.8726,0.007509,0.003221,33.8726,34.2827,34.7841
S08,670,0.069367,0.000111,33.8923,0.007514,0.003217,33.8923,34.2838,34.7895
S08,671,0.069479,0.000111,33.8851,0.00752,0.003214,33.8851,34.2847,34.7847
S08,672,0.06959,0.000111,33.9186,0.007517,0.00321,33.9186,34.2853,34.7853
S08,673,0.069701,0.000111,33.9505,0.007528,0.003206,33.9505,34.2856,34.7922
S08,674,0.069812,0.000111,33.9558,0.007538,0.003202,33.9558,34.2856,34.7856
S08,675,0.069924,0.000111,33.9606,0.00754,0.003198,33.9606,34.2854,34.7854
S08,676,0.070035,0.000111,33.9738,0.007542,0.003194,33.9738,34.2885,34.7907
S08,677,0.070147,0.000111,33.9589,0.007546,0.00319,33.9589,34.2843,34.7843
S08,678,0.070258,0.000111,33.9782,0.007541,0.003186,33.9782,34.2902,34.7918
S08,679,0.070369,0.000111,33.9712,0.007548,0.003183,33.9712,34.2821,34.7998
S08,680,0.070481,0.000111,33.9755,0.007545,0.003179,33.9755,34.2812,34.7882
S08,681,0.070592,0.000111,33.9891,0.007547,0.003175,33.9891,34.2789,34.7892
S08,682,0.070704,0.000111,33.9838,0.007552,0.003171,33.9838,34.277,34.7832
S08,683,0.070815,0.000111,33.9828,0.00755,0.003167,33.9828,34.286,34.7747
S08,684,0.070927,0.000111,33.9924,0.00755,0.003164,33.9924,34.2722,34.7722
S08,685,0.071038,0.000111,34.0173,0.007554,0.00316,34.0173,34.2694,34.7694
S08,686,0.07115,0.000112,34.0198,0.007562,0.003156,34.0198,34.2679,34.7709
S08,687,0.071261,0.000112,34.0227,0.007563,0.003153,34.0227,34.2752,34.7703
S08,688,0.071373,0.000112,34.0345,0.007565,0.003149,34.0345,34.2667,34.7782
S08,689,0.071484,0.000112,34.036,0.007569,0.003145,34.036,34.2743,34.773
S08,690,0.071596,0.000112,34.0472,0.00757,0.003141,34.0472,34.2776,34.7725
S08,691,0.071708,0.000112,34.0678,0.007574,0.003138,34.0678,34.281,34.7578
S08,692,0.071819,0.000112,34.1079,0.007582,0.003134,34.1079,34.2896,34.7741
S08,693,0.071931,0.000112,34.1126,0.007595,0.00313,34.1126,34.2864,34.7878
S08,694,0.072043,0.000112,34.0941,0.007597,0.003127,34.0941,34.2783,34.7811
S08,695,0.072155,0.000112,34.1696,0.007592,0.003123,34.1696,34.2711,34.7766
S08,696,0.072267,0.000112,34.1923,0.007617,0.00312,34.1923,34.2746,34.7744
S08,697,0.072379,0.000112,34.221,0.007625,0.003116,34.221,34.2773,34.7799
S08,698,0.072491,0.000112,34.2136,0.007636,0.003113,34.2136,34.2718,34.7808
S08,699,0.072603,0.000112,34.2105,0.007634,0.003109,34.2105,34.2693,34.799
S08,700,0.072715,0.000112,34.2491,0.007634,0.003105,34.2491,34.2702,34.8042
S08,701,0.072827,0.000112,34.235,0.007647,0.003102,34.235,34.2802,34.801
S08,702,0.072939,0.000112,34.2348,0.007644,0.003098,34.2348,34.2978,34.8005
S08,703,0.073051,0.000112,34.2456,0.007645,0.003095,34.2456,34.292,34.8096
S08,704,0.073163,0.000112,34.261,0.007649,0.003092,34.261,34.3039,34.8163
S08,705,0.073276,0.000112,34.2479,0.007655,0.003088,34.2479,34.3144,34.8013
S08,706,0.073388,0.000112,34.2477,0.007652,0.003085,34.2477,34.3199,34.7894
S08,707,0.0735,0.000112,34.2643,0.007653,0.003081,34.2643,34.3309,34.7922
S08,708,0.073612,0.000112,34.2803,0.00766,0.003078,34.2803,34.321,34.8026
S08,709,0.073724,0.000112,34.305,0.007666,0.003075,34.305,34.3181,34.7876
S08,710,0.073837,0.000112,34.2847,0.007676,0.003071,34.2847,34.3204,34.8048
S08,711,0.073949,0.000112,34.2716,0.00767,0.003068,34.2716,34.3256,34.8091
S08,712,0.074061,0.000112,34.2632,0.007667,0.003065,34.2632,34.3232,34.791
S08,713,0.074173,0.000112,34.2544,0.007666,0.003061,34.2544,34.2994,34.8016
S08,714,0.074285,0.000112,34.2215,0.007664,0.003058,34.2215,34.2826,34.7979
S08,715,0.074397,0.000112,34.2101,0.007655,0.003055,34.2101,34.2792,34.787
S08,716,0.07451,0.000112,34.2424,0.007653,0.003052,34.2424,34.2993,34.7894
S08,717,0.074622,0.000112,34.2896,0.007665,0.003049,34.2896,34.3017,34.784
S08,718,0.074734,0.000112,34.2598,0.007682,0.003045,34.2598,34.2883,34.7822
S08,719,0.074846,0.000112,34.2693,0.007673,0.003042,34.2693,34.3066,34.7924
S08,720,0.074958,0.000112,34.2369,0.007678,0.003039,34.2369,34.3122,34.7914
S08,721,0.07507,0.000112,34.27,0.007669,0.003036,34.27,34.3,34.7909
S08,722,0.075183,0.000112,34.3043,0.007682,0.003033,34.3043,34.2791,34.7789
S08,723,0.075295,0.000112,34.3141,0.007694,0.00303,34.3141,34.2951,34.7571
S08,724,0.075407,0.000112,34.3445,0.007699,0.003027,34.3445,34.2864,34.76
S08,725,0.07552,0.000112,34.3741,0.007711,0.003024,34.3741,34.2844,34.7558
S08,726,0.075632,0.000112,34.3744,0.007722,0.003021,34.3744,34.2904,34.7428
S08,727,0.075745,0.000112,34.3875,0.007724,0.003018,34.3875,34.2829,34.7494
S08,728,0.075857,0.000113,34.4001,0.00773,0.003015,34.4001,34.2744,34.7429
S08,729,0.07597,0.000113,34.4133,0.007736,0.003012,34.4133,34.2679,34.7396
S08,730,0.076082,0.000113,34.4487,0.007743,0.003009,34.4487,34.2732,34.7339
S08,731,0.076195,0.000113,34.4741,0.007756,0.003007,34.4741,34.2682,34.7245
S08,732,0.076308,0.000113,34.4873,0.007767,0.003004,34.4873,34.2761,34.7204
S08,733,0.076421,0.000113,34.5092,0.007773,0.003001,34.5092,34.2799,34.7279
S08,734,0.076533,0.000113,34.4944,0.007782,0.002998,34.4944,34.2764,34.7333
S08,735,0.076646,0.000113,34.5262,0.007779,0.002995,34.5262,34.2783,34.7084
S08,736,0.076759,0.000113,34.5216,0.007792,0.002993,34.5216,34.2716,34.7093
S08,737,0.076872,0.000113,34.536,0.007792,0.00299,34.536,34.2879,34.6968
S08,738,0.076985,0.000113,34.578,0.007799,0.002987,34.578,34.2823,34.6982
S08,739,0.077098,0.000113,34.5551,0.007815,0.002985,34.5551,34.2904,34.6968
S08,740,0.077211,0.000113,34.5576,0.00781,0.002982,34.5576,34.3003,34.6928
S08,741,0.077324,0.000113,34.5289,0.007813,0.00298,34.5289,34.3068,34.6949
S08,742,0.077437,0.000113,34.5039,0.007806,0.002977,34.5039,34.2968,34.6962
S08,743,0.07755,0.000113,34.531,0.0078,0.002975,34.531,34.2964,34.7004
S08,744,0.077663,0.000113,34.5101,0.007811,0.002972,34.5101,34.2936,34.6986
S08,745,0.077775,0.000113,34.4931,0.007807,0.00297,34.4931,34.2746,34.6928
S08,746,0.077888,0.000113,34.5224,0.007803,0.002967,34.5224,34.2623,34.6876
S08,747,0.078001,0.000113,34.5002,0.007815,0.002965,34.5002,34.2681,34.695
S08,748,0.078114,0.000113,34.5101,0.007811,0.002963,34.5101,34.2663,34.6834
S08,749,0.078227,0.000113,34.4932,0.007816,0.00296,34.4932,34.2875,34.7027
S08,750,0.07834,0.000113,34.4446,0.007813,0.002958,34.4446,34.3025,34.7079
S08,751,0.078452,0.000113,34.4125,0.0078,0.002956,34.4125,34.3021,34.6885
S08,752,0.078565,0.000113,34.4284,0.007792,0.002953,34.4284,34.3062,34.6752
S08,753,0.078678,0.000113,34.4784,0.0078,0.002951,34.4784,34.3102,34.6633
S08,754,0.07879,0.000113,34.4947,0.007819,0.002949,34.4947,34.3205,34.6579
S08,755,0.078903,0.000113,34.5407,0.007827,0.002947,34.5407,34.3096,34.6588
S08,756,0.079016,0.000113,34.5507,0.007845,0.002945,34.5507,34.3222,34.6435
S08,757,0.079129,0.000113,34.5345,0.007851,0.002943,34.5345,34.3247,34.6292
S08,758,0.079242,0.000113,34.5176,0.007848,0.002941,34.5176,34.3245,34.6213
S08,759,0.079355,0.000113,34.5443,0.007845,0.002938,34.5443,34.3126,34.6209
S08,760,0.079468,0.000113,34.53,0.007857,0.002936,34.53,34.3287,34.6238
S08,761,0.079581,0.000113,34.5089,0.007855,0.002935,34.5089,34.3241,34.619
S08,762,0.079693,0.000113,34.5121,0.007851,0.002933,34.5121,34.3619,34.6019
S08,763,0.079806,0.000113,34.5114,0.007855,0.002931,34.5114,34.3796,34.6045
S08,764,0.079919,0.000113,34.5089,0.007857,0.002929,34.5089,34.4005,34.6082
S08,765,0.080032,0.000113,34.5168,0.007859,0.002927,34.5168,34.4131,34.6098
S08,766,0.080145,0.000113,34.5333,0.007865,0.002925,34.5333,34.41,34.6069
S08,767,0.080258,0.000113,34.5526,0.007873,0.002923,34.5526,34.4086,34.605
S08,768,0.080371,0.000113,34.5162,0.007883,0.002922,34.5162,34.4102,34.5901
S08,769,0.080484,0.000113,34.5523,0.007874,0.00292,34.5523,34.4283,34.5839
S08,770,0.080597,0.000113,34.543,0.007889,0.002918,34.543,34.4166,34.5563
S08,771,0.08071,0.000113,34.5599,0.007889,0.002917,34.5599,34.4184,34.5701
S08,772,0.080823,0.000113,34.5786,0.007897,0.002915,34.5786,34.4245,34.5806
S08,773,0.080936,0.000113,34.5727,0.007907,0.002913,34.5727,34.4427,34.5896
S08,774,0.081049,0.000113,34.579,0.007908,0.002912,34.579,34.4517,34.5857
S08,775,0.081162,0.000113,34.5348,0.007913,0.002912,34.5348,34.4662,34.5849
S08,776,0.081274,0.000113,34.5422,0.007901,0.002909,34.5422,34.4653,34.5926
S08,777,0.081387,0.000113,34.5108,0.007907,0.00291,34.5108,34.4597,34.588
S08,778,0.0815,0.000113,34.5342,0.0079,0.002907,34.5342,34.4595,34.5865
S08,779,0.081613,0.000113,34.5322,0.007911,0.002915,34.5322,34.4475,34.5855
S08,780,0.081726,0.000113,34.5439,0.007914,0.002918,34.5439,34.4454,34.5814
S08,781,0.081839,0.000113,34.5616,0.007921,0.002924,34.5616,34.4246,34.5826
S08,782,0.081952,0.000113,34.5769,0.00793,0.002931,34.5769,34.4276,34.594
S08,783,0.082065,0.000113,34.577,0.007938,0.002937,34.577,34.4386,34.5901
S08,784,0.082178,0.000113,34.603,0.007942,0.002941,34.603,34.4427,34.5965
S08,785,0.082291,0.000113,34.6278,0.007954,0.00295,34.6278,34.4527,34.5867
S08,786,0.082404,0.000113,34.6342,0.007966,0.002958,34.6342,34.4523,34.5618
S08,787,0.082517,0.000113,34.6603,0.007971,0.002963,34.6603,34.474,34.5602
S08,788,0.082631,0.000113,34.6648,0.007983,0.002972,34.6648,34.4504,34.559
S08,789,0.082744,0.000113,34.6428,0.007988,0.002977,34.6428,34.4576,34.5452
S08,790,0.082857,0.000113,34.6598,0.007984,0.002977,34.6598,34.4597,34.551
S08,791,0.08297,0.000113,34.6674,0.007994,0.002984,34.6674,34.4571,34.5395
S08,792,0.083084,0.000113,34.6816,0.008,0.00299,34.6816,34.4571,34.5465
S08,793,0.083197,0.000113,34.6688,0.008008,0.002997,34.6688,34.4589,34.5479
S08,794,0.08331,0.000113,34.6426,0.008007,0.002998,34.6426,34.4491,34.5667
S08,795,0.083423,0.000113,34.6242,0.008002,0.002997,34.6242,34.4469,34.576
S08,796,0.083537,0.000113,34.6167,0.008,0.002998,34.6167,34.44,34.5905
S08,797,0.08365,0.000113,34.641,0.008001,0.003001,34.641,34.4415,34.5844
S08,798,0.083763,0.000113,34.6453,0.008013,0.00301,34.6453,34.4469,34.5908
S08,799,0.083876,0.000113,34.6726,0.008018,0.003015,34.6726,34.4723,34.5902
S08,800,0.083989,0.000113,34.6536,0.008031,0.003025,34.6536,34.4893,34.5773
S08,801,0.084103,0.000113,34.6704,0.008028,0.003026,34.6704,34.4783,34.5911
S08,802,0.084216,0.000113,34.6603,0.008037,0.003034,34.6603,34.4848,34.6075
S08,803,0.084329,0.000113,34.6794,0.008038,0.003037,34.6794,34.4937,34.6066
S08,804,0.084442,0.000113,34.669,0.008048,0.003046,34.669,34.5017,34.6223
S08,805,0.084556,0.000113,34.6657,0.008048,0.003049,34.6657,34.5109,34.6204
S08,806,0.084669,0.000113,34.6275,0.008051,0.003053,34.6275,34.5208,34.6227
S08,807,0.084782,0.000113,34.6565,0.008042,0.00305,34.6565,34.5166,34.6238
S08,808,0.084895,0.000113,34.658,0.008055,0.003061,34.658,34.5243,34.6278
S08,809,0.085009,0.000113,34.6396,0.00806,0.003066,34.6396,34.5161,34.6253
S08,810,0.085122,0.000113,34.6607,0.008058,0.003068,34.6607,34.5273,34.6307
S08,811,0.085235,0.000113,34.6628,0.008068,0.003077,34.6628,34.5499,34.6415
S08,812,0.085348,0.000113,34.668,0.008073,0.003083,34.668,34.5536,34.639
S08,813,0.085461,0.000113,34.6343,0.008079,0.003089,34.6343,34.5479,34.6339
S08,814,0.085575,0.000113,34.6129,0.008071,0.003088,34.6129,34.5444,34.6513
S08,815,0.085688,0.000113,34.6193,0.008068,0.003089,34.6193,34.5468,34.6368
S08,816,0.085801,0.000113,34.6117,0.008074,0.003096,34.6117,34.5515,34.6243
S08,817,0.085914,0.000113,34.6132,0.008076,0.0031,34.6132,34.5701,34.6305
S08,818,0.086027,0.000113,34.6294,0.00808,0.003106,34.6294,34.5707,34.6205
S08,819,0.08614,0.000113,34.6303,0.00809,0.003115,34.6303,34.5727,34.6233
S08,820,0.086253,0.000113,34.6488,0.008094,0.003121,34.6488,34.5694,34.6094
S08,821,0.086367,0.000113,34.6366,0.008104,0.00313,34.6366,34.571,34.5911
S08,822,0.08648,0.000113,34.6644,0.008104,0.003134,34.6644,34.5747,34.6051
S08,823,0.086593,0.000113,34.6628,0.008118,0.003145,34.6628,34.5676,34.5998
S08,824,0.086706,0.000113,34.6416,0.008121,0.003151,34.6416,34.5807,34.5937
S08,825,0.086819,0.000113,34.6189,0.008118,0.003153,34.6189,34.5613,34.6096
S08,826,0.086933,0.000113,34.6227,0.008115,0.003154,34.6227,34.5665,34.6015
S08,827,0.087046,0.000113,34.6263,0.00812,0.003161,34.6263,34.5621,34.6028
S08,828,0.087159,0.000113,34.6319,0.008126,0.003168,34.6319,34.5604,34.6065
S08,829,0.087272,0.000113,34.6316,0.008132,0.003175,34.6316,34.5465,34.5813
S08,830,0.087385,0.000113,34.6466,0.008136,0.003181,34.6466,34.5595,34.5875
S08,831,0.087498,0.000113,34.671,0.008145,0.003191,34.671,34.5523,34.5891
S08,832,0.087612,0.000113,34.6718,0.008157,0.003202,34.6718,34.564,34.6031
S08,833,0.087725,0.000113,34.6854,0.008162,0.003209,34.6854,34.567,34.5884
S08,834,0.087838,0.000113,34.6664,0.008171,0.003218,34.6664,34.5668,34.5915
S08,835,0.087951,0.000113,34.676,0.008168,0.00322,34.676,34.5789,34.5894
S08,836,0.088065,0.000113,34.6935,0.008176,0.003229,34.6935,34.5908,34.5956
S08,837,0.088178,0.000113,34.7099,0.008186,0.003239,34.7099,34.596,34.5958
S08,838,0.088291,0.000113,34.6882,0.008196,0.003249,34.6882,34.5951,34.5964
S08,839,0.088405,0.000113,34.6865,0.008193,0.003251,34.6865,34.5897,34.5905
S08,840,0.088518,0.000113,34.7053,0.008197,0.003258,34.7053,34.5944,34.582
S08,841,0.088631,0.000113,34.7097,0.008207,0.003268,34.7097,34.5773,34.5753
S08,842,0.088745,0.000113,34.7333,0.008213,0.003276,34.7333,34.5723,34.5611
S08,843,0.088858,0.000113,34.7443,0.008225,0.003288,34.7443,34.5733,34.5664
S08,844,0.088972,0.000113,34.6949,0.008234,0.003297,34.6949,34.5697,34.5571
S08,845,0.089085,0.000113,34.7084,0.008221,0.003294,34.7084,34.575,34.5522
S08,846,0.089198,0.000113,34.7061,0.00823,0.003304,34.7061,34.5841,34.5622
S08,847,0.089312,0.000113,34.7151,0.008234,0.00331,34.7151,34.5867,34.5401
S08,848,0.089425,0.000113,34.7098,0.008241,0.003319,34.7098,34.5886,34.5492
S08,849,0.089538,0.000113,34.7268,0.008244,0.003325,34.7268,34.5886,34.5503
S08,850,0.089652,0.000113,34.7404,0.008254,0.003336,34.7404,34.5857,34.5635
S08,851,0.089765,0.000113,34.7647,0.008263,0.003346,34.7647,34.5761,34.5649
S08,852,0.089879,0.000114,34.723,0.008276,0.003358,34.723,34.5864,34.5522
S08,853,0.089992,0.000113,34.7165,0.008266,0.003357,34.7165,34.581,34.5794
S08,854,0.090106,0.000113,34.701,0.008268,0.003363,34.701,34.587,34.5784
S08,855,0.090219,0.000113,34.7178,0.008267,0.003367,34.7178,34.5819,34.5919
S08,856,0.090332,0.000113,34.7439,0.008277,0.003378,34.7439,34.5733,34.5894
S08,857,0.090446,0.000113,34.7539,0.008291,0.003391,34.7539,34.5801,34.5895
S08,858,0.090559,0.000113,34.7383,0.008298,0.0034,34.7383,34.5798,34.572
S08,859,0.090673,0.000113,34.7488,0.008297,0.003405,34.7488,34.5924,34.5673
S08,860,0.090786,0.000113,34.7808,0.008306,0.003414,34.7808,34.5894,34.5604
S08,861,0.0909,0.000114,34.7682,0.008321,0.003428,34.7682,34.5902,34.5631
S08,862,0.091013,0.000114,34.7353,0.008321,0.003434,34.7353,34.5829,34.5683
S08,863,0.091127,0.000113,34.7234,0.008314,0.003435,34.7234,34.5941,34.5674
S08,864,0.09124,0.000113,34.745,0.008315,0.00344,34.745,34.6066,34.5752
S08,865,0.091353,0.000113,34.7672,0.008327,0.003452,34.7672,34.6184,34.5754
S08,866,0.091467,0.000114,34.779,0.008339,0.003464,34.779,34.6307,34.57
S08,867,0.091581,0.000114,34.7817,0.008347,0.003475,34.7817,34.6357,34.5562
S08,868,0.091694,0.000114,34.7971,0.008353,0.003483,34.7971,34.6484,34.551
S08,869,0.091808,0.000114,34.7784,0.008362,0.003494,34.7784,34.6264,34.5488
S08,870,0.091921,0.000114,34.7826,0.008361,0.003498,34.7826,34.6322,34.551
S08,871,0.092035,0.000114,34.7784,0.008367,0.003507,34.7784,34.653,34.5555
S08,872,0.092148,0.000114,34.793,0.00837,0.003514,34.793,34.6472,34.5616
S08,873,0.092262,0.000114,34.795,0.008379,0.003525,34.795,34.6417,34.5604
S08,874,0.092376,0.000114,34.7732,0.008384,0.003534,34.7732,34.6471,34.5534
S08,875,0.092489,0.000114,34.7525,0.008381,0.003537,34.7525,34.649,34.5631
S08,876,0.092603,0.000113,34.7616,0.008379,0.003541,34.7616,34.6415,34.5694
S08,877,0.092716,0.000113,34.7396,0.008386,0.003551,34.7396,34.6301,34.5697
S08,878,0.092829,0.000113,34.7205,0.008383,0.003555,34.7205,34.6237,34.5662
S08,879,0.092943,0.000113,34.7349,0.008381,0.00356,34.7349,34.6235,34.5649
S08,880,0.093056,0.000113,34.7452,0.008391,0.003571,34.7452,34.6268,34.5525
S08,881,0.09317,0.000113,34.7576,0.008399,0.003581,34.7576,34.6345,34.5382
S08,882,0.093283,0.000113,34.7786,0.008408,0.003592,34.7786,34.6067,34.5282
S08,883,0.093397,0.000114,34.8117,0.008419,0.003604,34.8117,34.6023,34.5258
S08,884,0.09351,0.000114,34.8445,0.008435,0.003619,34.8445,34.599,34.5259
S08,885,0.093624,0.000114,34.8655,0.008451,0.003634,34.8655,34.5892,34.5245
S08,886,0.093738,0.000114,34.8927,0.008463,0.003647,34.8927,34.5978,34.5158
S08,887,0.093852,0.000114,34.9104,0.008477,0.003661,34.9104,34.5874,34.5111
S08,888,0.093966,0.000114,34.8802,0.008488,0.003673,34.8802,34.5901,34.4992
S08,889,0.094079,0.000114,34.8715,0.008482,0.003675,34.8715,34.5973,34.496
S08,890,0.094193,0.000114,34.8516,0.008483,0.003682,34.8516,34.6162,34.5081
S08,891,0.094307,0.000114,34.838,0.008481,0.003686,34.838,34.5975,34.5163
S08,892,0.094421,0.000114,34.8691,0.008481,0.003692,34.8691,34.6005,34.5253
S08,893,0.094534,0.000114,34.8877,0.008496,0.003707,34.8877,34.5899,34.5422
S08,894,0.094648,0.000114,34.904,0.008507,0.003719,34.904,34.5809,34.5457
S08,895,0.094762,0.000114,34.8478,0.008517,0.003731,34.8478,34.584,34.5615
S08,896,0.094876,0.000114,34.8386,0.008502,0.003728,34.8386,34.5664,34.5683
S08,897,0.09499,0.000114,34.8099,0.008504,0.003735,34.8099,34.5679,34.5635
S08,898,0.095103,0.000114,34.8119,0.008498,0.003738,34.8119,34.5677,34.5553
S08,899,0.095217,0.000114,34.7941,0.008504,0.003747,34.7941,34.5702,34.5653
S08,900,0.09533,0.000114,34.7958,0.008502,0.003752,34.7958,34.5677,34.5613
S08,901,0.095444,0.000114,34.7626,0.008507,0.003761,34.7626,34.57,34.5519
S08,902,0.095557,0.000113,34.7382,0.0085,0.003763,34.7382,34.5732,34.554
S08,903,0.095671,0.000113,34.7555,0.008496,0.003767,34.7555,34.5767,34.5662
S08,904,0.095784,0.000113,34.7764,0.008507,0.003779,34.7764,34.571,34.5822
S08,905,0.095898,0.000114,34.7776,0.008518,0.003792,34.7776,34.5959,34.5861
S08,906,0.096011,0.000114,34.7945,0.008523,0.003801,34.7945,34.6079,34.5932
S08,907,0.096125,0.000114,34.7993,0.008534,0.003814,34.7993,34.6117,34.595
S08,908,0.096239,0.000114,34.7852,0.00854,0.003823,34.7852,34.6039,34.6053
S08,909,0.096352,0.000114,34.7839,0.008539,0.003829,34.7839,34.5938,34.6015
S08,910,0.096466,0.000114,34.799,0.008543,0.003838,34.799,34.5939,34.5862
S08,911,0.096579,0.000114,34.7579,0.008553,0.00385,34.7579,34.6027,34.5816
S08,912,0.096693,0.000113,34.731,0.008543,0.00385,34.731,34.611,34.5843
S08,913,0.096806,0.000113,34.727,0.008538,0.003854,34.727,34.6227,34.5884
S08,914,0.09692,0.000113,34.6932,0.008542,0.003862,34.6932,34.6078,34.6034
S08,915,0.097033,0.000113,34.6838,0.008534,0.003864,34.6838,34.5994,34.5942
S08,916,0.097146,0.000113,34.6908,0.008535,0.003871,34.6908,34.5987,34.5804
S08,917,0.097259,0.000113,34.6707,0.008542,0.003881,34.6707,34.6205,34.5759
S08,918,0.097373,0.000113,34.6565,0.00854,0.003886,34.6565,34.6189,34.5792
S08,919,0.097486,0.000113,34.7024,0.008539,0.003892,34.7024,34.6176,34.5721
S08,920,0.097599,0.000113,34.7132,0.00856,0.00391,34.7132,34.6288,34.5746
S08,921,0.097713,0.000113,34.6839,0.008568,0.003921,34.6839,34.6479,34.5746
S08,922,0.097826,0.000113,34.7073,0.008562,0.003924,34.7073,34.642,34.5939
S08,923,0.097939,0.000113,34.7071,0.008575,0.003938,34.7071,34.6203,34.5908
S08,924,0.098052,0.000113,34.6677,0.008579,0.003947,34.6677,34.6177,34.5907
S08,925,0.098166,0.000113,34.6614,0.00857,0.003948,34.6614,34.6236,34.5799
S08,926,0.098279,0.000113,34.6521,0.008572,0.003955,34.6521,34.6371,34.5872
S08,927,0.098392,0.000113,34.6106,0.008573,0.003962,34.6106,34.6369,34.5841
S08,928,0.098505,0.000113,34.6132,0.008563,0.003963,34.6132,34.6531,34.5928
S08,929,0.098618,0.000113,34.5777,0.008568,0.003973,34.5777,34.6539,34.5895
S08,930,0.098731,0.000113,34.5783,0.00856,0.003974,34.5783,34.6535,34.5822
S08,931,0.098844,0.000113,34.5789,0.008565,0.003983,34.5789,34.6618,34.5683
S08,932,0.098957,0.000113,34.5997,0.008569,0.003992,34.5997,34.6509,34.5612
S08,933,0.09907,0.000113,34.6327,0.008581,0.004006,34.6327,34.6556,34.5488
S08,934,0.099183,0.000113,34.6259,0.008596,0.004021,34.6259,34.6673,34.5477
S08,935,0.099296,0.000113,34.6332,0.008598,0.004029,34.6332,34.673,34.5619
S08,936,0.09941,0.000113,34.6256,0.008605,0.004039,34.6256,34.6926,34.5642
S08,937,0.099523,0.000113,34.654,0.008607,0.004046,34.654,34.6777,34.5534
S08,938,0.099636,0.000113,34.6617,0.008621,0.004061,34.6617,34.6819,34.548
S08,939,0.099749,0.000113,34.6535,0.008628,0.004071,34.6535,34.6661,34.5402
S08,940,0.099862,0.000113,34.6592,0.008629,0.004079,34.6592,34.6638,34.5289
S08,941,0.099975,0.000113,34.677,0.008636,0.004089,34.677,34.6686,34.5312
S08,942,0.100089,0.000113,34.7042,0.008646,0.004101,34.7042,34.6789,34.5241
S08,943,0.100202,0.000113,34.6714,0.00866,0.004115,34.6714,34.6946,34.5304
S08,944,0.100315,0.000113,34.6866,0.008653,0.004118,34.6866,34.6848,34.5344
S08,945,0.100429,0.000113,34.7017,0.008662,0.00413,34.7017,34.6819,34.5321
S08,946,0.100542,0.000113,34.7096,0.008672,0.004141,34.7096,34.6814,34.5277
S08,947,0.100655,0.000113,34.7052,0.008679,0.004152,34.7052,34.69,34.5244
S08,948,0.100768,0.000113,34.7141,0.008681,0.00416,34.7141,34.7035,34.521
S08,949,0.100882,0.000113,34.6986,0.008689,0.00417,34.6986,34.7108,34.5179
S08,950,0.100995,0.000113,34.6936,0.008687,0.004176,34.6936,34.7267,34.5178
S08,951,0.101108,0.000113,34.7138,0.00869,0.004184,34.7138,34.7292,34.5158
S08,952,0.101222,0.000113,34.7474,0.008701,0.004197,34.7474,34.7405,34.5169
S08,953,0.101335,0.000113,34.7205,0.008717,0.004212,34.7205,34.7416,34.5191
S08,954,0.101449,0.000113,34.722,0.008712,0.004216,34.722,34.7357,34.5284
S08,955,0.101562,0.000113,34.7385,0.008716,0.004225,34.7385,34.7399,34.5429
S08,956,0.101675,0.000113,34.7404,0.008726,0.004237,34.7404,34.7441,34.5302
S08,957,0.101789,0.000113,34.7259,0.008731,0.004246,34.7259,34.7445,34.5292
S08,958,0.101902,0.000113,34.7463,0.00873,0.004252,34.7463,34.7477,34.5305
S08,959,0.102016,0.000113,34.7279,0.008741,0.004264,34.7279,34.748,34.5286
S08,960,0.102129,0.000113,34.7252,0.008739,0.004269,34.7252,34.7593,34.5352
S08,961,0.102242,0.000113,34.7484,0.008742,0.004278,34.7484,34.7541,34.5322
S08,962,0.102356,0.000113,34.7228,0.008754,0.004291,34.7228,34.7614,34.5269
S08,963,0.102469,0.000113,34.7067,0.008749,0.004294,34.7067,34.7651,34.5362
S08,964,0.102582,0.000113,34.7237,0.008747,0.0043,34.7237,34.7542,34.5391
S08,965,0.102696,0.000113,34.7551,0.008757,0.004312,34.7551,34.7663,34.5418
S08,966,0.102809,0.000113,34.7307,0.008772,0.004327,34.7307,34.7635,34.5419
S08,967,0.102923,0.000113,34.6905,0.008768,0.00433,34.6905,34.7689,34.5395
S08,968,0.103036,0.000113,34.701,0.008757,0.004331,34.701,34.7508,34.5321
S08,969,0.103149,0.000113,34.6589,0.008765,0.004341,34.6589,34.7507,34.5265
S08,970,0.103262,0.000113,34.6574,0.008754,0.004341,34.6574,34.7468,34.5179
S08,971,0.103376,0.000113,34.6513,0.008757,0.00435,34.6513,34.7591,34.5144
S08,972,0.103489,0.000113,34.6428,0.008759,0.004357,34.6428,34.7442,34.5151
S08,973,0.103602,0.000113,34.6901,0.00876,0.004364,34.6901,34.736,34.494
S08,974,0.103715,0.000113,34.7215,0.008781,0.004382,34.7215,34.7355,34.5026
S08,975,0.103828,0.000113,34.7065,0.008796,0.004396,34.7065,34.7536,34.4984
S08,976,0.103942,0.000113,34.7395,0.008794,0.004402,34.7395,34.7552,34.5011
S08,977,0.104055,0.000113,34.7245,0.00881,0.004417,34.7245,34.7488,34.4926
S08,978,0.104169,0.000113,34.7178,0.008808,0.004422,34.7178,34.7609,34.5046
S08,979,0.104282,0.000113,34.7284,0.00881,0.004429,34.7284,34.7634,34.5074
S08,980,0.104395,0.000113,34.7522,0.008817,0.004439,34.7522,34.7722,34.5026
S08,981,0.104509,0.000113,34.7526,0.008829,0.004452,34.7526,34.7747,34.5047
S08,982,0.104622,0.000113,34.7655,0.008833,0.00446,34.7655,34.784,34.5024
S08,983,0.104736,0.000113,34.7795,0.008841,0.004471,34.7795,34.7795,34.513
S08,984,0.104849,0.000114,34.7861,0.00885,0.004482,34.7861,34.7886,34.5211
S08,985,0.104963,0.000114,34.8008,0.008856,0.004492,34.8008,34.7966,34.5287
S08,986,0.105076,0.000114,34.8172,0.008865,0.004503,34.8172,34.7896,34.5345
S08,987,0.10519,0.000114,34.8033,0.008875,0.004514,34.8033,34.8038,34.5299
S08,988,0.105303,0.000114,34.7655,0.008873,0.004519,34.7655,34.8091,34.5387
S08,989,0.105417,0.000113,34.7648,0.008864,0.00452,34.7648,34.829,34.5368
S08,990,0.10553,0.000113,34.803,0.008867,0.004528,34.803,34.8257,34.546
S08,991,0.105644,0.000114,34.8246,0.008884,0.004543,34.8246,34.8292,34.5644
S08,992,0.105758,0.000114,34.7954,0.008895,0.004556,34.7954,34.8437,34.5761
S08,993,0.105871,0.000114,34.7846,0.008889,0.004558,34.7846,34.8298,34.5727
S08,994,0.105985,0.000114,34.7868,0.008888,0.004563,34.7868,34.831,34.584
S08,995,0.106098,0.000114,34.8024,0.008893,0.004572,34.8024,34.833,34.6022
S08,996,0.106212,0.000114,34.8457,0.008902,0.004583,34.8457,34.8375,34.6022
S08,997,0.106325,0.000114,34.8578,0.008921,0.004599,34.8578,34.8275,34.618
S08,998,0.106439,0.000114,34.8857,0.008929,0.004609,34.8857,34.8325,34.6163
S08,999,0.106553,0.000114,34.8835,0.008942,0.004623,34.8835,34.8289,34.6261
S08,1000,0.106667,0.000114,34.9224,0.008945,0.00463,34.9224,34.8294,34.6244
S08,1001,0.106781,0.000114,34.9263,0.008962,0.004645,34.9263,34.8415,34.6247
S08,1002,0.106895,0.000114,34.893,0.008967,0.004654,34.893,34.8735,34.6241
S08,1003,0.107008,0.000114,34.9003,0.008959,0.004655,34.9003,34.8731,34.6197
S08,1004,0.107122,0.000114,34.9104,0.008965,0.004664,34.9104,34.8682,34.6137
S08,1005,0.107236,0.000114,34.9196,0.008972,0.004673,34.9196,34.8716,34.6051
S08,1006,0.10735,0.000114,34.9184,0.008978,0.004682,34.9184,34.8816,34.6112
S08,1007,0.107464,0.000114,34.943,0.008981,0.00469,34.943,34.8843,34.6047
S08,1008,0.107578,0.000114,34.9509,0.008993,0.004702,34.9509,34.8852,34.6068
S08,1009,0.107692,0.000114,34.9154,0.009,0.004711,34.9154,34.8983,34.5972
S08,1010,0.107806,0.000114,34.9408,0.00899,0.004711,34.9408,34.9083,34.5979
S08,1011,0.10792,0.000114,34.9184,0.009003,0.004724,34.9184,34.9088,34.6039
S08,1012,0.108034,0.000114,34.8915,0.008998,0.004726,34.8915,34.8841,34.614
S08,1013,0.108147,0.000114,34.8965,0.008991,0.004728,34.8965,34.8827,34.5908
S08,1014,0.108261,0.000114,34.9246,0.008997,0.004736,34.9246,34.8844,34.58
S08,1015,0.108375,0.000114,34.926,0.00901,0.004749,34.926,34.8989,34.5682
S08,1016,0.108489,0.000114,34.9611,0.009014,0.004757,34.9611,34.866,34.5741
S08,1017,0.108603,0.000114,34.9795,0.009029,0.004771,34.9795,34.8784,34.5639
S08,1018,0.108717,0.000114,35.0059,0.009039,0.004781,35.0059,34.8893,34.5693
S08,1019,0.108831,0.000114,34.9992,0.009052,0.004794,34.9992,34.8968,34.5541
S08,1020,0.108945,0.000114,35.0089,0.009053,0.004799,35.0089,34.9088,34.5606
S08,1021,0.109059,0.000114,34.9735,0.009059,0.004808,34.9735,34.9253,34.5719
S08,1022,0.109173,0.000114,34.9691,0.00905,0.004808,34.9691,34.9189,34.572
S08,1023,0.109287,0.000114,34.9679,0.009051,0.004814,34.9679,34.9189,34.5856
S08,1024,0.109401,0.000114,34.953,0.009054,0.004821,34.953,34.9246,34.584
S08,1025,0.109515,0.000114,34.9339,0.009052,0.004824,34.9339,34.9141,34.5887
S08,1026,0.109629,0.000114,34.9045,0.009048,0.004827,34.9045,34.9218,34.5939
S08,1027,0.109743,0.000114,34.8974,0.00904,0.004828,34.8974,34.9164,34.5865
S08,1028,0.109857,0.000114,34.9174,0.009041,0.004833,34.9174,34.93,34.585
S08,1029,0.109971,0.000114,34.9237,0.009051,0.004844,34.9237,34.9311,34.586
S08,1030,0.110085,0.000114,34.9346,0.009056,0.004852,34.9346,34.9437,34.6025
S08,1031,0.110199,0.000114,34.9325,0.009063,0.00486,34.9325,34.9386,34.6013
S08,1032,0.110313,0.000114,34.9424,0.009065,0.004866,34.9424,34.9309,34.6091
S08,1033,0.110426,0.000114,34.9636,0.009072,0.004875,34.9636,34.9286,34.6099
S08,1034,0.11054,0.000114,34.9288,0.009082,0.004885,34.9288,34.9323,34.6182
S08,1035,0.110654,0.000114,34.9401,0.009073,0.004885,34.9401,34.9421,34.6362
S08,1036,0.110768,0.000114,34.927,0.009079,0.004893,34.927,34.9365,34.6252
S08,1037,0.110882,0.000114,34.9379,0.009078,0.004897,34.9379,34.9317,34.6496
S08,1038,0.110996,0.000114,34.9646,0.009084,0.004905,34.9646,34.9318,34.649
S08,1039,0.11111,0.000114,34.9786,0.009097,0.004917,34.9786,34.9415,34.6369
S08,1040,0.111224,0.000114,34.9782,0.009105,0.004926,34.9782,34.9495,34.6506
S08,1041,0.111338,0.000114,34.9793,0.009107,0.004932,34.9793,34.9406,34.6529
S08,1042,0.111452,0.000114,34.969,0.009111,0.004938,34.969,34.9411,34.6506
S08,1043,0.111566,0.000114,34.9832,0.00911,0.004942,34.9832,34.9355,34.6635
S08,1044,0.11168,0.000114,34.9688,0.009117,0.004951,34.9688,34.9387,34.6701
S08,1045,0.111794,0.000114,34.9856,0.009115,0.004954,34.9856,34.9359,34.6453
S08,1046,0.111908,0.000114,35.02,0.009124,0.004963,35.02,34.9435,34.6354
S08,1047,0.112023,0.000114,35.022,0.009139,0.004976,35.022,34.9522,34.6405
S08,1048,0.112137,0.000114,35.0303,0.009142,0.004982,35.0303,34.936,34.6589
S08,1049,0.112251,0.000114,35.0046,0.009148,0.00499,35.0046,34.9225,34.6508
S08,1050,0.112365,0.000114,34.9757,0.009141,0.00499,34.9757,34.9258,34.642
S08,1051,0.112479,0.000114,34.9854,0.009133,0.00499,34.9854,34.9241,34.6459
S08,1052,0.112593,0.000114,34.9827,0.009139,0.004997,34.9827,34.9211,34.6564
S08,1053,0.112707,0.000114,34.9625,0.009141,0.005002,34.9625,34.9127,34.6482
S08,1054,0.112821,0.000114,34.9447,0.009136,0.005004,34.9447,34.9236,34.6525
S08,1055,0.112935,0.000114,34.9536,0.009132,0.005006,34.9536,34.9247,34.6612
S08,1056,0.113049,0.000114,34.937,0.009138,0.005013,34.937,34.9113,34.6564
S08,1057,0.113163,0.000114,34.9137,0.009135,0.005015,34.9137,34.9093,34.6519
S08,1058,0.113277,0.000114,34.8852,0.009129,0.005016,34.8852,34.9143,34.6417
S08,1059,0.113391,0.000114,34.885,0.009121,0.005015,34.885,34.9065,34.651
S08,1060,0.113504,0.000114,34.9019,0.009123,0.005021,34.9019,34.9124,34.6585
S08,1061,0.113618,0.000114,34.9238,0.009132,0.005029,34.9238,34.9157,34.6664
S08,1062,0.113732,0.000114,34.9054,0.009142,0.005039,34.9054,34.9131,34.6708
S08,1063,0.113846,0.000114,34.9046,0.009138,0.00504,34.9046,34.9313,34.6688
S08,1064,0.11396,0.000114,34.9054,0.00914,0.005045,34.9054,34.9223,34.687
S08,1065,0.114074,0.000114,34.9062,0.009143,0.00505,34.9062,34.9209,34.6977
S08,1066,0.114187,0.000114,34.9101,0.009145,0.005055,34.9101,34.9082,34.7054
S08,1067,0.114301,0.000114,34.9382,0.009149,0.005061,34.9382,34.9212,34.7009
S08,1068,0.114415,0.000114,34.9294,0.009161,0.005071,34.9294,34.9109,34.7095
S08,1069,0.114529,0.000114,34.9117,0.009161,0.005074,34.9117,34.9044,34.7095
S08,1070,0.114643,0.000114,34.8927,0.009156,0.005076,34.8927,34.9036,34.7179
S08,1071,0.114757,0.000114,34.8983,0.009152,0.005077,34.8983,34.9112,34.7169
S08,1072,0.11487,0.000114,34.925,0.009156,0.005082,34.925,34.9101,34.7113
S08,1073,0.114984,0.000114,34.9021,0.009168,0.005092,34.9021,34.9166,34.7095
S08,1074,0.115098,0.000114,34.9619,0.009162,0.005092,34.9619,34.9217,34.7133
S08,1075,0.115212,0.000114,34.9249,0.009186,0.005109,34.9249,34.9349,34.7227
S08,1076,0.115326,0.000114,34.9305,0.009174,0.005106,34.9305,34.9263,34.705
S08,1077,0.11544,0.000114,34.9185,0.009179,0.005111,34.9185,34.914,34.7044
S08,1078,0.115554,0.000114,34.9301,0.009176,0.005113,34.9301,34.917,34.7095
S08,1079,0.115668,0.000114,34.9577,0.009183,0.00512,34.9577,34.9144,34.7066
S08,1080,0.115782,0.000114,34.9361,0.009195,0.00513,34.9361,34.9109,34.7238
S08,1081,0.115896,0.000114,34.9698,0.009189,0.00513,34.9698,34.9113,34.7137
S08,1082,0.11601,0.000114,34.9795,0.009204,0.005141,34.9795,34.9018,34.7105
S08,1083,0.116124,0.000114,35.007,0.009209,0.005147,35.007,34.8886,34.7013
S08,1084,0.116238,0.000114,34.9731,0.009221,0.005156,34.9731,34.9007,34.7056
S08,1085,0.116352,0.000114,34.988,0.009211,0.005154,34.988,34.8986,34.7207
S08,1086,0.116466,0.000114,34.9902,0.009218,0.005161,34.9902,34.8929,34.7116
S08,1087,0.11658,0.000114,34.9907,0.009221,0.005165,34.9907,34.9165,34.7131
S08,1088,0.116694,0.000114,34.9855,0.009223,0.005169,34.9855,34.9257,34.7058
S08,1089,0.116808,0.000114,34.9936,0.009223,0.005172,34.9936,34.9224,34.7161
S08,1090,0.116922,0.000114,35.0199,0.009228,0.005177,35.0199,34.9269,34.7262
S08,1091,0.117036,0.000114,35.0345,0.00924,0.005186,35.0345,34.9183,34.7258
S08,1092,0.11715,0.000114,35.0113,0.009247,0.005193,35.0113,34.9206,34.7338
S08,1093,0.117264,0.000114,34.9978,0.009241,0.005192,34.9978,34.925,34.7237
S08,1094,0.117379,0.000114,34.9796,0.009237,0.005193,34.9796,34.9316,34.7317
S08,1095,0.117493,0.000114,34.9477,0.009233,0.005193,34.9477,34.9319,34.7188
S08,1096,0.117606,0.000114,34.9647,0.009223,0.00519,34.9647,34.9467,34.7135
S08,1097,0.11772,0.000114,34.9601,0.009231,0.005197,34.9601,34.9392,34.6986
S08,1098,0.117834,0.000114,34.9367,0.009231,0.0052,34.9367,34.9406,34.6909
S08,1099,0.117948,0.000114,34.9206,0.009224,0.005198,34.9206,34.9539,34.6994
S08,1100,0.118062,0.000114,34.9036,0.00922,0.005199,34.9036,34.9587,34.718
S08,1101,0.118176,0.000114,34.8653,0.009216,0.005199,34.8653,34.9497,34.7005
S08,1102,0.11829,0.000114,34.8746,0.009204,0.005194,34.8746,34.9645,34.7184
S08,1103,0.118403,0.000114,34.889,0.009209,0.005199,34.889,34.9725,34.7292
S08,1104,0.118517,0.000114,34.8897,0.009216,0.005205,34.8897,34.9616,34.7349
S08,1105,0.118631,0.000114,34.8725,0.009218,0.005209,34.8725,34.9458,34.7344
S08,1106,0.118745,0.000114,34.9195,0.009213,0.005208,34.9195,34.9575,34.7235
S08,1107,0.118859,0.000114,34.9338,0.009232,0.005221,34.9338,34.9611,34.7311
S08,1108,0.118972,0.000114,34.9033,0.009239,0.005227,34.9033,34.9609,34.7339
S08,1109,0.119086,0.000114,34.9322,0.009229,0.005224,34.9322,34.9753,34.73
S08,1110,0.1192,0.000114,34.9233,0.009242,0.005232,34.9233,34.9638,34.7112
S08,1111,0.119314,0.000114,34.9161,0.00924,0.005233,34.9161,34.9679,34.6992
S08,1112,0.119428,0.000114,34.939,0.009239,0.005235,34.939,34.9588,34.6938
S08,1113,0.119542,0.000114,34.9483,0.009249,0.005242,34.9483,34.947,34.6985
S08,1114,0.119656,0.000114,34.9642,0.009254,0.005247,34.9642,34.9424,34.7023
S08,1115,0.11977,0.000114,34.9668,0.009261,0.005253,34.9668,34.9454,34.6794
S08,1116,0.119884,0.000114,34.9865,0.009264,0.005256,34.9865,34.9624,34.6782
S08,1117,0.119998,0.000114,34.9818,0.009272,0.005262,34.9818,34.9816,34.6636
S08,1118,0.120112,0.000114,35.001,0.009272,0.005264,35.001,34.9738,34.6721
S08,1119,0.120226,0.000114,34.9736,0.009281,0.00527,34.9736,34.9666,34.6772
S08,1120,0.12034,0.000114,34.965,0.009272,0.005267,34.965,34.9613,34.6809
S08,1121,0.120454,0.000114,35.0029,0.009271,0.005268,35.0029,34.9587,34.6897
S08,1122,0.120568,0.000114,35.0184,0.009286,0.005278,35.0184,34.959,34.6839
S08,1123,0.120682,0.000114,34.9976,0.009293,0.005284,34.9976,34.9543,34.6797
S08,1124,0.120796,0.000114,34.9833,0.009287,0.005282,34.9833,34.9427,34.6868
S08,1125,0.12091,0.000114,34.9405,0.009283,0.005281,34.9405,34.9215,34.6939
S08,1126,0.121024,0.000114,34.9572,0.009269,0.005275,34.9572,34.915,34.6857
S08,1127,0.121138,0.000114,34.9611,0.009276,0.00528,34.9611,34.9149,34.6852
S08,1128,0.121252,0.000114,35.0014,0.009279,0.005283,35.0014,34.9092,34.6924
S08,1129,0.121366,0.000114,35.0166,0.009295,0.005294,35.0166,34.9193,34.7045
S08,1130,0.12148,0.000114,35.0423,0.009302,0.005299,35.0423,34.9137,34.7101
S08,1131,0.121594,0.000114,35.0336,0.009313,0.005306,35.0336,34.8998,34.7347
S08,1132,0.121708,0.000114,35.027,0.009311,0.005306,35.027,34.903,34.7629
S08,1133,0.121823,0.000114,35.0176,0.00931,0.005307,35.0176,34.9083,34.7754
S08,1134,0.121937,0.000114,35.0146,0.009308,0.005307,35.0146,34.932,34.7662
S08,1135,0.122051,0.000114,35.0086,0.009308,0.005308,35.0086,34.9331,34.7642
S08,1136,0.122165,0.000114,35.011,0.009307,0.005309,35.011,34.9419,34.7753
S08,1137,0.122279,0.000114,35.0073,0.00931,0.005311,35.0073,34.9539,34.7684
S08,1138,0.122393,0.000114,35.0398,0.009309,0.005312,35.0398,34.956,34.7482
S08,1139,0.122507,0.000114,35.0712,0.009323,0.005321,35.0712,34.9385,34.7446
S08,1140,0.122622,0.000114,35.1065,0.009335,0.005328,35.1065,34.9266,34.7405
S08,1141,0.122736,0.000114,35.0679,0.00935,0.005337,35.0679,34.9216,34.7626
S08,1142,0.12285,0.000114,35.0787,0.009337,0.005331,35.0787,34.9331,34.7613
S08,1143,0.122964,0.000114,35.0931,0.009342,0.005335,35.0931,34.9532,34.7658
S08,1144,0.123079,0.000114,35.0683,0.009348,0.005339,35.0683,34.958,34.7619
S08,1145,0.123193,0.000114,35.0707,0.00934,0.005336,35.0707,34.9589,34.7667
S08,1146,0.123307,0.000114,35.0835,0.009343,0.005338,35.0835,34.9815,34.766
S08,1147,0.123422,0.000114,35.08,0.009348,0.005342,35.08,34.9889,34.7657
S08,1148,0.123536,0.000114,35.0958,0.009348,0.005343,35.0958,34.9845,34.7629
S08,1149,0.12365,0.000114,35.1223,0.009355,0.005347,35.1223,34.9982,34.7437
S08,1150,0.123765,0.000114,35.1219,0.009366,0.005354,35.1219,35.01,34.7539
S08,1151,0.123879,0.000114,35.1322,0.009367,0.005355,35.1322,35.0248,34.7597
S08,1152,0.123993,0.000114,35.1373,0.009372,0.005358,35.1373,35.0382,34.7702
S08,1153,0.124108,0.000114,35.1295,0.009375,0.005361,35.1295,35.0304,34.7827
S08,1154,0.124222,0.000114,35.1393,0.009373,0.00536,35.1393,35.0383,34.779
S08,1155,0.124337,0.000114,35.1167,0.009378,0.005364,35.1167,35.0455,34.7719
S08,1156,0.124451,0.000114,35.1392,0.009371,0.00536,35.1392,35.0552,34.7657
S08,1157,0.124566,0.000114,35.1646,0.00938,0.005366,35.1646,35.0496,34.7694
S08,1158,0.12468,0.000115,35.1237,0.009391,0.005372,35.1237,35.0772,34.7709
S08,1159,0.124794,0.000114,35.1266,0.009377,0.005365,35.1266,35.0763,34.7894
S08,1160,0.124909,0.000114,35.1174,0.009379,0.005367,35.1174,35.075,34.7968
S08,1161,0.125023,0.000114,35.133,0.009376,0.005366,35.133,35.0779,34.8102
S08,1162,0.125138,0.000114,35.1551,0.009383,0.00537,35.1551,35.0593,34.8147
S08,1163,0.125252,0.000114,35.1775,0.009392,0.005375,35.1775,35.0634,34.8221
S08,1164,0.125367,0.000115,35.1871,0.009402,0.005381,35.1871,35.0567,34.8382
S08,1165,0.125481,0.000115,35.2009,0.009406,0.005383,35.2009,35.0734,34.8582
S08,1166,0.125596,0.000115,35.2289,0.009412,0.005387,35.2289,35.0696,34.8663
S08,1167,0.125711,0.000115,35.2545,0.009424,0.005394,35.2545,35.0703,34.8676
S08,1168,0.125825,0.000115,35.2612,0.009434,0.005399,35.2612,35.0696,34.8538
S08,1169,0.12594,0.000115,35.2719,0.009437,0.005402,35.2719,35.0735,34.8634
S08,1170,0.126055,0.000115,35.2792,0.009442,0.005404,35.2792,35.0898,34.8592
S08,1171,0.12617,0.000115,35.2602,0.009446,0.005407,35.2602,35.0915,34.8763
S08,1172,0.126285,0.000115,35.2707,0.00944,0.005404,35.2707,35.1043,34.868
S08,1173,0.126399,0.000115,35.2842,0.009445,0.005406,35.2842,35.0938,34.8704
S08,1174,0.126514,0.000115,35.2492,0.009451,0.00541,35.2492,35.1206,34.8845
S08,1175,0.126629,0.000115,35.2738,0.009439,0.005403,35.2738,35.1276,34.8709
S08,1176,0.126744,0.000115,35.2694,0.009449,0.005409,35.2694,35.1217,34.8805
S08,1177,0.126858,0.000115,35.2671,0.009448,0.005409,35.2671,35.1135,34.871
S08,1178,0.126973,0.000115,35.3016,0.009448,0.005409,35.3016,35.1098,34.87
S08,1179,0.127088,0.000115,35.3112,0.009462,0.005416,35.3112,35.1321,34.8823
S08,1180,0.127203,0.000115,35.3427,0.009466,0.005419,35.3427,35.1181,34.9076
S08,1181,0.127318,0.000115,35.3395,0.009479,0.005425,35.3395,35.1187,34.895
S08,1182,0.127433,0.000115,35.3588,0.009478,0.005425,35.3588,35.117,34.8892
S08,1183,0.127548,0.000115,35.35,0.009487,0.00543,35.35,35.1193,34.9053
S08,1184,0.127663,0.000115,35.3884,0.009484,0.005428,35.3884,35.1417,34.9166
S08,1185,0.127778,0.000115,35.3387,0.009499,0.005436,35.3387,35.1452,34.909
S08,1186,0.127893,0.000115,35.3522,0.009482,0.005427,35.3522,35.1346,34.9255
S08,1187,0.128008,0.000115,35.3267,0.009487,0.00543,35.3267,35.1464,34.9239
S08,1188,0.128123,0.000115,35.3547,0.009479,0.005425,35.3547,35.1461,34.9192
S08,1189,0.128238,0.000115,35.3618,0.00949,0.005431,35.3618,35.1474,34.9242
S08,1190,0.128353,0.000115,35.3408,0.009494,0.005433,35.3408,35.1476,34.9316
S08,1191,0.128468,0.000115,35.336,0.009487,0.005429,35.336,35.1581,34.9406
S08,1192,0.128583,0.000115,35.3264,0.009486,0.005428,35.3264,35.1669,34.9439
S08,1193,0.128698,0.000115,35.3305,0.009483,0.005427,35.3305,35.1845,34.9553
S08,1194,0.128813,0.000115,35.3064,0.009485,0.005428,35.3064,35.1805,34.9791
S08,1195,0.128928,0.000115,35.2973,0.009477,0.005423,35.2973,35.1987,34.9811
S08,1196,0.129043,0.000115,35.3351,0.009474,0.005421,35.3351,35.2147,34.9789
S08,1197,0.129158,0.000115,35.3292,0.009489,0.005429,35.3292,35.1989,34.9883
S08,1198,0.129273,0.000115,35.2877,0.009488,0.005428,35.2877,35.1773,34.9876
S08,1199,0.129388,0.000115,35.3049,0.009473,0.00542,35.3049,35.1714,35.012
S08,1200,0.129503,0.000115,35.3095,0.00948,0.005424,35.3095,35.1736,35.012
S08,1201,0.129617,0.000115,35.2997,0.009483,0.005425,35.2997,35.1778,35.0093
S08,1202,0.129732,0.000115,35.3066,0.00948,0.005423,35.3066,35.1709,34.9992
S08,1203,0.129847,0.000115,35.3565,0.009483,0.005424,35.3565,35.1766,34.9996
S08,1204,0.129962,0.000115,35.354,0.009503,0.005434,35.354,35.1828,34.9923
S08,1205,0.130077,0.000115,35.3429,0.009502,0.005434,35.3429,35.1793,34.9836
S08,1206,0.130192,0.000115,35.3445,0.009499,0.005432,35.3445,35.1847,34.9668
S08,1207,0.130307,0.000115,35.3734,0.0095,0.005432,35.3734,35.1867,34.9652
S08,1208,0.130422,0.000115,35.3714,0.009512,0.005438,35.3714,35.1739,34.972
S08,1209,0.130537,0.000115,35.3408,0.009512,0.005438,35.3408,35.1826,34.9642
S08,1210,0.130652,0.000115,35.3441,0.009501,0.005432,35.3441,35.1938,34.9508
S08,1211,0.130767,0.000115,35.3642,0.009503,0.005432,35.3642,35.2013,34.9596
S08,1212,0.130882,0.000115,35.3602,0.009511,0.005436,35.3602,35.2043,34.9745
S08,1213,0.130997,0.000115,35.3719,0.009511,0.005436,35.3719,35.2031,34.9559
S08,1214,0.131112,0.000115,35.3517,0.009516,0.005438,35.3517,35.2058,34.9559
S08,1215,0.131227,0.000115,35.3411,0.009509,0.005434,35.3411,35.2009,34.962
S08,1216,0.131342,0.000115,35.329,0.009506,0.005432,35.329,35.2041,34.961
S08,1217,0.131457,0.000115,35.3169,0.009502,0.005429,35.3169,35.1925,34.9586
S08,1218,0.131572,0.000115,35.3412,0.009498,0.005427,35.3412,35.2006,34.9648
S08,1219,0.131687,0.000115,35.326,0.009508,0.005432,35.326,35.2109,34.9777
S08,1220,0.131802,0.000115,35.3473,0.009503,0.005429,35.3473,35.2098,34.9765
S08,1221,0.131917,0.000115,35.3312,0.009512,0.005433,35.3312,35.2191,34.9799
S08,1222,0.132032,0.000115,35.3559,0.009506,0.00543,35.3559,35.2203,34.982
S08,1223,0.132147,0.000115,35.3882,0.009516,0.005435,35.3882,35.2193,34.9743
S08,1224,0.132262,0.000115,35.378,0.009529,0.005441,35.378,35.225,34.975
S08,1225,0.132377,0.000115,35.4074,0.009526,0.005439,35.4074,35.244,34.9708
S08,1226,0.132493,0.000115,35.4004,0.009538,0.005445,35.4004,35.2421,34.9819
S08,1227,0.132608,0.000115,35.4315,0.009536,0.005443,35.4315,35.2721,34.991
S08,1228,0.132723,0.000115,35.4431,0.009548,0.00545,35.4431,35.2859,35.0048
S08,1229,0.132838,0.000115,35.4336,0.009553,0.005452,35.4336,35.2963,35.012
S08,1230,0.132953,0.000115,35.4273,0.00955,0.00545,35.4273,35.315,35.017
S08,1231,0.133069,0.000115,35.3974,0.009549,0.005449,35.3974,35.3231,35.0194
S08,1232,0.133184,0.000115,35.4182,0.009538,0.005442,35.4182,35.346,35.0284
S08,1233,0.133299,0.000115,35.4261,0.009547,0.005447,35.4261,35.3485,35.0421
S08,1234,0.133414,0.000115,35.4015,0.00955,0.005448,35.4015,35.3339,35.0408
S08,1235,0.133529,0.000115,35.3911,0.009542,0.005443,35.3911,35.3317,35.0508
S08,1236,0.133644,0.000115,35.4192,0.009539,0.005441,35.4192,35.3181,35.0431
S08,1237,0.13376,0.000115,35.4179,0.00955,0.005447,35.4179,35.3257,35.0545
S08,1238,0.133875,0.000115,35.4052,0.00955,0.005446,35.4052,35.3208,35.0511
S08,1239,0.13399,0.000115,35.4059,0.009546,0.005444,35.4059,35.31,35.0717
S08,1240,0.134105,0.000115,35.4085,0.009547,0.005444,35.4085,35.3073,35.0678
S08,1241,0.13422,0.000115,35.3641,0.009549,0.005444,35.3641,35.3021,35.0531
S08,1242,0.134335,0.000115,35.4037,0.009533,0.005435,35.4037,35.3218,35.0547
S08,1243,0.13445,0.000115,35.3932,0.009548,0.005443,35.3932,35.3188,35.0664
S08,1244,0.134566,0.000115,35.386,0.009545,0.005441,35.386,35.3296,35.0807
S08,1245,0.134681,0.000115,35.3599,0.009543,0.00544,35.3599,35.334,35.0918
S08,1246,0.134796,0.000115,35.3807,0.009534,0.005435,35.3807,35.3311,35.1002
S08,1247,0.134911,0.000115,35.3851,0.009542,0.005439,35.3851,35.3351,35.1085
S08,1248,0.135026,0.000115,35.3867,0.009545,0.00544,35.3867,35.3164,35.1071
S08,1249,0.135141,0.000115,35.3742,0.009546,0.00544,35.3742,35.3054,35.0996
S08,1250,0.135256,0.000115,35.393,0.009542,0.005437,35.393,35.3133,35.0816
S08,1251,0.135371,0.000115,35.4064,0.00955,0.005441,35.4064,35.3024,35.0793
S08,1252,0.135486,0.000115,35.3745,0.009556,0.005444,35.3745,35.314,35.0852
S08,1253,0.135601,0.000115,35.3636,0.009544,0.005438,35.3636,35.2955,35.0892
S08,1254,0.135716,0.000115,35.3603,0.009541,0.005436,35.3603,35.2979,35.0911
S08,1255,0.135831,0.000115,35.3222,0.009541,0.005435,35.3222,35.2878,35.0949
S08,1256,0.135946,0.000115,35.3519,0.009527,0.005427,35.3519,35.2951,35.1027
S08,1257,0.136061,0.000115,35.3654,0.009539,0.005433,35.3654,35.3127,35.1042
S08,1258,0.136176,0.000115,35.3784,0.009545,0.005436,35.3784,35.3083,35.0797
S08,1259,0.136291,0.000115,35.3694,0.00955,0.005439,35.3694,35.3179,35.073
S08,1260,0.136406,0.000115,35.3647,0.009548,0.005437,35.3647,35.317,35.054
S08,1261,0.136521,0.000115,35.352,0.009547,0.005436,35.352,35.3283,35.0485
S08,1262,0.136636,0.000115,35.3607,0.009543,0.005434,35.3607,35.3073,35.0504
S08,1263,0.136751,0.000115,35.3718,0.009547,0.005436,35.3718,35.2818,35.0459
S08,1264,0.136867,0.000115,35.3337,0.009552,0.005438,35.3337,35.2763,35.0421
S08,1265,0.136981,0.000115,35.3148,0.009538,0.005431,35.3148,35.2765,35.0452
S08,1266,0.137096,0.000115,35.3254,0.009532,0.005427,35.3254,35.2762,35.0377
S08,1267,0.137211,0.000115,35.3236,0.009536,0.00543,35.3236,35.2897,35.0422
S08,1268,0.137326,0.000115,35.3122,0.009537,0.00543,35.3122,35.264,35.0359
S08,1269,0.137441,0.000115,35.3114,0.009533,0.005428,35.3114,35.2438,35.0277
S08,1270,0.137556,0.000115,35.3144,0.009533,0.005428,35.3144,35.2572,35.0409
S08,1271,0.137671,0.000115,35.3371,0.009535,0.005429,35.3371,35.2631,35.0404
S08,1272,0.137786,0.000115,35.321,0.009545,0.005433,35.321,35.2697,35.0662
S08,1273,0.137901,0.000115,35.3327,0.009539,0.005431,35.3327,35.2532,35.0721
S08,1274,0.138016,0.000115,35.321,0.009545,0.005433,35.321,35.2567,35.0549
S08,1275,0.138131,0.000115,35.3384,0.009541,0.005431,35.3384,35.2539,35.0552
S08,1276,0.138246,0.000115,35.3711,0.009548,0.005435,35.3711,35.2567,35.0678
S08,1277,0.138361,0.000115,35.3811,0.009561,0.005442,35.3811,35.2515,35.0673
S08,1278,0.138476,0.000115,35.3897,0.009566,0.005444,35.3897,35.2511,35.0872
S08,1279,0.138591,0.000115,35.373,0.00957,0.005447,35.373,35.2659,35.0907
S08,1280,0.138706,0.000115,35.3849,0.009564,0.005444,35.3849,35.2623,35.0905
S08,1281,0.138821,0.000115,35.3649,0.00957,0.005447,35.3649,35.266,35.094
S08,1282,0.138936,0.000115,35.3432,0.009563,0.005443,35.3432,35.2582,35.0943
S08,1283,0.139051,0.000115,35.335,0.009556,0.005439,35.335,35.2673,35.0941
S08,1284,0.139166,0.000115,35.3567,0.009553,0.005438,35.3567,35.2629,35.0907
S08,1285,0.139281,0.000115,35.3736,0.009562,0.005443,35.3736,35.2526,35.0937
S08,1286,0.139396,0.000115,35.3713,0.00957,0.005447,35.3713,35.2515,35.1067
S08,1287,0.139511,0.000115,35.355,0.00957,0.005447,35.355,35.2633,35.1201
S08,1288,0.139626,0.000115,35.3849,0.009564,0.005445,35.3849,35.2755,35.1086
S08,1289,0.139741,0.000115,35.3704,0.009576,0.005451,35.3704,35.2794,35.1139
S08,1290,0.139856,0.000115,35.3486,0.009572,0.005449,35.3486,35.2773,35.1154
S08,1291,0.139971,0.000115,35.3269,0.009564,0.005445,35.3269,35.2716,35.123
S08,1292,0.140086,0.000115,35.2961,0.009557,0.005442,35.2961,35.2771,35.1135
S08,1293,0.140201,0.000115,35.2895,0.009547,0.005436,35.2895,35.2721,35.1022
S08,1294,0.140316,0.000115,35.3072,0.009545,0.005436,35.3072,35.2729,35.0964
S08,1295,0.14043,0.000115,35.2687,0.009552,0.00544,35.2687,35.2876,35.1073
S08,1296,0.140545,0.000115,35.2941,0.009539,0.005433,35.2941,35.2855,35.11
S08,1297,0.14066,0.000115,35.3007,0.009549,0.005439,35.3007,35.2887,35.1077
S08,1298,0.140775,0.000115,35.313,0.009553,0.005441,35.313,35.2864,35.1067
S08,1299,0.14089,0.000115,35.3132,0.009558,0.005445,35.3132,35.2978,35.0981
S08,1300,0.141005,0.000115,35.3296,0.009559,0.005445,35.3296,35.3004,35.1092
S08,1301,0.14112,0.000115,35.3422,0.009566,0.00545,35.3422,35.3061,35.1009
S08,1302,0.141234,0.000115,35.3553,0.009572,0.005453,35.3553,35.3362,35.1045
S08,1303,0.141349,0.000115,35.339,0.009578,0.005457,35.339,35.3379,35.0965
S08,1304,0.141464,0.000115,35.3375,0.009572,0.005455,35.3375,35.3483,35.1058
S08,1305,0.141579,0.000115,35.3481,0.009573,0.005455,35.3481,35.3516,35.1112
S08,1306,0.141694,0.000115,35.3466,0.009578,0.005459,35.3466,35.3528,35.1277
S08,1307,0.141809,0.000115,35.3565,0.009578,0.005459,35.3565,35.3455,35.1265
S08,1308,0.141924,0.000115,35.3688,0.009583,0.005462,35.3688,35.3371,35.1382
S08,1309,0.142039,0.000115,35.3699,0.009588,0.005466,35.3699,35.3511,35.1447
S08,1310,0.142154,0.000115,35.3536,0.00959,0.005467,35.3536,35.3305,35.1219
S08,1311,0.142269,0.000115,35.3541,0.009585,0.005465,35.3541,35.3128,35.114
S08,1312,0.142384,0.000115,35.3269,0.009586,0.005467,35.3269,35.3093,35.105
S08,1313,0.142499,0.000115,35.3135,0.009577,0.005463,35.3135,35.3097,35.1051
S08,1314,0.142614,0.000115,35.3044,0.009573,0.005461,35.3044,35.3071,35.1195
S08,1315,0.142729,0.000115,35.3508,0.00957,0.005461,35.3508,35.3067,35.1207
S08,1316,0.142844,0.000115,35.3107,0.009589,0.005471,35.3107,35.3217,35.1302
S08,1317,0.142959,0.000115,35.3031,0.009575,0.005465,35.3031,35.3388,35.1201
S08,1318,0.143074,0.000115,35.3438,0.009573,0.005465,35.3438,35.3246,35.1107
S08,1319,0.143189,0.000115,35.3417,0.009589,0.005474,35.3417,35.3341,35.1103
S08,1320,0.143304,0.000115,35.3437,0.009589,0.005475,35.3437,35.3163,35.1033
S08,1321,0.143419,0.000115,35.3191,0.009591,0.005477,35.3191,35.3137,35.1115
S08,1322,0.143533,0.000115,35.3229,0.009583,0.005474,35.3229,35.3185,35.1236
S08,1323,0.143648,0.000115,35.2987,0.009585,0.005476,35.2987,35.3242,35.1141
S08,1324,0.143763,0.000115,35.3112,0.009577,0.005473,35.3112,35.3282,35.1007
S08,1325,0.143878,0.000115,35.367,0.009583,0.005477,35.367,35.302,35.1047
S08,1326,0.143993,0.000115,35.3577,0.009605,0.00549,35.3577,35.312,35.1184
S08,1327,0.144108,0.000115,35.3787,0.009603,0.00549,35.3787,35.3207,35.1012
S08,1328,0.144223,0.000115,35.3722,0.009612,0.005496,35.3722,35.3015,35.1216
S08,1329,0.144338,0.000115,35.3797,0.00961,0.005496,35.3797,35.2871,35.1269
S08,1330,0.144453,0.000115,35.3737,0.009614,0.005499,35.3737,35.2788,35.1015
S08,1331,0.144568,0.000115,35.3825,0.009613,0.0055,35.3825,35.2802,35.0989
S08,1332,0.144683,0.000115,35.3887,0.009617,0.005504,35.3887,35.2877,35.1036
S08,1333,0.144798,0.000115,35.388,0.009621,0.005507,35.388,35.2955,35.1257
S08,1334,0.144913,0.000115,35.3748,0.009622,0.005509,35.3748,35.2973,35.1258
S08,1335,0.145028,0.000115,35.3894,0.009618,0.005508,35.3894,35.3028,35.1292
S08,1336,0.145144,0.000115,35.3617,0.009624,0.005513,35.3617,35.3027,35.1123
S08,1337,0.145259,0.000115,35.3927,0.009615,0.005509,35.3927,35.3257,35.1221
S08,1338,0.145374,0.000115,35.4215,0.009628,0.005518,35.4215,35.3355,35.1297
S08,1339,0.145489,0.000115,35.4653,0.00964,0.005525,35.4653,35.3329,35.1101
S08,1340,0.145604,0.000115,35.4769,0.009658,0.005536,35.4769,35.319,35.0996
S08,1341,0.145719,0.000115,35.4408,0.009663,0.005541,35.4408,35.3177,35.1052
S08,1342,0.145835,0.000115,35.4326,0.009651,0.005536,35.4326,35.3123,35.1101
S08,1343,0.14595,0.000115,35.4322,0.009649,0.005536,35.4322,35.3195,35.1184
S08,1344,0.146065,0.000115,35.3884,0.00965,0.005539,35.3884,35.3306,35.1092
S08,1345,0.14618,0.000115,35.4014,0.009635,0.005532,35.4014,35.3331,35.1106
S08,1346,0.146295,0.000115,35.3814,0.009641,0.005537,35.3814,35.3243,35.1089
S08,1347,0.14641,0.000115,35.3567,0.009634,0.005535,35.3567,35.3368,35.1142
S08,1348,0.146525,0.000115,35.3849,0.009626,0.005533,35.3849,35.3297,35.0951
S08,1349,0.14664,0.000115,35.4057,0.009638,0.005541,35.4057,35.344,35.0847
S08,1350,0.146755,0.000115,35.4264,0.009647,0.005548,35.4264,35.3422,35.1001
S08,1351,0.146871,0.000115,35.4115,0.009656,0.005554,35.4115,35.3287,35.0965
S08,1352,0.146986,0.000115,35.4154,0.009652,0.005554,35.4154,35.3241,35.0925
S08,1353,0.147101,0.000115,35.3941,0.009655,0.005557,35.3941,35.3199,35.0982
S08,1354,0.147216,0.000115,35.4097,0.009648,0.005555,35.4097,35.3049,35.0847
S08,1355,0.147331,0.000115,35.397,0.009655,0.005561,35.397,35.3127,35.0859
S08,1356,0.147446,0.000115,35.4056,0.009651,0.005561,35.4056,35.3303,35.0751
S08,1357,0.147561,0.000115,35.3813,0.009656,0.005566,35.3813,35.3161,35.066
S08,1358,0.147676,0.000115,35.4012,0.009648,0.005564,35.4012,35.3019,35.0641
S08,1359,0.147791,0.000115,35.3929,0.009657,0.00557,35.3929,35.3126,35.0658
S08,1360,0.147906,0.000115,35.3869,0.009655,0.005572,35.3869,35.3021,35.0448
S08,1361,0.148022,0.000115,35.4117,0.009654,0.005573,35.4117,35.3049,35.0499
S08,1362,0.148137,0.000115,35.429,0.009665,0.005581,35.429,35.3051,35.0488
S08,1363,0.148252,0.000115,35.4375,0.009673,0.005587,35.4375,35.307,35.067
S08,1364,0.148367,0.000115,35.4169,0.009677,0.005592,35.4169,35.3121,35.0628
S08,1365,0.148482,0.000115,35.4058,0.009671,0.005591,35.4058,35.3169,35.064
S08,1366,0.148597,0.000115,35.4118,0.009668,0.005592,35.4118,35.3127,35.0621
S08,1367,0.148712,0.000115,35.4567,0.009671,0.005596,35.4567,35.3125,35.0539
S08,1368,0.148828,0.000115,35.4414,0.00969,0.005608,35.4414,35.3112,35.0458
S08,1369,0.148943,0.000115,35.4709,0.009685,0.005608,35.4709,35.3152,35.0484
S08,1370,0.149058,0.000115,35.4505,0.009698,0.005617,35.4505,35.3087,35.0649
S08,1371,0.149173,0.000115,35.4248,0.009691,0.005616,35.4248,35.3337,35.0747
S08,1372,0.149289,0.000115,35.4448,0.009683,0.005614,35.4448,35.342,35.0546
S08,1373,0.149404,0.000115,35.4436,0.009692,0.005622,35.4436,35.3478,35.0511
S08,1374,0.149519,0.000115,35.4486,0.009693,0.005625,35.4486,35.3573,35.0541
S08,1375,0.149634,0.000115,35.4699,0.009696,0.005629,35.4699,35.3731,35.0544
S08,1376,0.14975,0.000115,35.459,0.009706,0.005637,35.459,35.3686,35.0614
S08,1377,0.149865,0.000115,35.4822,0.009703,0.005638,35.4822,35.3716,35.0379
S08,1378,0.14998,0.000115,35.4937,0.009713,0.005646,35.4937,35.3558,35.0427
S08,1379,0.150095,0.000115,35.4783,0.009719,0.005652,35.4783,35.3561,35.05
S08,1380,0.150211,0.000115,35.471,0.009715,0.005652,35.471,35.3634,35.0626
S08,1381,0.150326,0.000115,35.4575,0.009713,0.005654,35.4575,35.3725,35.0666
S08,1382,0.150441,0.000115,35.4449,0.00971,0.005655,35.4449,35.3698,35.0706
S08,1383,0.150556,0.000115,35.4104,0.009706,0.005656,35.4104,35.3538,35.0834
S08,1384,0.150672,0.000115,35.4248,0.009695,0.005653,35.4248,35.3564,35.0806
S08,1385,0.150787,0.000115,35.4425,0.009702,0.005659,35.4425,35.3425,35.082
S08,1386,0.150902,0.000115,35.4415,0.00971,0.005666,35.4415,35.3453,35.0868
S08,1387,0.151017,0.000115,35.4597,0.009711,0.00567,35.4597,35.3589,35.0863
S08,1388,0.151132,0.000115,35.4766,0.009719,0.005677,35.4766,35.3628,35.0913
S08,1389,0.151248,0.000115,35.4981,0.009727,0.005684,35.4981,35.3456,35.0861
S08,1390,0.151363,0.000115,35.5159,0.009737,0.005693,35.5159,35.3394,35.0917
S08,1391,0.151479,0.000115,35.5432,0.009745,0.0057,35.5432,35.352,35.0943
S08,1392,0.151594,0.000115,35.551,0.009757,0.005709,35.551,35.3583,35.0935
S08,1393,0.15171,0.000116,35.5864,0.009761,0.005715,35.5864,35.359,35.1025
S08,1394,0.151825,0.000116,35.5975,0.009776,0.005726,35.5975,35.3637,35.0997
S08,1395,0.151941,0.000116,35.6332,0.009782,0.005732,35.6332,35.3683,35.1149
S08,1396,0.152056,0.000116,35.6395,0.009797,0.005743,35.6395,35.364,35.1041
S08,1397,0.152172,0.000116,35.6237,0.009801,0.005748,35.6237,35.3722,35.107
S08,1398,0.152288,0.000116,35.5749,0.009796,0.005749,35.5749,35.365,35.0996
S08,1399,0.152403,0.000116,35.5579,0.009779,0.005744,35.5579,35.3687,35.1111
S08,1400,0.152519,0.000116,35.5523,0.009774,0.005744,35.5523,35.3765,35.1157
S08,1401,0.152635,0.000116,35.5436,0.009774,0.005747,35.5436,35.3856,35.1098
S08,1402,0.15275,0.000115,35.5403,0.009772,0.00575,35.5403,35.4107,35.1311
S08,1403,0.152865,0.000115,35.5314,0.009772,0.005753,35.5314,35.4044,35.1315
S08,1404,0.152981,0.000115,35.5267,0.00977,0.005756,35.5267,35.3987,35.1368
S08,1405,0.153096,0.000115,35.5322,0.00977,0.005759,35.5322,35.3956,35.1401
S08,1406,0.153212,0.000115,35.5182,0.009774,0.005765,35.5182,35.3937,35.1371
S08,1407,0.153327,0.000115,35.5435,0.00977,0.005766,35.5435,35.3881,35.1523
S08,1408,0.153443,0.000115,35.5653,0.009781,0.005775,35.5653,35.3692,35.1403
S08,1409,0.153558,0.000116,35.5885,0.009791,0.005784,35.5885,35.3521,35.134
S08,1410,0.153674,0.000116,35.5601,0.009802,0.005793,35.5601,35.3629,35.1288
S08,1411,0.153789,0.000116,35.5637,0.009792,0.005792,35.5637,35.3602,35.1396
S08,1412,0.153905,0.000116,35.5864,0.009795,0.005797,35.5864,35.365,35.1373
S08,1413,0.154021,0.000116,35.576,0.009805,0.005806,35.576,35.3721,35.1417
S08,1414,0.154136,0.000116,35.5886,0.009803,0.005809,35.5886,35.3484,35.1582
S08,1415,0.154252,0.000116,35.5979,0.009809,0.005816,35.5979,35.3591,35.1604
S08,1416,0.154367,0.000116,35.5713,0.009815,0.005822,35.5713,35.3641,35.1626
S08,1417,0.154483,0.000116,35.5585,0.009806,0.005821,35.5585,35.3773,35.1659
S08,1418,0.154598,0.000116,35.556,0.009803,0.005823,35.556,35.3601,35.1609
S08,1419,0.154714,0.000116,35.5263,0.009803,0.005828,35.5263,35.3494,35.1513
S08,1420,0.154829,0.000115,35.5344,0.009794,0.005826,35.5344,35.3433,35.1502
S08,1421,0.154945,0.000115,35.5013,0.009798,0.005833,35.5013,35.3592,35.1468
S08,1422,0.15506,0.000115,35.5053,0.009787,0.005831,35.5053,35.3404,35.1565
S08,1423,0.155176,0.000115,35.5104,0.009791,0.005836,35.5104,35.3566,35.1559
S08,1424,0.155291,0.000115,35.5454,0.009794,0.005842,35.5454,35.356,35.1548
S08,1425,0.155406,0.000115,35.5456,0.009809,0.005854,35.5456,35.3603,35.1612
S08,1426,0.155522,0.000115,35.5566,0.009811,0.005859,35.5566,35.3486,35.1539
S08,1427,0.155637,0.000116,35.5482,0.009816,0.005866,35.5482,35.3535,35.1614
S08,1428,0.155753,0.000115,35.5755,0.009815,0.005869,35.5755,35.3676,35.155
S08,1429,0.155868,0.000116,35.571,0.009827,0.005879,35.571,35.3563,35.168
S08,1430,0.155984,0.000116,35.6092,0.009827,0.005883,35.6092,35.3619,35.1918
S08,1431,0.1561,0.000116,35.606,0.009843,0.005896,35.606,35.356,35.1847
S08,1432,0.156215,0.000116,35.5946,0.009843,0.0059,35.5946,35.3777,35.2002
S08,1433,0.156331,0.000116,35.5741,0.009841,0.005903,35.5741,35.3852,35.2099
S08,1434,0.156446,0.000116,35.5747,0.009834,0.005903,35.5747,35.3725,35.2199
S08,1435,0.156562,0.000116,35.5792,0.009836,0.005909,35.5792,35.3868,35.2216
S08,1436,0.156678,0.000116,35.5634,0.00984,0.005914,35.5634,35.3775,35.2157
S08,1437,0.156793,0.000116,35.5397,0.009835,0.005916,35.5397,35.3592,35.2082
S08,1438,0.156909,0.000115,35.5968,0.009828,0.005917,35.5968,35.3781,35.2135
S08,1439,0.157024,0.000116,35.6027,0.009851,0.005933,35.6027,35.3873,35.2288
S08,1440,0.15714,0.000116,35.6177,0.009855,0.005939,35.6177,35.3779,35.2258
